url_length,https,subdomain_count,has_ip,hyphen_count,label
26,1,1,0,0,0
24,1,1,0,0,0
23,1,1,0,0,0
24,1,1,0,0,0
20,1,2,0,0,0
20,1,1,0,0,0
19,1,1,0,0,0
18,1,1,0,0,0
16,1,1,0,0,0
21,1,1,0,0,0
16,1,1,0,0,0
18,1,1,0,0,0
21,1,1,0,0,0
25,1,1,0,0,0
21,1,1,0,0,0
15,1,1,0,0,0
21,1,1,0,0,0
25,1,2,0,0,0
26,1,1,0,0,0
17,1,1,0,0,0
22,1,2,0,0,0
21,1,1,0,0,0
22,1,1,0,0,0
19,1,1,0,0,0
23,1,2,0,0,0
21,1,1,0,0,0
17,1,1,0,0,0
17,1,1,0,0,0
22,1,1,0,1,0
25,1,1,0,0,0
18,1,1,0,0,0
19,1,1,0,0,0
20,1,1,0,0,0
26,1,2,0,0,0
28,1,1,0,0,0
20,1,1,0,0,0
33,1,1,0,0,0
14,1,1,0,0,0
21,1,1,0,0,0
25,1,1,0,1,0
17,1,1,0,0,0
22,1,1,0,0,0
27,1,1,0,0,0
25,1,1,0,0,0
26,1,1,0,0,0
22,1,1,0,0,0
14,1,1,0,0,0
20,1,1,0,0,0
17,1,1,0,0,0
21,1,1,0,0,0
19,1,1,0,0,0
19,1,2,0,0,0
16,1,1,0,0,0
19,1,1,0,0,0
23,1,1,0,0,0
16,1,1,0,0,0
24,1,1,0,1,0
16,1,1,0,0,0
23,1,1,0,0,0
23,1,1,0,1,0
22,1,1,0,0,0
23,1,1,0,1,0
25,1,1,0,1,0
14,1,1,0,0,0
21,1,1,0,0,0
21,1,1,0,0,0
22,1,1,0,0,0
26,1,1,0,0,0
14,1,1,0,0,0
20,1,1,0,1,0
20,1,1,0,0,0
24,1,1,0,1,0
18,1,1,0,0,0
17,1,1,0,0,0
19,1,1,0,0,0
26,1,1,0,0,0
20,1,1,0,0,0
17,1,1,0,0,0
22,1,1,0,0,0
16,1,1,0,0,0
26,1,1,0,1,0
19,1,1,0,0,0
18,1,1,0,0,0
24,1,1,0,1,0
14,1,1,0,0,0
18,1,1,0,0,0
21,1,1,0,0,0
19,1,1,0,0,0
24,1,1,0,0,0
27,1,1,0,0,0
29,1,1,0,0,0
19,1,1,0,0,0
15,1,1,0,0,0
22,1,1,0,0,0
33,1,1,0,1,0
23,1,1,0,0,0
24,1,1,0,0,0
20,1,1,0,0,0
20,1,2,0,0,0
19,1,1,0,0,0
28,1,1,0,0,0
24,1,1,0,1,0
19,1,1,0,0,0
26,1,2,0,0,0
17,1,1,0,0,0
16,1,1,0,0,0
30,1,1,0,0,0
34,1,1,0,0,0
20,1,1,0,0,0
16,1,1,0,0,0
26,1,1,0,0,0
22,1,1,0,0,0
20,1,1,0,0,0
19,1,1,0,0,0
19,1,1,0,0,0
26,1,1,0,0,0
20,1,1,0,0,0
21,1,1,0,0,0
18,1,1,0,0,0
20,1,1,0,0,0
16,1,1,0,0,0
25,1,1,0,1,0
27,1,2,0,1,0
38,1,1,0,0,0
20,1,2,0,0,0
18,1,2,0,0,0
22,1,1,0,0,0
25,1,1,0,1,0
21,1,1,0,0,0
25,1,1,0,1,0
15,1,1,0,0,0
18,1,2,0,0,0
20,1,1,0,0,0
18,1,1,0,0,0
22,1,1,0,0,0
23,1,2,0,0,0
18,1,2,0,0,0
23,1,1,0,0,0
21,1,2,0,0,0
23,1,1,0,1,0
24,1,1,0,0,0
16,1,1,0,0,0
17,1,1,0,0,0
25,1,1,0,0,0
19,1,1,0,0,0
16,1,1,0,0,0
17,1,1,0,0,0
26,1,1,0,0,0
25,1,1,0,1,0
24,1,1,0,0,0
19,1,1,0,0,0
26,1,1,0,0,0
17,1,2,0,1,0
21,1,1,0,0,0
32,1,1,0,0,0
18,1,1,0,1,0
18,1,1,0,0,0
14,1,1,0,0,0
23,1,1,0,0,0
15,1,1,0,0,0
21,1,1,0,0,0
18,1,1,0,0,0
17,1,2,0,0,0
22,1,2,0,0,0
23,1,1,0,0,0
22,1,2,0,0,0
21,1,1,0,0,0
18,1,1,0,0,0
24,1,1,0,0,0
20,1,1,0,0,0
20,1,1,0,0,0
20,1,1,0,0,0
17,1,1,0,0,0
23,1,1,0,0,0
19,1,1,0,0,0
17,1,1,0,0,0
24,1,2,0,0,0
23,1,1,0,0,0
22,1,2,0,0,0
32,1,1,0,0,0
16,1,1,0,0,0
21,1,1,0,0,0
17,1,2,0,0,0
14,1,1,0,0,0
21,1,1,0,0,0
21,1,1,0,0,0
16,1,1,0,0,0
23,1,1,0,0,0
26,1,1,0,0,0
19,1,1,0,0,0
14,1,1,0,0,0
28,1,1,0,0,0
22,1,1,0,0,0
21,1,1,0,0,0
16,1,1,0,0,0
19,1,1,0,1,0
17,1,1,0,0,0
22,1,1,0,0,0
16,1,1,0,0,0
19,1,1,0,0,0
16,1,1,0,0,0
23,1,1,0,0,0
30,1,1,0,1,0
15,1,1,0,0,0
18,1,1,0,0,0
23,1,1,0,1,0
23,1,1,0,0,0
21,1,2,0,0,0
21,1,1,0,0,0
24,1,1,0,0,0
25,1,2,0,1,0
21,1,1,0,0,0
20,1,1,0,0,0
14,1,1,0,0,0
21,1,1,0,0,0
22,1,1,0,0,0
22,1,1,0,0,0
22,1,1,0,1,0
17,1,1,0,0,0
18,1,1,0,0,0
23,1,2,0,0,0
21,1,1,0,0,0
17,1,1,0,0,0
16,1,1,0,0,0
19,1,1,0,0,0
19,1,1,0,0,0
16,1,1,0,0,0
18,1,1,0,0,0
24,1,1,0,0,0
18,1,1,0,0,0
23,1,1,0,0,0
23,1,1,0,0,0
20,1,1,0,0,0
28,1,1,0,0,0
24,1,1,0,1,0
23,1,1,0,0,0
25,1,1,0,0,0
23,1,1,0,0,0
20,1,1,0,0,0
21,1,1,0,0,0
21,1,1,0,1,0
23,1,1,0,0,0
21,1,1,0,0,0
14,1,1,0,0,0
16,1,1,0,0,0
21,1,1,0,0,0
20,1,1,0,0,0
19,1,1,0,0,0
25,1,2,0,0,0
26,1,1,0,0,0
21,1,1,0,0,0
18,1,1,0,0,0
17,1,2,0,0,0
16,1,1,0,0,0
25,1,1,0,0,0
27,1,1,0,2,0
17,1,1,0,0,0
21,1,2,0,0,0
22,1,1,0,1,0
18,1,1,0,0,0
22,1,1,0,0,0
20,1,1,0,0,0
21,1,1,0,1,0
26,1,1,0,0,0
19,1,2,0,0,0
30,1,1,0,0,0
21,1,1,0,0,0
21,1,1,0,0,0
36,1,1,0,1,0
18,1,1,0,0,0
20,1,2,0,0,0
21,1,1,0,0,0
21,1,1,0,0,0
23,1,1,0,0,0
30,1,1,0,1,0
18,1,1,0,0,0
15,1,1,0,0,0
21,1,2,0,0,0
33,1,1,0,2,0
18,1,1,0,0,0
23,1,1,0,0,0
22,1,1,0,0,0
18,1,1,0,0,0
18,1,1,0,0,0
26,1,1,0,0,0
20,1,1,0,0,0
15,1,1,0,0,0
16,1,1,0,0,0
14,1,1,0,0,0
19,1,2,0,0,0
26,1,2,0,0,0
22,1,1,0,0,0
25,1,1,0,0,0
24,1,1,0,0,0
15,1,1,0,0,0
18,1,1,0,0,0
24,1,1,0,0,0
17,1,1,0,0,0
25,1,1,0,0,0
19,1,2,0,0,0
23,1,1,0,0,0
17,1,1,0,0,0
19,1,1,0,0,0
20,1,1,0,0,0
22,1,1,0,0,0
26,1,1,0,0,0
16,1,1,0,0,0
25,1,1,0,0,0
20,1,1,0,0,0
21,1,1,0,0,0
29,1,1,0,0,0
25,1,1,0,0,0
28,1,1,0,0,0
19,1,1,0,0,0
25,1,1,0,1,0
28,1,1,0,0,0
20,1,1,0,0,0
23,1,1,0,0,0
17,1,1,0,0,0
17,1,1,0,0,0
30,1,1,0,0,0
21,1,1,0,0,0
28,1,1,0,0,0
14,1,1,0,0,0
25,1,2,0,0,0
26,1,1,0,0,0
19,1,1,0,0,0
15,1,1,0,0,0
17,1,1,0,0,0
14,1,1,0,0,0
25,1,1,0,1,0
18,1,2,0,0,0
17,1,1,0,0,0
33,1,1,0,0,0
17,1,1,0,0,0
24,1,1,0,0,0
35,1,1,0,0,0
27,1,1,0,0,0
28,1,1,0,0,0
20,1,1,0,0,0
18,1,2,0,0,0
18,1,1,0,0,0
23,1,1,0,0,0
23,1,1,0,0,0
22,1,1,0,0,0
16,1,1,0,0,0
15,1,1,0,0,0
23,1,1,0,0,0
29,1,1,0,0,0
24,1,1,0,0,0
20,1,1,0,0,0
18,1,1,0,0,0
21,1,1,0,1,0
16,1,1,0,0,0
28,1,1,0,0,0
18,1,1,0,0,0
23,1,1,0,0,0
17,1,1,0,0,0
19,1,1,0,0,0
22,1,1,0,0,0
16,1,1,0,0,0
25,1,1,0,0,0
20,1,1,0,1,0
25,1,1,0,0,0
25,1,1,0,0,0
17,1,1,0,0,0
19,1,1,0,0,0
21,1,1,0,0,0
25,1,1,0,0,0
24,1,1,0,1,0
19,1,2,0,0,0
17,1,1,0,0,0
21,1,1,0,0,0
22,1,1,0,0,0
18,1,1,0,0,0
26,1,1,0,0,0
23,1,1,0,0,0
20,1,1,0,0,0
22,1,2,0,0,0
21,1,1,0,0,0
21,1,1,0,0,0
18,1,1,0,0,0
22,1,1,0,0,0
23,1,1,0,0,0
22,1,1,0,0,0
22,1,2,0,0,0
30,1,2,0,0,0
29,1,1,0,0,0
28,1,1,0,0,0
23,1,1,0,0,0
17,1,1,0,0,0
24,1,2,0,0,0
32,1,1,0,1,0
21,1,2,0,0,0
19,1,1,0,0,0
22,1,1,0,0,0
26,1,1,0,0,0
20,1,1,0,0,0
19,1,1,0,0,0
30,1,1,0,1,0
22,1,1,0,0,0
22,1,1,0,0,0
24,1,1,0,1,0
18,1,1,0,0,0
20,1,1,0,0,0
26,1,1,0,0,0
18,1,1,0,2,0
26,1,2,0,0,0
14,1,1,0,0,0
23,1,1,0,0,0
18,1,1,0,0,0
36,1,1,0,0,0
30,1,1,0,0,0
23,1,1,0,1,0
17,1,1,0,0,0
21,1,1,0,0,0
21,1,1,0,0,0
26,1,1,0,0,0
20,1,1,0,0,0
23,1,1,0,0,0
23,1,1,0,0,0
19,1,1,0,0,0
15,1,1,0,0,0
14,1,1,0,0,0
22,1,1,0,0,0
16,1,1,0,0,0
21,1,1,0,0,0
23,1,1,0,0,0
22,1,1,0,0,0
21,1,1,0,0,0
26,1,1,0,0,0
21,1,1,0,0,0
17,1,1,0,0,0
23,1,2,0,0,0
22,1,1,0,0,0
25,1,1,0,0,0
29,1,1,0,0,0
19,1,1,0,0,0
29,1,1,0,0,0
20,1,1,0,0,0
18,1,1,0,0,0
18,1,1,0,0,0
18,1,1,0,0,0
23,1,2,0,0,0
33,1,1,0,0,0
17,1,1,0,0,0
23,1,1,0,0,0
20,1,1,0,0,0
21,1,1,0,0,0
18,1,2,0,0,0
27,1,2,0,0,0
20,1,2,0,0,0
18,1,1,0,0,0
17,1,1,0,0,0
18,1,1,0,0,0
21,1,1,0,0,0
23,1,1,0,0,0
17,1,1,0,0,0
24,1,1,0,0,0
18,1,1,0,0,0
25,1,1,0,1,0
29,1,1,0,0,0
21,1,1,0,0,0
23,1,1,0,0,0
15,1,1,0,0,0
28,1,1,0,0,0
20,1,1,0,0,0
20,1,1,0,0,0
17,1,2,0,0,0
26,1,1,0,0,0
17,1,1,0,0,0
14,1,1,0,0,0
16,1,1,0,0,0
21,1,1,0,0,0
20,1,1,0,0,0
16,1,1,0,0,0
18,1,1,0,0,0
23,1,1,0,1,0
16,1,1,0,0,0
14,1,1,0,0,0
18,1,1,0,0,0
27,1,1,0,0,0
17,1,1,0,0,0
15,1,1,0,0,0
19,1,1,0,0,0
13,1,1,0,0,0
24,1,1,0,0,0
15,1,1,0,0,0
26,1,1,0,0,0
23,1,1,0,0,0
21,1,1,0,0,0
19,1,1,0,0,0
25,1,1,0,0,0
21,1,1,0,0,0
21,1,1,0,0,0
20,1,1,0,1,0
22,1,2,0,0,0
18,1,1,0,0,0
21,1,1,0,0,0
21,1,1,0,0,0
16,1,1,0,0,0
18,1,1,0,0,0
22,1,1,0,0,0
28,1,1,0,0,0
21,1,1,0,0,0
22,1,1,0,0,0
25,1,1,0,0,0
23,1,1,0,0,0
20,1,1,0,0,0
23,1,1,0,0,0
14,1,1,0,0,0
27,1,3,0,0,0
25,1,1,0,0,0
24,1,1,0,0,0
20,1,1,0,0,0
26,1,1,0,0,0
21,1,1,0,0,0
24,1,1,0,1,0
27,1,1,0,1,0
22,1,1,0,0,0
29,1,2,0,0,0
22,1,1,0,0,0
19,1,1,0,0,0
17,1,1,0,0,0
20,1,1,0,0,0
24,1,1,0,0,0
25,1,2,0,0,0
27,1,1,0,0,0
23,1,1,0,0,0
23,1,1,0,0,0
21,1,1,0,1,0
26,1,1,0,0,0
22,1,1,0,1,0
19,1,1,0,0,0
24,1,2,0,1,0
19,1,2,0,0,0
20,1,1,0,0,0
22,1,1,0,1,0
17,1,1,0,0,0
29,1,1,0,0,0
19,1,1,0,0,0
24,1,1,0,0,0
20,1,1,0,1,0
20,1,1,0,0,0
19,1,1,0,0,0
24,1,1,0,0,0
20,1,1,0,0,0
33,1,1,0,0,0
31,1,1,0,0,0
15,1,1,0,0,0
18,1,1,0,0,0
20,1,1,0,0,0
21,1,1,0,0,0
27,1,1,0,1,0
25,1,1,0,0,0
18,1,1,0,0,0
27,1,1,0,0,0
29,1,1,0,0,0
22,1,1,0,0,0
23,1,2,0,0,0
18,1,1,0,0,0
22,1,1,0,1,0
24,1,1,0,0,0
23,1,1,0,0,0
23,1,1,0,0,0
17,1,1,0,0,0
23,1,2,0,0,0
22,1,1,0,0,0
23,1,1,0,1,0
15,1,1,0,0,0
20,1,2,0,0,0
30,1,1,0,0,0
19,1,1,0,0,0
20,1,1,0,0,0
18,1,1,0,0,0
21,1,1,0,0,0
35,1,1,0,0,0
29,1,1,0,0,0
16,1,1,0,0,0
19,1,2,0,0,0
34,1,1,0,0,0
30,1,1,0,0,0
27,1,1,0,0,0
13,1,1,0,0,0
18,1,1,0,0,0
23,1,1,0,0,0
18,1,2,0,0,0
21,1,1,0,0,0
18,1,1,0,0,0
21,1,1,0,0,0
18,1,1,0,0,0
19,1,1,0,0,0
20,1,1,0,0,0
19,1,2,0,0,0
27,1,1,0,0,0
23,1,1,0,0,0
17,1,1,0,0,0
25,1,1,0,0,0
16,1,1,0,0,0
20,1,1,0,0,0
19,1,2,0,0,0
18,1,2,0,0,0
28,1,1,0,0,0
17,1,1,0,0,0
20,1,1,0,0,0
20,1,1,0,0,0
20,1,2,0,0,0
31,1,1,0,2,0
14,1,1,0,0,0
21,1,1,0,0,0
14,1,1,0,0,0
19,1,1,0,0,0
24,1,1,0,0,0
20,1,1,0,1,0
24,1,1,0,0,0
21,1,1,0,0,0
21,1,1,0,0,0
15,1,1,0,0,0
18,1,1,0,0,0
20,1,2,0,0,0
19,1,1,0,0,0
28,1,1,0,0,0
27,1,1,0,0,0
23,1,1,0,0,0
20,1,1,0,0,0
23,1,1,0,0,0
24,1,1,0,0,0
20,1,1,0,0,0
19,1,1,0,1,0
29,1,1,0,0,0
22,1,1,0,0,0
23,1,1,0,1,0
19,1,1,0,0,0
18,1,1,0,0,0
21,1,2,0,0,0
18,1,1,0,0,0
19,1,1,0,0,0
21,1,2,0,1,0
20,1,1,0,0,0
23,1,1,0,0,0
20,1,1,0,0,0
28,1,1,0,1,0
23,1,1,0,0,0
19,1,1,0,0,0
20,1,1,0,0,0
22,1,1,0,0,0
24,1,1,0,1,0
18,1,1,0,0,0
17,1,1,0,0,0
19,1,1,0,0,0
18,1,1,0,0,0
25,1,1,0,0,0
22,1,1,0,0,0
22,1,1,0,0,0
19,1,1,0,0,0
20,1,1,0,0,0
23,1,1,0,0,0
16,1,1,0,0,0
21,1,1,0,0,0
26,1,2,0,0,0
21,1,1,0,0,0
18,1,1,0,0,0
23,1,1,0,0,0
20,1,1,0,0,0
18,1,1,0,0,0
31,1,1,0,0,0
20,1,1,0,0,0
19,1,1,0,0,0
16,1,1,0,0,0
21,1,1,0,0,0
26,1,1,0,0,0
21,1,1,0,0,0
25,1,1,0,0,0
21,1,1,0,1,0
17,1,1,0,0,0
17,1,1,0,0,0
38,1,1,0,0,0
25,1,1,0,0,0
22,1,1,0,0,0
21,1,1,0,0,0
18,1,1,0,0,0
22,1,2,0,0,0
26,1,2,0,0,0
26,1,1,0,0,0
24,1,1,0,0,0
20,1,1,0,0,0
34,1,1,0,0,0
18,1,1,0,0,0
18,1,1,0,0,0
24,1,1,0,0,0
14,1,1,0,0,0
21,1,1,0,0,0
24,1,1,0,0,0
23,1,2,0,0,0
26,1,1,0,0,0
25,1,1,0,0,0
27,1,1,0,0,0
23,1,1,0,0,0
21,1,1,0,0,0
19,1,1,0,0,0
20,1,1,0,0,0
23,1,1,0,0,0
19,1,1,0,0,0
19,1,1,0,0,0
23,1,1,0,1,0
18,1,1,0,0,0
28,1,1,0,1,0
18,1,1,0,0,0
22,1,1,0,0,0
18,1,1,0,0,0
22,1,1,0,0,0
20,1,1,0,0,0
35,1,2,0,1,0
20,1,1,0,0,0
27,1,1,0,0,0
19,1,2,0,0,0
23,1,1,0,0,0
22,1,1,0,0,0
20,1,1,0,0,0
16,1,1,0,0,0
19,1,1,0,0,0
26,1,1,0,0,0
18,1,1,0,1,0
23,1,1,0,1,0
24,1,1,0,0,0
21,1,1,0,0,0
25,1,1,0,0,0
20,1,1,0,0,0
14,1,1,0,0,0
18,1,1,0,0,0
20,1,1,0,0,0
31,1,1,0,0,0
22,1,1,0,1,0
31,1,1,0,1,0
18,1,1,0,0,0
17,1,1,0,0,0
28,1,1,0,0,0
24,1,1,0,0,0
31,1,1,0,0,0
26,1,1,0,1,0
22,1,1,0,0,0
21,1,1,0,0,0
19,1,1,0,0,0
22,1,1,0,0,0
28,1,1,0,0,0
17,1,1,0,0,0
19,1,1,0,0,0
25,1,1,0,0,0
26,1,2,0,0,0
23,1,1,0,1,0
22,1,1,0,0,0
17,1,1,0,0,0
29,1,1,0,0,0
21,1,1,0,0,0
22,1,1,0,0,0
21,1,2,0,0,0
18,1,1,0,1,0
15,1,1,0,0,0
23,1,1,0,0,0
20,1,1,0,0,0
19,1,1,0,0,0
20,1,1,0,0,0
22,1,1,0,0,0
18,1,1,0,0,0
21,1,1,0,1,0
29,1,1,0,0,0
20,1,1,0,0,0
24,1,1,0,1,0
19,1,1,0,0,0
20,1,1,0,0,0
19,1,1,0,0,0
24,1,1,0,0,0
26,1,1,0,0,0
19,1,1,0,0,0
25,1,1,0,0,0
17,1,1,0,0,0
26,1,1,0,0,0
25,1,1,0,0,0
30,1,1,0,0,0
18,1,1,0,0,0
22,1,1,0,0,0
18,1,1,0,0,0
18,1,1,0,0,0
32,1,1,0,0,0
19,1,1,0,0,0
17,1,1,0,0,0
19,1,1,0,0,0
18,1,1,0,0,0
23,1,1,0,0,0
28,1,1,0,1,0
27,1,1,0,0,0
30,1,1,0,0,0
22,1,1,0,0,0
19,1,1,0,0,0
21,1,1,0,0,0
25,1,2,0,0,0
17,1,1,0,0,0
18,1,1,0,0,0
14,1,1,0,0,0
20,1,1,0,0,0
14,1,1,0,0,0
23,1,1,0,0,0
22,1,1,0,0,0
22,1,1,0,0,0
22,1,1,0,0,0
21,1,1,0,0,0
28,1,1,0,0,0
26,1,2,0,0,0
22,1,1,0,0,0
22,1,1,0,0,0
28,1,1,0,0,0
31,1,1,0,0,0
24,1,2,0,0,0
18,1,1,0,0,0
18,1,1,0,0,0
24,1,1,0,1,0
19,1,1,0,0,0
21,1,1,0,0,0
24,1,1,0,0,0
19,1,1,0,0,0
18,1,2,0,0,0
15,1,1,0,0,0
23,1,1,0,0,0
18,1,1,0,0,0
20,1,1,0,0,0
20,1,1,0,0,0
18,1,1,0,0,0
24,1,1,0,0,0
20,1,2,0,0,0
23,1,1,0,0,0
17,1,2,0,0,0
21,1,1,0,0,0
18,1,1,0,0,0
18,1,2,0,0,0
20,1,2,0,0,0
21,1,1,0,0,0
23,1,1,0,0,0
26,1,1,0,0,0
21,1,1,0,0,0
18,1,1,0,0,0
20,1,1,0,0,0
19,1,1,0,0,0
20,1,1,0,0,0
26,1,1,0,0,0
22,1,1,0,0,0
22,1,1,0,0,0
25,1,1,0,0,0
22,1,1,0,0,0
24,1,1,0,0,0
18,1,1,0,0,0
22,1,1,0,0,0
22,1,1,0,0,0
17,1,1,0,1,0
25,1,1,0,0,0
26,1,1,0,0,0
18,1,1,0,0,0
24,1,1,0,1,0
20,1,1,0,1,0
20,1,1,0,1,0
29,1,1,0,1,0
24,1,1,0,1,0
21,1,1,0,0,0
16,1,1,0,0,0
28,1,1,0,0,0
23,1,1,0,0,0
20,1,1,0,0,0
18,1,1,0,0,0
18,1,1,0,0,0
25,1,2,0,0,0
19,1,2,0,0,0
20,1,1,0,0,0
22,1,2,0,1,0
27,1,1,0,0,0
19,1,2,0,0,0
16,1,1,0,0,0
21,1,1,0,0,0
27,1,1,0,0,0
18,1,1,0,0,0
26,1,1,0,0,0
22,1,1,0,0,0
17,1,1,0,0,0
22,1,1,0,0,0
22,1,1,0,0,0
28,1,2,0,0,0
15,1,1,0,0,0
22,1,1,0,0,0
20,1,1,0,0,0
34,1,1,0,0,0
25,1,1,0,3,0
19,1,1,0,0,0
21,1,1,0,0,0
31,1,2,0,0,0
21,1,1,0,0,0
18,1,1,0,0,0
26,1,1,0,0,0
22,1,1,0,0,0
25,1,1,0,0,0
23,1,1,0,1,0
18,1,1,0,0,0
21,1,1,0,0,0
30,1,1,0,0,0
19,1,1,0,0,0
23,1,1,0,0,0
18,1,1,0,1,0
17,1,1,0,0,0
21,1,1,0,2,0
16,1,1,0,0,0
25,1,1,0,0,0
16,1,1,0,0,0
25,1,1,0,0,0
39,1,1,0,0,0
28,1,1,0,0,0
23,1,1,0,0,0
33,1,1,0,0,0
22,1,1,0,0,0
20,1,1,0,0,0
21,1,1,0,0,0
27,1,1,0,0,0
20,1,1,0,0,0
19,1,1,0,0,0
25,1,1,0,0,0
17,1,1,0,0,0
19,1,1,0,0,0
19,1,1,0,0,0
16,1,1,0,0,0
19,1,1,0,0,0
14,1,1,0,0,0
25,1,1,0,0,0
24,1,1,0,0,0
18,1,1,0,0,0
24,1,1,0,0,0
27,1,2,0,0,0
20,1,1,0,0,0
19,1,1,0,0,0
25,1,1,0,0,0
25,1,1,0,0,0
19,1,2,0,1,0
21,1,1,0,0,0
20,1,1,0,0,0
17,1,1,0,0,0
24,1,1,0,0,0
26,1,1,0,0,0
18,1,1,0,0,0
23,1,1,0,0,0
17,1,1,0,0,0
21,1,1,0,0,0
25,1,1,0,0,0
23,1,1,0,0,0
24,1,1,0,0,0
25,1,1,0,0,0
31,1,2,0,0,0
26,1,1,0,0,0
20,1,1,0,0,0
20,1,1,0,0,0
27,1,1,0,0,0
21,1,1,0,0,0
29,1,1,0,0,0
22,1,1,0,0,0
16,1,1,0,0,0
28,1,2,0,0,0
19,1,2,0,0,0
19,1,1,0,1,0
21,1,1,0,0,0
29,1,1,0,0,0
26,1,1,0,1,0
29,1,2,0,0,0
21,1,1,0,1,0
19,1,2,0,0,0
24,1,1,0,0,0
27,1,1,0,0,0
25,1,1,0,0,0
19,1,1,0,0,0
19,1,1,0,0,0
22,1,1,0,0,0
25,1,1,0,0,0
23,1,1,0,0,0
17,1,1,0,0,0
23,1,1,0,0,0
28,1,1,0,0,0
15,1,1,0,0,0
21,1,1,0,0,0
19,1,1,0,0,0
17,1,1,0,0,0
24,1,1,0,0,0
20,1,1,0,0,0
19,1,1,0,0,0
28,1,1,0,0,0
16,1,1,0,0,0
22,1,1,0,0,0
19,1,1,0,0,0
20,1,1,0,0,0
20,1,1,0,0,0
22,1,1,0,0,0
19,1,1,0,0,0
13,1,1,0,0,0
24,1,1,0,0,0
17,1,1,0,1,0
20,1,1,0,0,0
21,1,1,0,0,0
24,1,1,0,0,0
23,1,1,0,0,0
31,1,1,0,1,0
15,1,1,0,0,0
28,1,1,0,0,0
20,1,1,0,0,0
25,1,1,0,0,0
23,1,1,0,0,0
21,1,1,0,0,0
18,1,1,0,0,0
23,1,1,0,0,0
19,1,1,0,0,0
19,1,1,0,0,0
17,1,1,0,0,0
17,1,1,0,0,0
19,1,1,0,0,0
20,1,1,0,0,0
25,1,1,0,0,0
24,1,1,0,0,0
25,1,1,0,0,0
27,1,1,0,0,0
19,1,1,0,0,0
24,1,1,0,0,0
31,1,2,0,1,0
24,1,1,0,0,0
17,1,2,0,0,0
17,1,1,0,0,0
21,1,2,0,0,0
19,1,1,0,1,0
17,1,1,0,0,0
18,1,1,0,0,0
17,1,1,0,0,0
23,1,1,0,0,0
26,1,2,0,1,0
21,1,1,0,0,0
24,1,1,0,0,0
19,1,1,0,0,0
17,1,1,0,0,0
32,1,1,0,0,0
20,1,1,0,0,0
15,1,1,0,0,0
22,1,1,0,0,0
14,1,1,0,0,0
21,1,1,0,0,0
20,1,1,0,1,0
25,1,1,0,0,0
26,1,1,0,0,0
18,1,1,0,0,0
22,1,1,0,0,0
15,1,1,0,0,0
22,1,1,0,0,0
29,1,2,0,0,0
20,1,2,0,0,0
22,1,1,0,0,0
15,1,1,0,0,0
25,1,1,0,1,0
26,1,1,0,0,0
33,1,1,0,0,0
28,1,1,0,0,0
14,1,1,0,0,0
17,1,1,0,0,0
18,1,1,0,0,0
23,1,1,0,0,0
28,1,2,0,0,0
19,1,1,0,0,0
28,1,1,0,0,0
22,1,1,0,0,0
21,1,1,0,0,0
18,1,2,0,0,0
29,1,1,0,0,0
19,1,1,0,0,0
27,1,1,0,0,0
15,1,1,0,0,0
26,1,1,0,0,0
16,1,1,0,0,0
16,1,1,0,0,0
17,1,1,0,0,0
23,1,1,0,0,0
24,1,1,0,1,0
21,1,1,0,0,0
19,1,1,0,0,0
16,1,1,0,0,0
28,1,1,0,0,0
25,1,1,0,0,0
20,1,1,0,0,0
19,1,1,0,0,0
24,1,1,0,0,0
20,1,1,0,0,0
24,1,1,0,1,0
26,1,1,0,1,0
22,1,1,0,0,0
17,1,1,0,0,0
30,1,2,0,0,0
24,1,1,0,1,0
16,1,1,0,0,0
25,1,1,0,0,0
21,1,1,0,0,0
22,1,1,0,0,0
29,1,2,0,0,0
21,1,1,0,0,0
22,1,2,0,0,0
23,1,1,0,1,0
18,1,1,0,0,0
18,1,1,0,0,0
17,1,1,0,0,0
21,1,1,0,0,0
20,1,1,0,0,0
20,1,2,0,0,0
16,1,1,0,0,0
26,1,2,0,0,0
19,1,1,0,0,0
30,1,1,0,0,0
24,1,1,0,0,0
20,1,1,0,0,0
23,1,1,0,1,0
20,1,1,0,0,0
34,1,2,0,0,0
16,1,1,0,0,0
20,1,1,0,0,0
16,1,1,0,0,0
17,1,1,0,0,0
16,1,1,0,0,0
19,1,1,0,0,0
24,1,1,0,0,0
25,1,1,0,0,0
20,1,1,0,0,0
19,1,1,0,0,0
19,1,2,0,0,0
20,1,1,0,0,0
25,1,1,0,0,0
17,1,1,0,0,0
19,1,1,0,0,0
22,1,1,0,0,0
23,1,1,0,0,0
22,1,1,0,0,0
35,1,2,0,0,0
19,1,1,0,0,0
21,1,1,0,0,0
23,1,2,0,0,0
20,1,1,0,0,0
18,1,1,0,1,0
21,1,2,0,0,0
24,1,3,0,0,0
18,1,1,0,0,0
23,1,1,0,0,0
15,1,1,0,0,0
19,1,1,0,0,0
34,1,1,0,0,0
20,1,1,0,0,0
21,1,1,0,0,0
21,1,1,0,0,0
24,1,1,0,0,0
18,1,1,0,0,0
29,1,1,0,1,0
21,1,1,0,0,0
14,1,1,0,0,0
21,1,1,0,0,0
20,1,1,0,0,0
30,1,2,0,0,0
18,1,1,0,0,0
16,1,1,0,0,0
23,1,1,0,0,0
20,1,1,0,0,0
19,1,1,0,0,0
22,1,1,0,0,0
20,1,1,0,0,0
24,1,1,0,0,0
20,1,1,0,0,0
24,1,1,0,0,0
19,1,1,0,0,0
17,1,1,0,0,0
21,1,1,0,0,0
26,1,1,0,0,0
21,1,1,0,0,0
24,1,1,0,1,0
21,1,1,0,0,0
23,1,1,0,1,0
24,1,1,0,0,0
26,1,1,0,0,0
21,1,1,0,0,0
18,1,1,0,0,0
19,1,1,0,0,0
17,1,1,0,0,0
19,1,1,0,0,0
18,1,1,0,0,0
32,1,1,0,0,0
27,1,1,0,0,0
19,1,1,0,0,0
17,1,1,0,0,0
22,1,1,0,0,0
24,1,1,0,0,0
22,1,1,0,0,0
19,1,1,0,0,0
29,1,1,0,0,0
24,1,1,0,0,0
24,1,1,0,0,0
20,1,1,0,0,0
22,1,1,0,1,0
25,1,1,0,0,0
20,1,2,0,0,0
19,1,1,0,0,0
22,1,1,0,0,0
27,1,1,0,0,0
19,1,1,0,1,0
26,1,1,0,0,0
20,1,1,0,0,0
23,1,1,0,0,0
29,1,1,0,0,0
25,1,1,0,1,0
19,1,1,0,0,0
25,1,1,0,0,0
27,1,1,0,0,0
19,1,1,0,0,0
18,1,1,0,0,0
25,1,2,0,0,0
24,1,1,0,0,0
15,1,1,0,0,0
22,1,1,0,0,0
25,1,1,0,0,0
26,1,2,0,0,0
23,1,1,0,0,0
22,1,1,0,0,0
20,1,1,0,0,0
27,1,2,0,0,0
19,1,1,0,0,0
21,1,1,0,0,0
18,1,1,0,0,0
21,1,1,0,0,0
28,1,1,0,0,0
23,1,2,0,0,0
22,1,2,0,0,0
25,1,1,0,0,0
18,1,1,0,0,0
18,1,1,0,0,0
22,1,1,0,0,0
23,1,1,0,0,0
25,1,1,0,0,0
31,1,2,0,1,0
23,1,1,0,0,0
25,1,2,0,0,0
23,1,1,0,0,0
18,1,1,0,0,0
19,1,1,0,0,0
20,1,1,0,0,0
27,1,1,0,0,0
18,1,1,0,0,0
17,1,1,0,0,0
24,1,2,0,0,0
18,1,1,0,0,0
20,1,1,0,0,0
19,1,2,0,0,0
13,1,1,0,0,0
16,1,1,0,0,0
15,1,1,0,0,0
23,1,1,0,0,0
22,1,1,0,0,0
16,1,1,0,0,0
18,1,1,0,0,0
18,1,1,0,0,0
23,1,1,0,0,0
24,1,1,0,0,0
23,1,1,0,0,0
23,1,1,0,0,0
21,1,1,0,0,0
18,1,1,0,0,0
17,1,1,0,0,0
22,1,2,0,0,0
28,1,1,0,0,0
25,1,1,0,0,0
21,1,1,0,0,0
25,1,1,0,1,0
20,1,1,0,0,0
25,1,1,0,0,0
15,1,1,0,0,0
22,1,1,0,0,0
20,1,1,0,0,0
23,1,2,0,0,0
25,1,2,0,0,0
21,1,1,0,0,0
19,1,1,0,0,0
17,1,1,0,0,0
27,1,1,0,0,0
31,1,1,0,0,0
15,1,1,0,0,0
17,1,1,0,0,0
16,1,1,0,0,0
23,1,1,0,0,0
20,1,1,0,0,0
14,1,1,0,0,0
18,1,1,0,0,0
28,1,1,0,0,0
17,1,2,0,0,0
24,1,2,0,0,0
18,1,1,0,0,0
25,1,1,0,0,0
16,1,1,0,0,0
18,1,1,0,0,0
23,1,1,0,1,0
19,1,1,0,0,0
19,1,1,0,0,0
23,1,1,0,0,0
21,1,1,0,0,0
26,1,1,0,1,0
26,1,2,0,0,0
24,1,2,0,0,0
23,1,1,0,1,0
24,1,1,0,0,0
18,1,1,0,0,0
19,1,1,0,1,0
17,1,1,0,0,0
23,1,1,0,0,0
25,1,1,0,0,0
22,1,1,0,1,0
22,1,1,0,0,0
19,1,1,0,0,0
18,1,1,0,0,0
20,1,2,0,0,0
22,1,1,0,0,0
19,1,1,0,0,0
24,1,1,0,1,0
23,1,1,0,0,0
35,1,1,0,0,0
23,1,1,0,0,0
22,1,1,0,0,0
20,1,1,0,0,0
33,1,2,0,0,0
17,1,1,0,0,0
29,1,1,0,0,0
23,1,2,0,0,0
20,1,2,0,0,0
16,1,1,0,0,0
23,1,1,0,0,0
27,1,1,0,0,0
18,1,1,0,0,0
29,1,2,0,0,0
25,1,1,0,1,0
22,1,1,0,0,0
28,1,1,0,0,0
20,1,1,0,0,0
23,1,1,0,1,0
15,1,1,0,0,0
24,1,1,0,0,0
19,1,1,0,0,0
17,1,1,0,1,0
17,1,1,0,1,0
20,1,1,0,0,0
16,1,1,0,0,0
21,1,1,0,0,0
20,1,1,0,0,0
26,1,1,0,0,0
19,1,2,0,0,0
25,1,1,0,0,0
18,1,1,0,0,0
25,1,1,0,1,0
16,1,1,0,0,0
23,1,1,0,0,0
17,1,1,0,0,0
22,1,1,0,0,0
15,1,1,0,0,0
15,1,1,0,0,0
23,1,1,0,0,0
27,1,2,0,0,0
19,1,1,0,0,0
19,1,1,0,0,0
23,1,1,0,0,0
21,1,1,0,0,0
15,1,1,0,0,0
35,1,1,0,1,0
19,1,1,0,0,0
17,1,1,0,0,0
18,1,1,0,0,0
20,1,1,0,0,0
20,1,1,0,1,0
20,1,1,0,0,0
16,1,1,0,0,0
18,1,1,0,0,0
19,1,1,0,0,0
20,1,1,0,0,0
19,1,1,0,0,0
23,1,1,0,0,0
26,1,1,0,0,0
23,1,1,0,0,0
20,1,1,0,0,0
18,1,1,0,0,0
17,1,1,0,0,0
20,1,1,0,0,0
25,1,1,0,0,0
24,1,1,0,0,0
18,1,2,0,0,0
22,1,1,0,0,0
25,1,1,0,1,0
31,1,1,0,0,0
21,1,1,0,0,0
18,1,1,0,0,0
30,1,1,0,1,0
23,1,1,0,0,0
18,1,2,0,0,0
21,1,1,0,0,0
23,1,1,0,1,0
27,1,1,0,0,0
22,1,1,0,1,0
20,1,1,0,0,0
31,1,1,0,1,0
19,1,1,0,0,0
25,1,1,0,0,0
23,1,1,0,0,0
24,1,1,0,0,0
22,1,1,0,0,0
18,1,1,0,0,0
26,1,1,0,0,0
18,1,1,0,0,0
23,1,2,0,0,0
20,1,1,0,0,0
18,1,1,0,0,0
19,1,2,0,0,0
20,1,1,0,0,0
23,1,1,0,0,0
22,1,2,0,0,0
20,1,1,0,0,0
16,1,1,0,0,0
23,1,1,0,0,0
21,1,1,0,0,0
17,1,1,0,0,0
20,1,1,0,0,0
26,1,1,0,0,0
24,1,1,0,0,0
25,1,1,0,0,0
20,1,1,0,0,0
23,1,1,0,0,0
33,1,1,0,0,0
27,1,1,0,0,0
24,1,1,0,0,0
22,1,1,0,0,0
32,1,2,0,0,0
18,1,1,0,0,0
19,1,1,0,0,0
18,1,1,0,0,0
19,1,1,0,0,0
20,1,1,0,0,0
25,1,1,0,0,0
20,1,1,0,0,0
25,1,1,0,0,0
26,1,1,0,0,0
32,1,1,0,0,0
21,1,2,0,0,0
20,1,1,0,0,0
18,1,1,0,0,0
22,1,1,0,0,0
26,1,1,0,0,0
22,1,1,0,1,0
20,1,1,0,0,0
23,1,1,0,0,0
24,1,1,0,0,0
30,1,1,0,0,0
15,1,1,0,0,0
22,1,1,0,0,0
20,1,2,0,0,0
22,1,1,0,0,0
25,1,2,0,1,0
19,1,1,0,1,0
18,1,1,0,0,0
16,1,1,0,0,0
21,1,1,0,0,0
31,1,1,0,2,0
19,1,1,0,0,0
19,1,1,0,0,0
27,1,1,0,1,0
22,1,1,0,1,0
14,1,1,0,0,0
14,1,1,0,0,0
20,1,1,0,0,0
20,1,1,0,0,0
29,1,1,0,0,0
22,1,1,0,0,0
13,1,1,0,0,0
24,1,1,0,0,0
19,1,1,0,0,0
27,1,1,0,0,0
20,1,1,0,0,0
16,1,1,0,0,0
25,1,1,0,0,0
28,1,1,0,0,0
17,1,1,0,0,0
15,1,1,0,0,0
26,1,1,0,1,0
18,1,1,0,0,0
30,1,1,0,0,0
17,1,1,0,0,0
28,1,1,0,3,0
30,1,1,0,0,0
17,1,1,0,0,0
27,1,1,0,0,0
25,1,1,0,0,0
21,1,1,0,0,0
23,1,1,0,0,0
21,1,1,0,0,0
28,1,1,0,2,0
16,1,1,0,0,0
23,1,1,0,0,0
22,1,1,0,0,0
18,1,1,0,0,0
28,1,1,0,0,0
21,1,1,0,0,0
22,1,2,0,0,0
24,1,1,0,0,0
22,1,1,0,0,0
18,1,1,0,0,0
24,1,1,0,0,0
21,1,1,0,0,0
23,1,1,0,1,0
20,1,1,0,0,0
18,1,1,0,0,0
20,1,1,0,0,0
28,1,1,0,0,0
15,1,1,0,0,0
23,1,2,0,0,0
27,1,1,0,0,0
18,1,1,0,0,0
21,1,1,0,0,0
22,1,1,0,1,0
26,1,1,0,1,0
19,1,1,0,0,0
19,1,1,0,0,0
17,1,1,0,0,0
20,1,1,0,0,0
25,1,1,0,0,0
18,1,1,0,0,0
22,1,1,0,0,0
24,1,1,0,0,0
24,1,1,0,0,0
27,1,1,0,0,0
24,1,1,0,0,0
26,1,1,0,0,0
26,1,1,0,0,0
25,1,1,0,0,0
32,1,2,0,0,0
29,1,2,0,0,0
20,1,2,0,0,0
19,1,1,0,0,0
19,1,1,0,0,0
17,1,1,0,0,0
21,1,1,0,0,0
23,1,1,0,0,0
27,1,1,0,0,0
18,1,1,0,0,0
16,1,1,0,0,0
22,1,1,0,0,0
25,1,1,0,0,0
27,1,1,0,0,0
29,1,1,0,0,0
23,1,1,0,0,0
17,1,1,0,0,0
31,1,1,0,1,0
21,1,1,0,1,0
17,1,1,0,0,0
34,1,1,0,0,0
23,1,1,0,0,0
27,1,1,0,0,0
24,1,1,0,2,0
19,1,1,0,0,0
17,1,1,0,0,0
20,1,1,0,0,0
22,1,1,0,0,0
21,1,1,0,0,0
17,1,1,0,0,0
20,1,1,0,0,0
18,1,2,0,0,0
21,1,1,0,0,0
28,1,2,0,1,0
19,1,2,0,0,0
20,1,1,0,0,0
22,1,1,0,0,0
17,1,1,0,0,0
19,1,1,0,0,0
15,1,1,0,0,0
18,1,1,0,0,0
14,1,1,0,0,0
17,1,1,0,0,0
35,1,1,0,2,0
25,1,1,0,0,0
22,1,1,0,0,0
22,1,1,0,0,0
25,1,2,0,0,0
22,1,1,0,1,0
26,1,1,0,0,0
24,1,1,0,1,0
18,1,1,0,0,0
18,1,2,0,0,0
22,1,1,0,0,0
21,1,1,0,0,0
24,1,1,0,0,0
25,1,2,0,0,0
19,1,2,0,0,0
23,1,1,0,0,0
28,1,1,0,1,0
16,1,1,0,0,0
17,1,1,0,0,0
13,1,1,0,0,0
24,1,1,0,0,0
22,1,1,0,0,0
18,1,1,0,0,0
19,1,1,0,0,0
23,1,2,0,0,0
24,1,1,0,0,0
29,1,1,0,0,0
27,1,1,0,1,0
28,1,1,0,0,0
25,1,1,0,1,0
21,1,1,0,0,0
20,1,1,0,0,0
18,1,1,0,0,0
24,1,1,0,0,0
27,1,1,0,0,0
17,1,1,0,0,0
20,1,1,0,0,0
16,1,1,0,0,0
18,1,2,0,0,0
20,1,1,0,0,0
17,1,1,0,0,0
29,1,1,0,1,0
19,1,1,0,0,0
20,1,1,0,0,0
20,1,1,0,0,0
25,1,1,0,0,0
17,1,1,0,0,0
22,1,1,0,0,0
23,1,1,0,0,0
23,1,1,0,0,0
22,1,1,0,0,0
17,1,1,0,0,0
14,1,1,0,0,0
21,1,1,0,0,0
19,1,1,0,0,0
19,1,1,0,0,0
22,1,1,0,0,0
22,1,1,0,1,0
16,1,1,0,0,0
23,1,1,0,0,0
21,1,2,0,0,0
25,1,1,0,0,0
21,1,1,0,1,0
34,1,1,0,0,0
23,1,1,0,0,0
18,1,1,0,0,0
28,1,1,0,0,0
22,1,1,0,0,0
27,1,1,0,0,0
23,1,2,0,0,0
20,1,1,0,0,0
18,1,1,0,1,0
29,1,1,0,0,0
27,1,1,0,0,0
19,1,1,0,0,0
27,1,1,0,0,0
22,1,1,0,0,0
26,1,1,0,0,0
23,1,2,0,0,0
17,1,1,0,0,0
22,1,1,0,0,0
18,1,1,0,0,0
27,1,1,0,0,0
23,1,1,0,0,0
18,1,1,0,0,0
19,1,1,0,0,0
25,1,1,0,0,0
23,1,1,0,1,0
28,1,1,0,0,0
24,1,1,0,1,0
26,1,1,0,0,0
19,1,1,0,0,0
18,1,1,0,0,0
26,1,1,0,0,0
21,1,1,0,1,0
15,1,1,0,0,0
23,1,1,0,0,0
17,1,1,0,0,0
20,1,1,0,1,0
25,1,2,0,1,0
20,1,1,0,1,0
23,1,1,0,0,0
19,1,2,0,0,0
21,1,1,0,0,0
18,1,1,0,0,0
32,1,2,0,0,0
22,1,1,0,0,0
28,1,1,0,0,0
19,1,1,0,0,0
21,1,1,0,0,0
20,1,1,0,0,0
23,1,1,0,0,0
29,1,1,0,1,0
21,1,1,0,1,0
21,1,1,0,0,0
19,1,1,0,0,0
21,1,1,0,0,0
21,1,1,0,0,0
23,1,1,0,0,0
15,1,1,0,0,0
26,1,1,0,0,0
22,1,1,0,0,0
22,1,1,0,1,0
20,1,2,0,0,0
16,1,1,0,0,0
19,1,1,0,0,0
20,1,1,0,0,0
24,1,1,0,0,0
22,1,1,0,0,0
39,1,1,0,5,0
30,1,1,0,0,0
25,1,1,0,0,0
19,1,1,0,0,0
15,1,1,0,0,0
23,1,1,0,0,0
24,1,1,0,0,0
16,1,1,0,0,0
22,1,1,0,0,0
24,1,1,0,0,0
17,1,2,0,0,0
22,1,1,0,0,0
23,1,1,0,0,0
20,1,1,0,0,0
26,1,1,0,1,0
18,1,1,0,0,0
19,1,1,0,0,0
19,1,1,0,0,0
14,1,1,0,0,0
24,1,1,0,0,0
22,1,1,0,0,0
22,1,1,0,0,0
19,1,1,0,0,0
19,1,1,0,0,0
23,1,1,0,0,0
30,1,1,0,0,0
19,1,1,0,0,0
16,1,1,0,0,0
24,1,2,0,0,0
30,1,1,0,0,0
16,1,1,0,0,0
38,1,1,0,0,0
25,1,2,0,0,0
27,1,1,0,0,0
26,1,1,0,0,0
15,1,1,0,0,0
19,1,1,0,0,0
19,1,1,0,0,0
20,1,1,0,0,0
16,1,1,0,0,0
21,1,1,0,0,0
23,1,1,0,0,0
19,1,2,0,0,0
19,1,1,0,0,0
19,1,1,0,0,0
23,1,1,0,0,0
22,1,2,0,0,0
30,1,1,0,0,0
23,1,1,0,1,0
25,1,1,0,0,0
21,1,1,0,0,0
19,1,1,0,0,0
15,1,1,0,0,0
21,1,2,0,0,0
21,1,1,0,0,0
17,1,1,0,0,0
19,1,1,0,0,0
21,1,2,0,0,0
20,1,1,0,0,0
20,1,1,0,0,0
14,1,1,0,0,0
19,1,1,0,0,0
27,1,1,0,0,0
16,1,1,0,0,0
23,1,1,0,0,0
19,1,1,0,0,0
18,1,2,0,0,0
24,1,1,0,0,0
28,1,2,0,0,0
23,1,1,0,0,0
17,1,1,0,0,0
25,1,1,0,0,0
14,1,1,0,0,0
19,1,1,0,0,0
19,1,1,0,0,0
27,1,1,0,0,0
26,1,1,0,0,0
30,1,1,0,1,0
22,1,1,0,0,0
23,1,1,0,0,0
27,1,1,0,0,0
14,1,1,0,0,0
25,1,1,0,0,0
19,1,1,0,0,0
22,1,1,0,0,0
16,1,1,0,0,0
23,1,1,0,1,0
22,1,2,0,0,0
23,1,1,0,1,0
18,1,1,0,0,0
19,1,2,0,0,0
25,1,1,0,1,0
22,1,1,0,0,0
18,1,1,0,0,0
19,1,1,0,0,0
26,1,1,0,0,0
21,1,1,0,0,0
29,1,1,0,0,0
22,1,1,0,0,0
28,1,1,0,0,0
18,1,1,0,0,0
20,1,1,0,0,0
23,1,1,0,0,0
14,1,1,0,0,0
20,1,1,0,0,0
23,1,1,0,1,0
16,1,1,0,1,0
21,1,1,0,0,0
31,1,1,0,0,0
18,1,1,0,0,0
21,1,1,0,0,0
17,1,1,0,0,0
15,1,1,0,0,0
18,1,1,0,0,0
26,1,2,0,0,0
23,1,1,0,0,0
25,1,1,0,0,0
23,1,1,0,0,0
18,1,1,0,1,0
19,1,1,0,0,0
20,1,1,0,1,0
17,1,1,0,0,0
19,1,1,0,0,0
20,1,1,0,0,0
19,1,1,0,0,0
20,1,1,0,0,0
23,1,1,0,0,0
27,1,1,0,0,0
24,1,1,0,0,0
28,1,1,0,0,0
17,1,1,0,0,0
22,1,1,0,0,0
17,1,1,0,0,0
20,1,2,0,1,0
26,1,1,0,1,0
26,1,1,0,0,0
31,1,2,0,0,0
19,1,1,0,0,0
24,1,1,0,0,0
38,1,1,0,0,0
20,1,2,0,0,0
28,1,1,0,0,0
23,1,1,0,0,0
20,1,1,0,0,0
20,1,1,0,0,0
23,1,1,0,0,0
20,1,2,0,0,0
18,1,1,0,0,0
19,1,1,0,0,0
18,1,1,0,0,0
32,1,2,0,0,0
23,1,1,0,0,0
25,1,1,0,0,0
21,1,1,0,1,0
17,1,1,0,0,0
16,1,1,0,0,0
19,1,1,0,0,0
15,1,1,0,0,0
24,1,1,0,0,0
32,1,1,0,0,0
25,1,1,0,0,0
20,1,1,0,0,0
16,1,1,0,0,0
22,1,1,0,0,0
18,1,1,0,0,0
22,1,1,0,0,0
19,1,1,0,0,0
18,1,1,0,0,0
20,1,1,0,0,0
25,1,1,0,0,0
28,1,1,0,0,0
24,1,1,0,0,0
17,1,1,0,0,0
17,1,1,0,0,0
21,1,1,0,0,0
16,1,1,0,0,0
20,1,2,0,0,0
24,1,1,0,0,0
23,1,1,0,0,0
28,1,2,0,0,0
22,1,1,0,0,0
28,1,1,0,0,0
24,1,1,0,0,0
22,1,2,0,1,0
22,1,2,0,0,0
19,1,1,0,0,0
28,1,1,0,0,0
20,1,1,0,0,0
21,1,1,0,0,0
18,1,1,0,0,0
19,1,1,0,0,0
28,1,1,0,0,0
23,1,1,0,0,0
23,1,1,0,0,0
25,1,1,0,0,0
16,1,1,0,0,0
14,1,1,0,0,0
24,1,1,0,1,0
17,1,1,0,1,0
21,1,1,0,0,0
18,1,1,0,0,0
20,1,2,0,0,0
18,1,1,0,0,0
26,1,1,0,0,0
24,1,1,0,0,0
25,1,1,0,1,0
19,1,1,0,0,0
22,1,1,0,0,0
17,1,1,0,0,0
20,1,1,0,0,0
25,1,2,0,0,0
20,1,1,0,0,0
19,1,1,0,0,0
28,1,1,0,0,0
20,1,1,0,0,0
18,1,1,0,0,0
27,1,1,0,0,0
30,1,1,0,0,0
25,1,1,0,0,0
23,1,1,0,0,0
23,1,1,0,0,0
27,1,2,0,1,0
22,1,1,0,0,0
23,1,1,0,0,0
21,1,1,0,0,0
17,1,1,0,0,0
28,1,1,0,0,0
18,1,1,0,0,0
25,1,1,0,0,0
27,1,1,0,0,0
21,1,1,0,0,0
18,1,1,0,0,0
31,1,1,0,0,0
22,1,2,0,0,0
24,1,1,0,1,0
21,1,2,0,0,0
19,1,1,0,0,0
22,1,2,0,0,0
16,1,1,0,0,0
19,1,1,0,0,0
16,1,1,0,0,0
20,1,1,0,0,0
25,1,1,0,0,0
24,1,1,0,0,0
21,1,2,0,0,0
27,1,1,0,0,0
20,1,1,0,0,0
26,1,1,0,0,0
25,1,1,0,0,0
19,1,1,0,0,0
15,1,1,0,0,0
19,1,1,0,0,0
18,1,1,0,0,0
23,1,1,0,0,0
23,1,1,0,0,0
20,1,1,0,0,0
20,1,2,0,0,0
15,1,1,0,0,0
18,1,1,0,0,0
19,1,1,0,0,0
25,1,1,0,1,0
33,1,1,0,2,0
18,1,1,0,0,0
16,1,1,0,0,0
20,1,1,0,0,0
28,1,2,0,0,0
27,1,1,0,1,0
53,1,1,0,7,0
20,1,1,0,0,0
18,1,1,0,0,0
24,1,1,0,0,0
24,1,2,0,0,0
24,1,2,0,1,0
22,1,1,0,0,0
25,1,1,0,0,0
15,1,1,0,0,0
28,1,1,0,0,0
21,1,2,0,0,0
28,1,2,0,0,0
18,1,1,0,0,0
23,1,1,0,0,0
23,1,1,0,0,0
17,1,1,0,1,0
22,1,1,0,1,0
26,1,1,0,0,0
21,1,1,0,0,0
26,1,1,0,0,0
20,1,2,0,0,0
33,1,1,0,0,0
27,1,1,0,0,0
23,1,1,0,0,0
24,1,1,0,0,0
22,1,1,0,0,0
22,1,2,0,0,0
18,1,1,0,0,0
28,1,2,0,0,0
20,1,1,0,0,0
20,1,1,0,0,0
20,1,1,0,0,0
21,1,1,0,0,0
18,1,1,0,0,0
25,1,1,0,0,0
17,1,1,0,0,0
29,1,2,0,0,0
16,1,1,0,0,0
19,1,2,0,0,0
21,1,1,0,0,0
17,1,1,0,0,0
20,1,1,0,0,0
21,1,1,0,0,0
38,1,1,0,0,0
17,1,1,0,0,0
21,1,2,0,0,0
15,1,1,0,0,0
15,1,1,0,0,0
19,1,1,0,0,0
22,1,1,0,0,0
17,1,1,0,0,0
22,1,2,0,0,0
21,1,1,0,0,0
23,1,1,0,0,0
14,1,1,0,0,0
19,1,1,0,0,0
22,1,1,0,0,0
20,1,1,0,0,0
24,1,1,0,0,0
17,1,1,0,0,0
15,1,1,0,0,0
22,1,1,0,0,0
17,1,1,0,0,0
19,1,2,0,0,0
19,1,1,0,0,0
22,1,1,0,0,0
24,1,1,0,0,0
26,1,1,0,0,0
15,1,1,0,0,0
29,1,2,0,0,0
22,1,2,0,0,0
23,1,1,0,0,0
20,1,1,0,0,0
21,1,1,0,0,0
16,1,1,0,0,0
22,1,1,0,1,0
23,1,1,0,0,0
20,1,1,0,0,0
28,1,1,0,0,0
17,1,1,0,0,0
18,1,1,0,0,0
28,1,2,0,0,0
20,1,1,0,0,0
19,1,1,0,0,0
21,1,1,0,0,0
31,1,2,0,0,0
18,1,1,0,0,0
21,1,1,0,0,0
19,1,1,0,0,0
22,1,1,0,0,0
27,1,2,0,0,0
26,1,1,0,0,0
19,1,1,0,0,0
19,1,1,0,0,0
19,1,1,0,0,0
23,1,1,0,0,0
23,1,1,0,1,0
25,1,1,0,0,0
20,1,1,0,0,0
20,1,1,0,0,0
24,1,2,0,0,0
17,1,1,0,0,0
26,1,1,0,0,0
17,1,1,0,0,0
23,1,1,0,0,0
21,1,1,0,0,0
20,1,1,0,0,0
27,1,1,0,0,0
24,1,1,0,0,0
19,1,1,0,0,0
15,1,1,0,0,0
19,1,1,0,0,0
25,1,1,0,0,0
24,1,1,0,0,0
20,1,1,0,0,0
24,1,1,0,0,0
18,1,2,0,0,0
30,1,1,0,0,0
19,1,1,0,0,0
23,1,1,0,0,0
20,1,1,0,0,0
23,1,1,0,1,0
16,1,1,0,0,0
18,1,1,0,0,0
15,1,1,0,0,0
27,1,1,0,0,0
20,1,1,0,0,0
20,1,1,0,0,0
24,1,1,0,0,0
15,1,1,0,0,0
16,1,1,0,0,0
20,1,1,0,0,0
24,1,1,0,0,0
22,1,2,0,0,0
19,1,1,0,0,0
19,1,1,0,0,0
30,1,2,0,0,0
20,1,1,0,0,0
14,1,1,0,0,0
24,1,2,0,0,0
15,1,1,0,0,0
19,1,2,0,0,0
19,1,1,0,0,0
21,1,2,0,0,0
22,1,1,0,0,0
20,1,1,0,0,0
22,1,1,0,0,0
27,1,2,0,0,0
21,1,3,0,0,0
20,1,1,0,0,0
26,1,2,0,0,0
20,1,1,0,0,0
21,1,1,0,0,0
21,1,1,0,0,0
21,1,1,0,0,0
19,1,1,0,0,0
26,1,1,0,0,0
24,1,1,0,0,0
24,1,1,0,0,0
25,1,1,0,0,0
18,1,1,0,0,0
20,1,1,0,0,0
23,1,1,0,0,0
21,1,1,0,0,0
18,1,1,0,0,0
22,1,2,0,0,0
16,1,1,0,0,0
22,1,1,0,0,0
22,1,1,0,0,0
20,1,1,0,0,0
19,1,1,0,0,0
19,1,2,0,0,0
25,1,2,0,0,0
18,1,2,0,0,0
24,1,1,0,2,0
24,1,2,0,0,0
22,1,1,0,0,0
18,1,1,0,0,0
27,1,1,0,0,0
19,1,1,0,0,0
25,1,1,0,0,0
22,1,1,0,0,0
23,1,1,0,0,0
19,1,1,0,0,0
22,1,1,0,0,0
22,1,1,0,0,0
26,1,1,0,1,0
18,1,1,0,0,0
15,1,1,0,0,0
21,1,1,0,0,0
23,1,2,0,0,0
22,1,1,0,0,0
20,1,1,0,0,0
20,1,1,0,0,0
27,1,1,0,0,0
21,1,1,0,0,0
16,1,1,0,0,0
27,1,2,0,0,0
15,1,1,0,0,0
24,1,1,0,0,0
21,1,1,0,0,0
22,1,1,0,1,0
21,1,1,0,0,0
19,1,1,0,0,0
21,1,1,0,0,0
19,1,1,0,0,0
18,1,1,0,0,0
23,1,1,0,0,0
17,1,1,0,0,0
24,1,1,0,0,0
18,1,1,0,0,0
22,1,1,0,0,0
20,1,1,0,0,0
25,1,1,0,0,0
29,1,1,0,0,0
22,1,1,0,0,0
27,1,1,0,1,0
23,1,1,0,0,0
20,1,1,0,0,0
18,1,1,0,0,0
13,1,1,0,0,0
17,1,1,0,0,0
21,1,1,0,0,0
24,1,1,0,0,0
20,1,2,0,0,0
20,1,1,0,0,0
18,1,1,0,0,0
32,1,1,0,0,0
21,1,1,0,0,0
23,1,1,0,0,0
18,1,2,0,0,0
26,1,1,0,0,0
18,1,1,0,0,0
25,1,1,0,0,0
27,1,1,0,0,0
27,1,1,0,1,0
24,1,1,0,0,0
31,1,1,0,1,0
19,1,1,0,0,0
28,1,1,0,0,0
29,1,2,0,0,0
23,1,1,0,0,0
22,1,3,0,0,0
20,1,1,0,0,0
34,1,1,0,0,0
17,1,1,0,0,0
24,1,1,0,0,0
14,1,1,0,0,0
22,1,1,0,0,0
19,1,1,0,1,0
28,1,1,0,0,0
22,1,1,0,0,0
20,1,1,0,0,0
24,1,1,0,1,0
19,1,1,0,0,0
25,1,1,0,0,0
26,1,2,0,0,0
27,1,1,0,1,0
25,1,1,0,0,0
18,1,1,0,0,0
30,1,2,0,0,0
22,1,2,0,0,0
26,1,1,0,0,0
21,1,1,0,0,0
29,1,1,0,0,0
19,1,1,0,0,0
27,1,1,0,0,0
19,1,1,0,0,0
21,1,1,0,0,0
20,1,1,0,0,0
18,1,1,0,0,0
17,1,1,0,0,0
35,1,1,0,0,0
24,1,1,0,0,0
20,1,1,0,0,0
16,1,1,0,0,0
22,1,1,0,0,0
19,1,1,0,0,0
22,1,1,0,0,0
28,1,1,0,0,0
18,1,1,0,1,0
18,1,1,0,0,0
21,1,1,0,0,0
20,1,1,0,0,0
16,1,1,0,0,0
15,1,1,0,0,0
19,1,1,0,0,0
20,1,1,0,0,0
16,1,1,0,0,0
27,1,1,0,0,0
18,1,1,0,0,0
21,1,1,0,0,0
17,1,1,0,0,0
20,1,1,0,0,0
17,1,1,0,0,0
17,1,1,0,0,0
22,1,1,0,0,0
19,1,1,0,0,0
23,1,1,0,1,0
17,1,1,0,0,0
21,1,1,0,0,0
22,1,1,0,0,0
27,1,2,0,0,0
15,1,1,0,0,0
28,1,1,0,1,0
27,1,1,0,0,0
16,1,1,0,0,0
43,1,1,0,1,0
23,1,1,0,0,0
21,1,1,0,1,0
30,1,1,0,0,0
17,1,2,0,0,0
24,1,1,0,0,0
21,1,1,0,0,0
22,1,1,0,0,0
20,1,1,0,0,0
16,1,1,0,0,0
24,1,1,0,1,0
21,1,1,0,0,0
15,1,1,0,0,0
22,1,1,0,0,0
17,1,1,0,0,0
20,1,1,0,0,0
26,1,1,0,0,0
26,1,1,0,0,0
20,1,1,0,0,0
27,1,1,0,0,0
18,1,1,0,0,0
21,1,1,0,0,0
25,1,1,0,0,0
21,1,1,0,1,0
22,1,2,0,0,0
26,1,1,0,0,0
18,1,1,0,0,0
22,1,1,0,1,0
17,1,1,0,0,0
20,1,1,0,0,0
29,1,1,0,0,0
17,1,1,0,0,0
20,1,1,0,0,0
20,1,1,0,0,0
25,1,2,0,0,0
29,1,2,0,0,0
18,1,1,0,0,0
19,1,2,0,0,0
27,1,1,0,0,0
16,1,1,0,0,0
23,1,2,0,0,0
21,1,1,0,0,0
29,1,1,0,0,0
19,1,1,0,0,0
27,1,1,0,0,0
20,1,1,0,0,0
29,1,1,0,0,0
21,1,1,0,0,0
23,1,1,0,0,0
23,1,2,0,0,0
31,1,1,0,0,0
24,1,1,0,0,0
35,1,1,0,0,0
27,1,1,0,0,0
20,1,1,0,0,0
17,1,1,0,0,0
26,1,1,0,0,0
18,1,1,0,0,0
23,1,1,0,1,0
19,1,1,0,0,0
25,1,1,0,0,0
22,1,1,0,1,0
15,1,1,0,0,0
20,1,1,0,0,0
18,1,1,0,0,0
35,1,2,0,0,0
25,1,1,0,1,0
19,1,1,0,0,0
28,1,1,0,0,0
21,1,1,0,0,0
25,1,2,0,0,0
23,1,2,0,0,0
19,1,1,0,0,0
15,1,1,0,0,0
17,1,1,0,0,0
20,1,1,0,0,0
18,1,1,0,0,0
17,1,1,0,0,0
19,1,1,0,0,0
17,1,1,0,0,0
19,1,1,0,0,0
17,1,1,0,0,0
24,1,1,0,0,0
17,1,2,0,0,0
24,1,1,0,0,0
23,1,1,0,0,0
21,1,2,0,0,0
17,1,1,0,0,0
24,1,1,0,0,0
23,1,1,0,0,0
18,1,1,0,0,0
17,1,1,0,0,0
14,1,1,0,0,0
21,1,1,0,0,0
29,1,1,0,0,0
19,1,2,0,0,0
23,1,3,0,0,0
22,1,1,0,0,0
20,1,1,0,0,0
17,1,1,0,0,0
23,1,1,0,0,0
20,1,1,0,0,0
21,1,2,0,0,0
18,1,1,0,0,0
20,1,1,0,0,0
21,1,1,0,0,0
27,1,1,0,1,0
15,1,1,0,0,0
27,1,1,0,0,0
18,1,1,0,0,0
28,1,1,0,0,0
22,1,2,0,0,0
16,1,1,0,0,0
25,1,1,0,0,0
20,1,1,0,0,0
23,1,1,0,0,0
26,1,1,0,0,0
23,1,1,0,0,0
21,1,2,0,0,0
18,1,1,0,0,0
27,1,2,0,0,0
20,1,1,0,0,0
19,1,1,0,0,0
24,1,1,0,0,0
23,1,1,0,0,0
19,1,2,0,0,0
18,1,1,0,0,0
22,1,1,0,0,0
40,1,1,0,0,0
20,1,1,0,0,0
24,1,1,0,0,0
21,1,1,0,0,0
35,1,2,0,0,0
23,1,1,0,0,0
20,1,1,0,0,0
25,1,1,0,0,0
27,1,1,0,2,0
20,1,1,0,0,0
17,1,1,0,0,0
17,1,1,0,0,0
18,1,2,0,0,0
21,1,1,0,0,0
15,1,1,0,0,0
17,1,1,0,0,0
23,1,1,0,0,0
19,1,1,0,0,0
18,1,1,0,0,0
15,1,1,0,0,0
14,1,1,0,0,0
18,1,1,0,0,0
15,1,1,0,0,0
23,1,1,0,0,0
24,1,1,0,0,0
22,1,1,0,0,0
25,1,1,0,0,0
26,1,1,0,0,0
21,1,1,0,0,0
18,1,2,0,0,0
33,1,1,0,0,0
20,1,1,0,0,0
14,1,1,0,0,0
22,1,1,0,0,0
22,1,1,0,0,0
17,1,1,0,0,0
28,1,1,0,0,0
17,1,1,0,0,0
20,1,1,0,0,0
32,1,1,0,0,0
22,1,1,0,0,0
29,1,2,0,0,0
24,1,1,0,0,0
20,1,1,0,0,0
20,1,1,0,0,0
16,1,1,0,0,0
15,1,1,0,0,0
23,1,2,0,0,0
18,1,1,0,0,0
30,1,2,0,0,0
18,1,1,0,0,0
20,1,1,0,0,0
23,1,1,0,0,0
17,1,1,0,0,0
23,1,1,0,0,0
16,1,1,0,0,0
22,1,1,0,0,0
26,1,1,0,0,0
19,1,1,0,0,0
27,1,2,0,0,0
19,1,1,0,0,0
22,1,1,0,0,0
18,1,1,0,0,0
14,1,1,0,0,0
21,1,1,0,0,0
17,1,1,0,0,0
29,1,2,0,0,0
23,1,2,0,1,0
17,1,1,0,0,0
28,1,2,0,0,0
16,1,1,0,0,0
31,1,1,0,0,0
31,1,1,0,0,0
20,1,1,0,0,0
18,1,1,0,0,0
26,1,1,0,0,0
20,1,1,0,0,0
22,1,1,0,0,0
25,1,2,0,0,0
19,1,1,0,0,0
24,1,1,0,0,0
18,1,1,0,0,0
37,1,1,0,4,0
25,1,1,0,1,0
28,1,2,0,1,0
21,1,2,0,0,0
20,1,1,0,0,0
21,1,1,0,0,0
14,1,1,0,0,0
16,1,1,0,0,0
27,1,1,0,0,0
26,1,1,0,0,0
23,1,1,0,0,0
19,1,1,0,0,0
26,1,1,0,1,0
27,1,2,0,0,0
20,1,1,0,1,0
19,1,2,0,0,0
24,1,1,0,0,0
21,1,1,0,0,0
17,1,1,0,0,0
26,1,1,0,0,0
22,1,1,0,0,0
23,1,1,0,1,0
18,1,1,0,0,0
19,1,1,0,0,0
15,1,1,0,0,0
21,1,1,0,0,0
16,1,1,0,0,0
27,1,1,0,1,0
19,1,1,0,0,0
20,1,1,0,0,0
21,1,1,0,0,0
25,1,1,0,0,0
17,1,1,0,0,0
18,1,1,0,0,0
24,1,1,0,0,0
16,1,1,0,0,0
26,1,1,0,0,0
24,1,1,0,0,0
18,1,1,0,0,0
24,1,1,0,0,0
22,1,1,0,0,0
18,1,1,0,0,0
22,1,1,0,0,0
24,1,1,0,0,0
27,1,1,0,1,0
18,1,1,0,0,0
21,1,1,0,0,0
20,1,1,0,0,0
26,1,1,0,0,0
21,1,1,0,0,0
18,1,1,0,0,0
19,1,2,0,1,0
20,1,2,0,0,0
28,1,1,0,0,0
23,1,1,0,0,0
24,1,1,0,0,0
22,1,1,0,0,0
26,1,1,0,0,0
20,1,1,0,0,0
18,1,1,0,0,0
28,1,1,0,0,0
16,1,1,0,0,0
35,1,2,0,0,0
22,1,1,0,0,0
16,1,1,0,0,0
14,1,1,0,0,0
24,1,1,0,0,0
25,1,1,0,0,0
24,1,1,0,0,0
19,1,1,0,0,0
17,1,1,0,0,0
18,1,1,0,0,0
17,1,1,0,0,0
16,1,1,0,0,0
19,1,1,0,0,0
20,1,1,0,1,0
19,1,2,0,0,0
15,1,1,0,0,0
21,1,1,0,0,0
20,1,1,0,0,0
20,1,1,0,0,0
26,1,1,0,0,0
15,1,1,0,0,0
21,1,1,0,1,0
20,1,1,0,0,0
14,1,1,0,0,0
29,1,2,0,1,0
19,1,1,0,0,0
28,1,1,0,0,0
22,1,1,0,0,0
18,1,1,0,0,0
26,1,1,0,0,0
19,1,1,0,0,0
24,1,1,0,0,0
28,1,1,0,0,0
28,1,2,0,0,0
27,1,1,0,0,0
22,1,1,0,1,0
21,1,1,0,0,0
24,1,1,0,2,0
28,1,2,0,0,0
21,1,2,0,0,0
23,1,1,0,0,0
18,1,1,0,0,0
23,1,1,0,0,0
23,1,2,0,0,0
18,1,1,0,0,0
29,1,1,0,1,0
16,1,1,0,0,0
18,1,1,0,0,0
30,1,1,0,0,0
24,1,1,0,0,0
18,1,1,0,0,0
20,1,1,0,0,0
22,1,2,0,0,0
20,1,1,0,0,0
24,1,1,0,0,0
17,1,1,0,0,0
14,1,1,0,0,0
19,1,1,0,0,0
25,1,1,0,0,0
15,1,1,0,1,0
23,1,1,0,1,0
19,1,1,0,0,0
15,1,1,0,0,0
18,1,1,0,0,0
22,1,1,0,1,0
16,1,1,0,0,0
16,1,1,0,0,0
19,1,1,0,0,0
18,1,1,0,0,0
19,1,1,0,0,0
17,1,1,0,0,0
18,1,2,0,0,0
21,1,1,0,0,0
22,1,2,0,0,0
27,1,1,0,1,0
16,1,1,0,1,0
20,1,1,0,0,0
21,1,1,0,0,0
22,1,1,0,0,0
29,1,1,0,1,0
20,1,1,0,0,0
24,1,1,0,0,0
17,1,1,0,0,0
18,1,1,0,0,0
22,1,1,0,0,0
22,1,1,0,0,0
21,1,1,0,1,0
17,1,1,0,0,0
24,1,1,0,0,0
15,1,1,0,0,0
24,1,1,0,0,0
29,1,1,0,1,0
19,1,1,0,0,0
19,1,1,0,1,0
22,1,1,0,1,0
20,1,1,0,0,0
25,1,2,0,0,0
16,1,1,0,0,0
15,1,1,0,0,0
20,1,1,0,0,0
21,1,1,0,0,0
19,1,1,0,0,0
22,1,1,0,1,0
18,1,2,0,0,0
21,1,1,0,0,0
21,1,1,0,0,0
23,1,1,0,0,0
15,1,1,0,0,0
20,1,1,0,0,0
22,1,2,0,0,0
16,1,1,0,0,0
22,1,1,0,0,0
26,1,1,0,0,0
15,1,1,0,0,0
22,1,1,0,0,0
17,1,1,0,0,0
35,1,2,0,0,0
25,1,1,0,0,0
17,1,1,0,0,0
20,1,1,0,0,0
32,1,2,0,0,0
23,1,1,0,0,0
23,1,2,0,0,0
23,1,1,0,0,0
21,1,1,0,0,0
18,1,1,0,0,0
19,1,1,0,1,0
22,1,1,0,0,0
22,1,1,0,1,0
22,1,1,0,0,0
17,1,1,0,0,0
23,1,1,0,0,0
19,1,1,0,0,0
18,1,1,0,0,0
28,1,1,0,0,0
24,1,1,0,0,0
17,1,1,0,0,0
20,1,1,0,1,0
24,1,1,0,0,0
21,1,1,0,1,0
29,1,1,0,0,0
17,1,2,0,0,0
24,1,1,0,0,0
20,1,1,0,0,0
21,1,1,0,0,0
24,1,1,0,1,0
21,1,1,0,0,0
21,1,1,0,0,0
18,1,1,0,0,0
26,1,1,0,0,0
30,1,1,0,1,0
23,1,1,0,0,0
23,1,1,0,0,0
16,1,1,0,0,0
22,1,2,0,0,0
33,1,1,0,1,0
21,1,1,0,0,0
23,1,1,0,1,0
27,1,1,0,0,0
21,1,1,0,1,0
16,1,1,0,0,0
24,1,1,0,0,0
22,1,1,0,0,0
19,1,1,0,0,0
24,1,1,0,0,0
18,1,1,0,0,0
23,1,1,0,0,0
18,1,1,0,0,0
19,1,1,0,0,0
18,1,1,0,0,0
25,1,1,0,1,0
23,1,2,0,0,0
16,1,1,0,0,0
26,1,2,0,0,0
19,1,1,0,1,0
25,1,1,0,1,0
20,1,1,0,0,0
25,1,1,0,0,0
16,1,1,0,0,0
23,1,1,0,1,0
26,1,2,0,0,0
23,1,1,0,0,0
23,1,1,0,1,0
29,1,1,0,0,0
24,1,1,0,0,0
24,1,1,0,0,0
23,1,1,0,0,0
18,1,1,0,0,0
22,1,1,0,0,0
21,1,1,0,0,0
14,1,1,0,0,0
26,1,1,0,0,0
22,1,2,0,0,0
23,1,1,0,0,0
22,1,1,0,0,0
23,1,1,0,0,0
19,1,1,0,0,0
20,1,1,0,0,0
17,1,1,0,0,0
20,1,1,0,0,0
17,1,2,0,0,0
23,1,1,0,0,0
25,1,1,0,0,0
17,1,2,0,0,0
20,1,1,0,0,0
25,1,1,0,0,0
26,1,1,0,1,0
21,1,1,0,0,0
26,1,2,0,0,0
27,1,1,0,0,0
16,1,1,0,0,0
19,1,1,0,0,0
21,1,1,0,2,0
19,1,1,0,1,0
18,1,1,0,0,0
21,1,1,0,0,0
24,1,1,0,0,0
17,1,1,0,0,0
16,1,1,0,0,0
25,1,1,0,0,0
18,1,1,0,0,0
22,1,1,0,0,0
18,1,1,0,0,0
21,1,1,0,0,0
18,1,1,0,0,0
25,1,1,0,1,0
20,1,1,0,0,0
18,1,1,0,1,0
19,1,1,0,0,0
24,1,1,0,0,0
16,1,1,0,0,0
28,1,1,0,0,0
28,1,1,0,0,0
20,1,2,0,1,0
30,1,2,0,0,0
23,1,1,0,1,0
36,1,1,0,0,0
20,1,1,0,0,0
25,1,2,0,0,0
22,1,1,0,0,0
16,1,1,0,0,0
18,1,1,0,0,0
20,1,1,0,0,0
17,1,1,0,0,0
24,1,1,0,0,0
21,1,1,0,0,0
18,1,1,0,0,0
19,1,1,0,0,0
18,1,1,0,0,0
18,1,1,0,0,0
20,1,1,0,0,0
18,1,1,0,0,0
22,1,1,0,0,0
21,1,1,0,0,0
29,1,2,0,0,0
31,1,1,0,0,0
22,1,1,0,0,0
21,1,1,0,0,0
18,1,1,0,0,0
17,1,1,0,0,0
19,1,1,0,0,0
16,1,1,0,0,0
16,1,1,0,0,0
27,1,1,0,0,0
37,1,1,0,2,0
16,1,1,0,0,0
19,1,1,0,0,0
20,1,1,0,0,0
25,1,1,0,0,0
20,1,1,0,0,0
19,1,1,0,0,0
18,1,1,0,0,0
21,1,1,0,0,0
13,1,1,0,0,0
17,1,1,0,0,0
25,1,2,0,0,0
19,1,1,0,0,0
23,1,1,0,0,0
18,1,1,0,0,0
32,1,1,0,0,0
18,1,1,0,0,0
21,1,1,0,0,0
22,1,2,0,0,0
23,1,2,0,0,0
24,1,1,0,0,0
21,1,1,0,0,0
34,1,2,0,0,0
22,1,2,0,0,0
24,1,1,0,0,0
29,1,1,0,0,0
19,1,1,0,0,0
23,1,1,0,0,0
29,1,1,0,0,0
18,1,1,0,0,0
26,1,1,0,0,0
25,1,1,0,0,0
17,1,1,0,0,0
21,1,1,0,0,0
18,1,1,0,0,0
28,1,1,0,0,0
15,1,1,0,0,0
19,1,2,0,0,0
18,1,1,0,0,0
38,1,2,0,1,0
21,1,1,0,0,0
20,1,1,0,0,0
35,1,1,0,0,0
21,1,1,0,1,0
23,1,1,0,0,0
21,1,2,0,0,0
21,1,1,0,0,0
28,1,1,0,0,0
24,1,1,0,1,0
31,1,1,0,0,0
20,1,2,0,0,0
21,1,1,0,0,0
17,1,1,0,0,0
25,1,1,0,0,0
23,1,2,0,0,0
20,1,1,0,0,0
29,1,1,0,1,0
18,1,2,0,0,0
17,1,1,0,0,0
17,1,1,0,0,0
24,1,1,0,0,0
19,1,1,0,1,0
26,1,2,0,0,0
22,1,1,0,0,0
15,1,1,0,0,0
17,1,1,0,0,0
27,1,1,0,0,0
28,1,2,0,0,0
19,1,1,0,0,0
16,1,1,0,0,0
29,1,1,0,1,0
20,1,1,0,0,0
18,1,2,0,0,0
22,1,1,0,0,0
23,1,1,0,0,0
15,1,1,0,0,0
18,1,1,0,0,0
32,1,1,0,0,0
22,1,1,0,0,0
28,1,1,0,0,0
20,1,1,0,0,0
18,1,1,0,0,0
24,1,1,0,0,0
20,1,1,0,0,0
19,1,2,0,0,0
20,1,1,0,0,0
27,1,1,0,0,0
21,1,1,0,0,0
27,1,1,0,0,0
22,1,1,0,0,0
21,1,1,0,0,0
18,1,1,0,0,0
22,1,1,0,0,0
26,1,1,0,0,0
24,1,1,0,0,0
21,1,1,0,0,0
29,1,1,0,0,0
20,1,1,0,1,0
25,1,1,0,0,0
27,1,1,0,0,0
25,1,1,0,1,0
30,1,1,0,0,0
28,1,1,0,1,0
22,1,1,0,1,0
17,1,1,0,0,0
20,1,1,0,0,0
28,1,2,0,0,0
16,1,1,0,0,0
18,1,1,0,0,0
16,1,1,0,0,0
26,1,1,0,0,0
30,1,1,0,0,0
20,1,1,0,0,0
18,1,1,0,0,0
22,1,1,0,0,0
25,1,1,0,1,0
28,1,2,0,0,0
24,1,1,0,0,0
21,1,1,0,0,0
20,1,1,0,0,0
16,1,1,0,0,0
33,1,2,0,0,0
20,1,2,0,0,0
20,1,1,0,0,0
22,1,1,0,0,0
20,1,1,0,0,0
26,1,1,0,0,0
18,1,1,0,1,0
19,1,2,0,0,0
17,1,1,0,0,0
24,1,1,0,1,0
18,1,1,0,0,0
18,1,1,0,0,0
24,1,1,0,0,0
24,1,1,0,0,0
21,1,1,0,0,0
19,1,1,0,0,0
22,1,2,0,0,0
21,1,2,0,0,0
24,1,1,0,0,0
18,1,1,0,0,0
19,1,1,0,0,0
17,1,1,0,0,0
21,1,1,0,0,0
18,1,1,0,0,0
18,1,1,0,0,0
28,1,1,0,0,0
26,1,1,0,2,0
19,1,1,0,0,0
25,1,1,0,0,0
19,1,1,0,0,0
24,1,1,0,0,0
21,1,1,0,0,0
24,1,1,0,0,0
26,1,1,0,0,0
24,1,1,0,0,0
22,1,1,0,0,0
21,1,1,0,0,0
30,1,1,0,0,0
22,1,1,0,0,0
23,1,1,0,0,0
21,1,1,0,1,0
23,1,1,0,1,0
22,1,1,0,0,0
21,1,1,0,0,0
27,1,1,0,0,0
19,1,1,0,0,0
28,1,1,0,1,0
19,1,1,0,0,0
31,1,1,0,0,0
19,1,1,0,0,0
26,1,1,0,0,0
19,1,1,0,1,0
20,1,1,0,0,0
19,1,1,0,0,0
19,1,1,0,0,0
28,1,2,0,0,0
17,1,1,0,0,0
20,1,1,0,0,0
22,1,2,0,0,0
20,1,1,0,0,0
22,1,1,0,0,0
27,1,1,0,0,0
18,1,1,0,0,0
20,1,1,0,0,0
19,1,1,0,0,0
20,1,1,0,1,0
17,1,1,0,0,0
24,1,1,0,0,0
18,1,2,0,0,0
24,1,1,0,0,0
30,1,1,0,0,0
22,1,1,0,0,0
16,1,1,0,0,0
20,1,1,0,0,0
28,1,2,0,0,0
20,1,1,0,1,0
26,1,1,0,0,0
17,1,1,0,0,0
27,1,1,0,0,0
28,1,2,0,0,0
26,1,1,0,0,0
25,1,1,0,0,0
21,1,1,0,0,0
21,1,1,0,0,0
19,1,1,0,0,0
31,1,2,0,0,0
19,1,1,0,0,0
24,1,2,0,0,0
19,1,1,0,0,0
24,1,1,0,0,0
24,1,1,0,1,0
25,1,1,0,0,0
19,1,1,0,0,0
22,1,1,0,0,0
19,1,1,0,0,0
18,1,1,0,0,0
19,1,1,0,0,0
19,1,1,0,0,0
22,1,1,0,0,0
24,1,1,0,0,0
22,1,1,0,0,0
18,1,1,0,0,0
20,1,1,0,0,0
22,1,1,0,0,0
19,1,1,0,0,0
25,1,1,0,1,0
21,1,1,0,0,0
20,1,1,0,0,0
16,1,1,0,0,0
14,1,1,0,0,0
16,1,1,0,0,0
26,1,1,0,0,0
33,1,1,0,0,0
20,1,1,0,0,0
27,1,1,0,0,0
22,1,2,0,0,0
19,1,1,0,0,0
19,1,2,0,0,0
18,1,1,0,0,0
34,1,1,0,1,0
24,1,1,0,0,0
22,1,1,0,0,0
20,1,1,0,0,0
22,1,1,0,0,0
18,1,2,0,0,0
23,1,1,0,0,0
23,1,1,0,0,0
21,1,1,0,0,0
24,1,1,0,0,0
23,1,1,0,0,0
22,1,1,0,0,0
26,1,1,0,0,0
16,1,1,0,0,0
20,1,1,0,0,0
18,1,2,0,0,0
22,1,1,0,0,0
17,1,1,0,0,0
24,1,1,0,0,0
34,1,1,0,1,0
19,1,1,0,0,0
28,1,1,0,0,0
20,1,1,0,0,0
26,1,1,0,0,0
30,1,1,0,0,0
23,1,1,0,0,0
17,1,1,0,0,0
25,1,1,0,0,0
21,1,1,0,0,0
14,1,1,0,1,0
33,1,1,0,1,0
21,1,1,0,0,0
19,1,1,0,0,0
19,1,1,0,0,0
24,1,1,0,1,0
21,1,1,0,0,0
32,1,1,0,0,0
22,1,1,0,0,0
28,1,2,0,0,0
22,1,1,0,0,0
19,1,1,0,0,0
16,1,1,0,0,0
27,1,1,0,0,0
21,1,1,0,0,0
20,1,1,0,0,0
16,1,1,0,0,0
21,1,1,0,0,0
28,1,1,0,0,0
13,1,1,0,0,0
21,1,1,0,0,0
24,1,1,0,0,0
24,1,1,0,0,0
21,1,1,0,0,0
19,1,1,0,0,0
23,1,1,0,0,0
22,1,1,0,0,0
19,1,1,0,0,0
30,1,1,0,0,0
24,1,1,0,1,0
28,1,1,0,2,0
23,1,1,0,0,0
27,1,1,0,0,0
19,1,1,0,0,0
19,1,1,0,0,0
20,1,1,0,0,0
25,1,1,0,0,0
26,1,1,0,0,0
15,1,1,0,0,0
27,1,1,0,0,0
18,1,1,0,0,0
15,1,1,0,0,0
22,1,1,0,0,0
23,1,1,0,0,0
17,1,1,0,0,0
19,1,1,0,0,0
25,1,1,0,0,0
26,1,1,0,0,0
16,1,1,0,0,0
14,1,1,0,0,0
18,1,1,0,0,0
20,1,1,0,0,0
21,1,1,0,0,0
16,1,1,0,0,0
16,1,1,0,0,0
20,1,1,0,0,0
22,1,1,0,0,0
20,1,1,0,0,0
23,1,1,0,0,0
14,1,1,0,0,0
20,1,1,0,0,0
27,1,1,0,0,0
15,1,1,0,0,0
19,1,1,0,0,0
16,1,1,0,0,0
25,1,1,0,0,0
25,1,2,0,0,0
17,1,1,0,0,0
26,1,1,0,0,0
18,1,1,0,0,0
23,1,1,0,0,0
24,1,1,0,1,0
19,1,1,0,0,0
32,1,1,0,0,0
14,1,1,0,0,0
20,1,2,0,0,0
17,1,1,0,0,0
27,1,1,0,0,0
16,1,1,0,0,0
25,1,1,0,0,0
19,1,1,0,0,0
30,1,1,0,0,0
18,1,1,0,0,0
22,1,1,0,1,0
29,1,2,0,0,0
21,1,1,0,0,0
25,1,1,0,0,0
19,1,1,0,0,0
18,1,1,0,0,0
27,1,1,0,0,0
30,1,2,0,0,0
29,1,1,0,0,0
29,1,2,0,0,0
20,1,1,0,0,0
15,1,1,0,0,0
20,1,1,0,0,0
26,1,1,0,1,0
18,1,1,0,0,0
18,1,1,0,0,0
20,1,1,0,0,0
25,1,1,0,0,0
20,1,1,0,0,0
17,1,1,0,0,0
20,1,1,0,0,0
20,1,1,0,0,0
29,1,1,0,0,0
15,1,1,0,0,0
25,1,1,0,0,0
25,1,1,0,0,0
20,1,1,0,1,0
19,1,1,0,0,0
19,1,2,0,0,0
23,1,1,0,1,0
17,1,1,0,0,0
26,1,1,0,0,0
28,1,1,0,0,0
20,1,1,0,0,0
22,1,1,0,0,0
22,1,2,0,0,0
18,1,1,0,0,0
24,1,1,0,0,0
17,1,1,0,0,0
18,1,1,0,0,0
24,1,1,0,0,0
25,1,1,0,0,0
14,1,1,0,0,0
18,1,1,0,0,0
22,1,1,0,0,0
19,1,1,0,0,0
21,1,1,0,0,0
21,1,1,0,0,0
32,1,1,0,0,0
21,1,1,0,0,0
19,1,1,0,0,0
25,1,1,0,0,0
23,1,2,0,0,0
16,1,1,0,0,0
19,1,1,0,0,0
15,1,1,0,0,0
20,1,1,0,0,0
18,1,1,0,0,0
23,1,1,0,0,0
23,1,1,0,0,0
26,1,1,0,0,0
18,1,1,0,0,0
24,1,1,0,0,0
22,1,1,0,0,0
34,1,2,0,0,0
25,1,1,0,0,0
21,1,1,0,0,0
38,1,1,0,0,0
20,1,1,0,0,0
17,1,1,0,0,0
23,1,1,0,0,0
25,1,1,0,0,0
23,1,1,0,0,0
28,1,2,0,0,0
21,1,1,0,1,0
20,1,1,0,0,0
25,1,1,0,1,0
28,1,1,0,0,0
25,1,1,0,0,0
25,1,1,0,0,0
18,1,1,0,0,0
24,1,1,0,1,0
17,1,1,0,0,0
15,1,1,0,0,0
17,1,1,0,0,0
20,1,1,0,0,0
19,1,1,0,1,0
17,1,1,0,0,0
14,1,1,0,0,0
19,1,1,0,0,0
27,1,1,0,0,0
17,1,1,0,0,0
29,1,1,0,1,0
21,1,1,0,0,0
22,1,2,0,0,0
18,1,1,0,0,0
23,1,1,0,0,0
22,1,1,0,0,0
26,1,1,0,0,0
24,1,1,0,0,0
21,1,1,0,0,0
16,1,1,0,0,0
27,1,1,0,0,0
21,1,1,0,0,0
17,1,1,0,0,0
26,1,1,0,0,0
16,1,1,0,0,0
33,1,1,0,2,0
24,1,1,0,1,0
22,1,1,0,0,0
21,1,1,0,0,0
22,1,1,0,0,0
21,1,2,0,0,0
27,1,1,0,0,0
21,1,1,0,0,0
18,1,1,0,0,0
17,1,1,0,0,0
22,1,1,0,0,0
20,1,1,0,0,0
24,1,1,0,0,0
22,1,1,0,0,0
20,1,1,0,0,0
24,1,1,0,0,0
21,1,1,0,0,0
20,1,1,0,0,0
22,1,1,0,0,0
28,1,1,0,0,0
18,1,1,0,0,0
26,1,1,0,0,0
20,1,2,0,0,0
22,1,1,0,0,0
24,1,1,0,0,0
19,1,1,0,0,0
21,1,2,0,0,0
15,1,1,0,0,0
32,1,2,0,0,0
26,1,1,0,0,0
21,1,2,0,0,0
20,1,1,0,0,0
16,1,1,0,0,0
17,1,1,0,1,0
18,1,1,0,0,0
23,1,1,0,1,0
21,1,1,0,0,0
22,1,1,0,0,0
21,1,1,0,0,0
19,1,1,0,0,0
36,1,2,0,0,0
28,1,1,0,0,0
17,1,1,0,0,0
15,1,1,0,0,0
24,1,1,0,0,0
16,1,1,0,0,0
22,1,1,0,0,0
18,1,1,0,0,0
23,1,1,0,0,0
21,1,1,0,1,0
22,1,1,0,0,0
19,1,1,0,0,0
19,1,2,0,0,0
27,1,1,0,0,0
26,1,1,0,0,0
17,1,1,0,0,0
22,1,1,0,0,0
20,1,1,0,0,0
21,1,1,0,0,0
18,1,1,0,0,0
16,1,1,0,0,0
18,1,1,0,0,0
28,1,1,0,1,0
21,1,1,0,0,0
22,1,1,0,0,0
16,1,1,0,0,0
19,1,1,0,0,0
26,1,1,0,1,0
28,1,1,0,1,0
18,1,2,0,0,0
19,1,2,0,0,0
17,1,1,0,0,0
19,1,1,0,0,0
19,1,1,0,0,0
25,1,1,0,0,0
29,1,1,0,0,0
16,1,1,0,0,0
21,1,1,0,0,0
17,1,1,0,0,0
27,1,1,0,1,0
17,1,1,0,0,0
18,1,2,0,0,0
29,1,1,0,0,0
23,1,1,0,0,0
16,1,1,0,0,0
14,1,1,0,0,0
20,1,1,0,0,0
28,1,1,0,1,0
16,1,1,0,0,0
22,1,1,0,1,0
15,1,1,0,0,0
22,1,2,0,0,0
20,1,2,0,0,0
28,1,1,0,0,0
24,1,1,0,1,0
20,1,1,0,0,0
20,1,1,0,0,0
18,1,1,0,0,0
21,1,1,0,0,0
18,1,1,0,0,0
21,1,1,0,0,0
18,1,1,0,0,0
24,1,1,0,0,0
18,1,1,0,0,0
20,1,1,0,0,0
24,1,1,0,0,0
20,1,1,0,0,0
27,1,2,0,0,0
30,1,1,0,0,0
26,1,1,0,0,0
17,1,1,0,0,0
19,1,1,0,0,0
22,1,1,0,0,0
15,1,1,0,0,0
19,1,2,0,0,0
24,1,1,0,0,0
27,1,1,0,0,0
19,1,1,0,0,0
18,1,2,0,0,0
27,1,1,0,0,0
23,1,1,0,1,0
29,1,2,0,0,0
24,1,1,0,0,0
27,1,2,0,0,0
19,1,1,0,0,0
26,1,2,0,0,0
25,1,1,0,0,0
20,1,1,0,0,0
22,1,1,0,0,0
26,1,1,0,0,0
20,1,1,0,0,0
16,1,1,0,0,0
18,1,1,0,0,0
25,1,2,0,0,0
35,1,1,0,0,0
22,1,1,0,0,0
25,1,1,0,0,0
21,1,1,0,0,0
28,1,1,0,0,0
26,1,1,0,0,0
19,1,1,0,0,0
28,1,2,0,0,0
18,1,2,0,0,0
34,1,1,0,1,0
19,1,2,0,0,0
25,1,1,0,0,0
23,1,2,0,0,0
21,1,1,0,0,0
19,1,1,0,0,0
17,1,1,0,0,0
19,1,1,0,0,0
32,1,2,0,0,0
17,1,1,0,0,0
24,1,2,0,0,0
19,1,1,0,0,0
25,1,1,0,0,0
26,1,1,0,0,0
22,1,1,0,0,0
14,1,1,0,0,0
28,1,1,0,0,0
17,1,1,0,0,0
21,1,2,0,0,0
16,1,1,0,0,0
20,1,1,0,0,0
15,1,1,0,0,0
21,1,1,0,0,0
15,1,1,0,0,0
20,1,1,0,0,0
18,1,1,0,0,0
13,1,1,0,0,0
24,1,2,0,0,0
24,1,1,0,2,0
27,1,1,0,0,0
19,1,1,0,0,0
21,1,1,0,0,0
22,1,1,0,0,0
15,1,1,0,0,0
22,1,1,0,0,0
20,1,1,0,0,0
28,1,1,0,0,0
27,1,1,0,0,0
26,1,1,0,1,0
23,1,1,0,1,0
23,1,1,0,0,0
24,1,1,0,0,0
22,1,2,0,0,0
31,1,2,0,0,0
22,1,1,0,0,0
22,1,1,0,1,0
19,1,1,0,0,0
17,1,1,0,0,0
27,1,1,0,0,0
18,1,1,0,0,0
26,1,1,0,2,0
21,1,1,0,0,0
19,1,1,0,0,0
18,1,1,0,0,0
31,1,1,0,0,0
27,1,1,0,0,0
26,1,1,0,0,0
18,1,1,0,0,0
20,1,2,0,0,0
21,1,2,0,0,0
31,1,2,0,0,0
23,1,1,0,0,0
18,1,1,0,0,0
25,1,1,0,1,0
19,1,1,0,0,0
24,1,1,0,0,0
29,1,1,0,0,0
19,1,1,0,0,0
22,1,1,0,0,0
16,1,1,0,0,0
24,1,1,0,1,0
19,1,1,0,0,0
18,1,1,0,0,0
20,1,1,0,0,0
24,1,1,0,0,0
29,1,1,0,1,0
19,1,1,0,0,0
19,1,2,0,0,0
21,1,1,0,0,0
25,1,1,0,0,0
23,1,1,0,0,0
17,1,1,0,0,0
17,1,1,0,0,0
32,1,1,0,0,0
20,1,1,0,0,0
22,1,1,0,0,0
27,1,1,0,0,0
23,1,1,0,0,0
23,1,1,0,0,0
19,1,1,0,1,0
18,1,1,0,0,0
33,1,1,0,0,0
18,1,1,0,0,0
25,1,1,0,0,0
21,1,1,0,1,0
15,1,1,0,0,0
21,1,1,0,0,0
27,1,1,0,0,0
20,1,1,0,0,0
24,1,1,0,0,0
21,1,1,0,0,0
19,1,1,0,0,0
21,1,1,0,0,0
19,1,1,0,0,0
25,1,1,0,0,0
19,1,1,0,0,0
24,1,1,0,0,0
21,1,1,0,0,0
16,1,1,0,0,0
30,1,1,0,0,0
21,1,1,0,0,0
16,1,1,0,0,0
18,1,1,0,0,0
18,1,2,0,0,0
18,1,1,0,0,0
26,1,1,0,0,0
20,1,1,0,0,0
22,1,1,0,0,0
26,1,1,0,0,0
20,1,1,0,0,0
18,1,1,0,0,0
18,1,1,0,0,0
24,1,1,0,0,0
26,1,1,0,0,0
17,1,1,0,0,0
24,1,1,0,0,0
21,1,1,0,0,0
19,1,1,0,0,0
17,1,2,0,0,0
17,1,2,0,0,0
25,1,1,0,0,0
22,1,1,0,0,0
30,1,2,0,0,0
17,1,1,0,0,0
20,1,2,0,0,0
25,1,2,0,0,0
22,1,1,0,0,0
22,1,1,0,0,0
25,1,1,0,0,0
21,1,1,0,0,0
21,1,1,0,0,0
18,1,1,0,0,0
21,1,1,0,0,0
27,1,1,0,0,0
24,1,1,0,0,0
15,1,1,0,0,0
22,1,1,0,0,0
21,1,1,0,0,0
23,1,1,0,0,0
16,1,1,0,0,0
16,1,1,0,0,0
20,1,1,0,0,0
28,1,1,0,1,0
20,1,1,0,0,0
24,1,1,0,0,0
20,1,2,0,0,0
22,1,2,0,0,0
18,1,2,0,0,0
19,1,1,0,0,0
26,1,2,0,0,0
20,1,1,0,0,0
19,1,1,0,0,0
28,1,1,0,0,0
16,1,1,0,0,0
18,1,1,0,0,0
27,1,2,0,0,0
20,1,1,0,0,0
16,1,1,0,0,0
22,1,1,0,0,0
23,1,1,0,0,0
19,1,1,0,0,0
27,1,1,0,0,0
20,1,1,0,0,0
14,1,1,0,0,0
25,1,2,0,0,0
16,1,1,0,0,0
24,1,1,0,0,0
21,1,1,0,0,0
24,1,1,0,0,0
30,1,1,0,0,0
25,1,1,0,2,0
20,1,1,0,0,0
23,1,2,0,0,0
22,1,1,0,0,0
22,1,1,0,1,0
22,1,1,0,0,0
26,1,1,0,0,0
17,1,1,0,0,0
23,1,1,0,0,0
23,1,1,0,0,0
25,1,1,0,0,0
25,1,1,0,0,0
23,1,1,0,0,0
27,1,2,0,0,0
27,1,1,0,1,0
19,1,1,0,0,0
31,1,1,0,1,0
24,1,1,0,0,0
20,1,1,0,0,0
25,1,1,0,1,0
21,1,1,0,0,0
19,1,2,0,0,0
25,1,2,0,0,0
16,1,1,0,0,0
26,1,1,0,1,0
20,1,1,0,0,0
29,1,1,0,0,0
20,1,1,0,0,0
22,1,1,0,0,0
21,1,1,0,1,0
26,1,1,0,0,0
28,1,1,0,0,0
21,1,1,0,0,0
24,1,1,0,0,0
23,1,1,0,2,0
19,1,1,0,0,0
26,1,1,0,0,0
20,1,1,0,0,0
22,1,1,0,0,0
27,1,1,0,0,0
31,1,1,0,0,0
21,1,1,0,0,0
20,1,1,0,0,0
27,1,1,0,0,0
35,1,1,0,0,0
17,1,1,0,0,0
18,1,1,0,0,0
15,1,1,0,0,0
23,1,1,0,0,0
23,1,1,0,0,0
26,1,1,0,0,0
17,1,1,0,0,0
26,1,1,0,0,0
23,1,1,0,0,0
18,1,2,0,0,0
25,1,1,0,0,0
21,1,1,0,0,0
29,1,1,0,2,0
22,1,2,0,0,0
19,1,1,0,0,0
28,1,1,0,0,0
16,1,1,0,0,0
17,1,1,0,0,0
28,1,2,0,0,0
29,1,1,0,1,0
23,1,1,0,0,0
18,1,1,0,0,0
17,1,1,0,0,0
24,1,1,0,0,0
29,1,1,0,0,0
21,1,1,0,0,0
19,1,1,0,0,0
24,1,1,0,0,0
21,1,1,0,0,0
19,1,1,0,0,0
23,1,1,0,0,0
20,1,1,0,0,0
18,1,1,0,0,0
32,1,1,0,0,0
18,1,1,0,0,0
24,1,1,0,1,0
17,1,1,0,1,0
23,1,1,0,0,0
27,1,2,0,0,0
23,1,1,0,0,0
25,1,1,0,0,0
17,1,1,0,1,0
24,1,1,0,0,0
20,1,1,0,0,0
16,1,1,0,0,0
21,1,2,0,1,0
16,1,1,0,0,0
28,1,2,0,0,0
26,1,1,0,0,0
28,1,1,0,0,0
19,1,1,0,0,0
24,1,1,0,0,0
20,1,1,0,0,0
22,1,1,0,0,0
27,1,1,0,0,0
20,1,1,0,0,0
20,1,1,0,0,0
24,1,1,0,0,0
19,1,1,0,0,0
14,1,1,0,0,0
17,1,1,0,1,0
27,1,1,0,0,0
23,1,1,0,0,0
18,1,2,0,0,0
20,1,1,0,0,0
20,1,1,0,0,0
21,1,1,0,0,0
14,1,1,0,0,0
20,1,1,0,0,0
26,1,1,0,0,0
19,1,2,0,0,0
24,1,1,0,2,0
25,1,2,0,0,0
18,1,2,0,0,0
24,1,1,0,0,0
18,1,1,0,0,0
20,1,1,0,0,0
18,1,1,0,0,0
27,1,2,0,0,0
22,1,1,0,0,0
19,1,1,0,0,0
16,1,1,0,0,0
19,1,1,0,0,0
26,1,2,0,0,0
20,1,1,0,0,0
28,1,1,0,0,0
29,1,1,0,0,0
30,1,1,0,0,0
21,1,1,0,0,0
15,1,1,0,0,0
24,1,1,0,0,0
24,1,1,0,0,0
21,1,1,0,0,0
27,1,1,0,0,0
24,1,1,0,0,0
19,1,1,0,0,0
19,1,1,0,0,0
18,1,1,0,0,0
22,1,1,0,1,0
24,1,1,0,0,0
20,1,1,0,0,0
20,1,2,0,0,0
19,1,1,0,0,0
23,1,1,0,0,0
17,1,1,0,0,0
19,1,1,0,0,0
16,1,1,0,2,0
20,1,1,0,0,0
26,1,1,0,0,0
32,1,1,0,1,0
22,1,1,0,0,0
26,1,1,0,0,0
15,1,1,0,0,0
25,1,1,0,0,0
23,1,1,0,0,0
19,1,1,0,0,0
18,1,2,0,0,0
24,1,1,0,1,0
13,1,1,0,0,0
19,1,1,0,0,0
18,1,1,0,0,0
17,1,1,0,0,0
18,1,1,0,0,0
17,1,1,0,0,0
20,1,1,0,0,0
28,1,1,0,1,0
26,1,1,0,0,0
25,1,1,0,0,0
14,1,1,0,0,0
24,1,1,0,0,0
22,1,1,0,0,0
22,1,1,0,0,0
19,1,1,0,0,0
25,1,1,0,0,0
18,1,1,0,0,0
23,1,1,0,0,0
22,1,1,0,0,0
19,1,1,0,0,0
19,1,1,0,0,0
18,1,1,0,0,0
17,1,1,0,0,0
25,1,1,0,0,0
19,1,1,0,0,0
19,1,1,0,0,0
20,1,1,0,0,0
26,1,1,0,0,0
28,1,1,0,0,0
24,1,1,0,1,0
18,1,1,0,0,0
30,1,1,0,0,0
20,1,1,0,0,0
22,1,1,0,0,0
21,1,1,0,0,0
23,1,1,0,0,0
16,1,1,0,0,0
18,1,1,0,0,0
18,1,1,0,0,0
17,1,1,0,0,0
31,1,2,0,0,0
18,1,1,0,0,0
18,1,1,0,0,0
19,1,1,0,0,0
27,1,1,0,1,0
19,1,1,0,0,0
18,1,1,0,0,0
22,1,1,0,0,0
17,1,1,0,0,0
23,1,2,0,0,0
21,1,1,0,0,0
15,1,1,0,0,0
21,1,1,0,0,0
24,1,1,0,0,0
20,1,1,0,0,0
22,1,1,0,0,0
18,1,1,0,0,0
15,1,1,0,0,0
23,1,1,0,0,0
18,1,1,0,0,0
25,1,1,0,0,0
24,1,1,0,0,0
24,1,1,0,0,0
19,1,1,0,1,0
37,1,1,0,0,0
18,1,1,0,0,0
20,1,1,0,0,0
16,1,1,0,0,0
14,1,1,0,0,0
26,1,1,0,0,0
24,1,1,0,0,0
21,1,1,0,0,0
18,1,1,0,0,0
22,1,1,0,0,0
20,1,1,0,0,0
18,1,1,0,0,0
20,1,2,0,0,0
31,1,1,0,0,0
22,1,1,0,0,0
21,1,1,0,0,0
27,1,1,0,0,0
24,1,2,0,0,0
20,1,1,0,0,0
20,1,1,0,0,0
34,1,1,0,2,0
16,1,1,0,0,0
20,1,1,0,0,0
21,1,1,0,0,0
21,1,2,0,0,0
20,1,1,0,0,0
20,1,1,0,0,0
17,1,2,0,0,0
22,1,2,0,0,0
23,1,1,0,0,0
19,1,1,0,0,0
26,1,1,0,0,0
16,1,1,0,0,0
20,1,1,0,0,0
18,1,1,0,0,0
18,1,1,0,0,0
18,1,1,0,0,0
26,1,1,0,0,0
33,1,1,0,0,0
23,1,1,0,0,0
32,1,1,0,1,0
20,1,1,0,0,0
21,1,1,0,1,0
19,1,1,0,0,0
26,1,1,0,0,0
20,1,2,0,0,0
25,1,1,0,1,0
18,1,2,0,0,0
19,1,1,0,0,0
15,1,1,0,0,0
23,1,1,0,0,0
22,1,1,0,0,0
17,1,1,0,0,0
23,1,1,0,0,0
21,1,1,0,0,0
21,1,1,0,0,0
18,1,1,0,0,0
16,1,1,0,0,0
20,1,1,0,0,0
18,1,1,0,0,0
20,1,1,0,0,0
15,1,1,0,0,0
22,1,1,0,0,0
24,1,1,0,0,0
21,1,1,0,0,0
20,1,1,0,0,0
18,1,1,0,0,0
41,1,1,0,0,0
22,1,1,0,0,0
26,1,1,0,2,0
19,1,1,0,1,0
22,1,1,0,0,0
19,1,1,0,0,0
19,1,2,0,0,0
21,1,1,0,0,0
26,1,2,0,0,0
29,1,1,0,0,0
22,1,1,0,0,0
18,1,1,0,0,0
23,1,1,0,0,0
19,1,1,0,0,0
19,1,1,0,0,0
29,1,1,0,1,0
23,1,1,0,0,0
18,1,1,0,0,0
22,1,1,0,0,0
19,1,1,0,0,0
18,1,1,0,0,0
21,1,1,0,0,0
17,1,1,0,0,0
21,1,1,0,0,0
22,1,1,0,0,0
18,1,1,0,0,0
31,1,1,0,0,0
22,1,1,0,0,0
21,1,1,0,0,0
24,1,1,0,0,0
20,1,1,0,0,0
19,1,1,0,0,0
16,1,1,0,0,0
20,1,1,0,0,0
23,1,1,0,0,0
20,1,1,0,1,0
21,1,2,0,0,0
16,1,1,0,0,0
24,1,1,0,0,0
17,1,1,0,0,0
43,1,1,0,0,0
23,1,1,0,0,0
24,1,2,0,0,0
21,1,1,0,0,0
18,1,1,0,0,0
19,1,1,0,0,0
20,1,1,0,0,0
19,1,1,0,3,0
31,1,1,0,0,0
25,1,1,0,0,0
17,1,1,0,0,0
22,1,1,0,0,0
26,1,1,0,0,0
18,1,1,0,0,0
23,1,1,0,1,0
23,1,1,0,0,0
21,1,1,0,0,0
24,1,1,0,1,0
18,1,2,0,0,0
29,1,1,0,0,0
29,1,1,0,0,0
22,1,1,0,0,0
29,1,1,0,0,0
30,1,1,0,0,0
19,1,1,0,0,0
21,1,2,0,0,0
38,1,1,0,1,0
16,1,1,0,0,0
18,1,1,0,0,0
22,1,1,0,0,0
23,1,1,0,0,0
21,1,1,0,0,0
18,1,1,0,0,0
19,1,1,0,0,0
24,1,1,0,0,0
19,1,1,0,0,0
18,1,1,0,0,0
18,1,1,0,0,0
24,1,1,0,0,0
27,1,2,0,0,0
20,1,1,0,0,0
17,1,1,0,0,0
20,1,1,0,0,0
29,1,1,0,0,0
21,1,1,0,0,0
18,1,1,0,0,0
23,1,1,0,0,0
23,1,2,0,0,0
17,1,1,0,0,0
22,1,1,0,0,0
17,1,2,0,0,0
24,1,1,0,0,0
19,1,1,0,1,0
24,1,1,0,0,0
27,1,1,0,0,0
20,1,1,0,0,0
18,1,1,0,0,0
21,1,1,0,0,0
17,1,1,0,0,0
23,1,2,0,0,0
22,1,1,0,1,0
25,1,2,0,0,0
20,1,1,0,0,0
21,1,2,0,0,0
20,1,1,0,0,0
23,1,1,0,0,0
19,1,1,0,0,0
27,1,1,0,0,0
20,1,1,0,0,0
22,1,1,0,1,0
18,1,1,0,0,0
20,1,1,0,0,0
20,1,1,0,0,0
23,1,1,0,0,0
20,1,1,0,0,0
21,1,1,0,0,0
24,1,1,0,0,0
20,1,1,0,0,0
19,1,1,0,1,0
26,1,3,0,0,0
21,1,1,0,0,0
16,1,1,0,0,0
23,1,2,0,0,0
18,1,1,0,0,0
19,1,1,0,0,0
18,1,1,0,0,0
19,1,2,0,0,0
26,1,2,0,0,0
19,1,1,0,1,0
28,1,2,0,0,0
18,1,1,0,1,0
15,1,1,0,0,0
18,1,1,0,0,0
27,1,1,0,0,0
15,1,1,0,0,0
29,1,1,0,0,0
32,1,1,0,0,0
22,1,1,0,0,0
17,1,1,0,0,0
21,1,1,0,1,0
18,1,2,0,0,0
18,1,1,0,1,0
19,1,1,0,0,0
18,1,1,0,0,0
14,1,1,0,0,0
19,1,2,0,0,0
20,1,1,0,0,0
18,1,1,0,0,0
19,1,1,0,0,0
18,1,1,0,0,0
19,1,1,0,0,0
15,1,1,0,0,0
17,1,1,0,0,0
21,1,1,0,1,0
28,1,1,0,0,0
16,1,1,0,0,0
25,1,1,0,0,0
24,1,1,0,0,0
25,1,1,0,1,0
21,1,1,0,0,0
18,1,1,0,0,0
21,1,1,0,1,0
19,1,1,0,0,0
24,1,1,0,0,0
23,1,1,0,0,0
22,1,1,0,0,0
15,1,1,0,0,0
18,1,1,0,0,0
16,1,1,0,0,0
24,1,1,0,0,0
28,1,1,0,1,0
21,1,1,0,0,0
17,1,1,0,0,0
19,1,1,0,0,0
23,1,1,0,0,0
15,1,1,0,0,0
21,1,1,0,0,0
26,1,1,0,0,0
31,1,2,0,0,0
49,1,1,0,0,0
21,1,1,0,0,0
21,1,1,0,0,0
17,1,1,0,0,0
21,1,1,0,0,0
20,1,1,0,0,0
19,1,1,0,0,0
18,1,1,0,0,0
16,1,1,0,0,0
21,1,1,0,0,0
24,1,1,0,0,0
21,1,1,0,0,0
20,1,1,0,0,0
18,1,1,0,0,0
22,1,1,0,0,0
23,1,2,0,0,0
19,1,1,0,0,0
26,1,1,0,0,0
19,1,1,0,0,0
27,1,1,0,2,0
23,1,1,0,0,0
21,1,2,0,0,0
19,1,1,0,0,0
22,1,1,0,0,0
24,1,2,0,0,0
16,1,1,0,0,0
20,1,1,0,0,0
18,1,1,0,0,0
23,1,1,0,0,0
18,1,1,0,0,0
23,1,1,0,0,0
20,1,1,0,0,0
27,1,2,0,0,0
20,1,1,0,0,0
20,1,1,0,0,0
22,1,1,0,0,0
14,1,1,0,0,0
34,1,1,0,0,0
14,1,1,0,0,0
16,1,1,0,0,0
16,1,1,0,0,0
19,1,2,0,0,0
20,1,1,0,0,0
23,1,1,0,0,0
26,1,1,0,0,0
19,1,1,0,1,0
20,1,1,0,0,0
24,1,1,0,0,0
17,1,1,0,0,0
26,1,1,0,1,0
22,1,1,0,0,0
18,1,1,0,0,0
21,1,1,0,0,0
28,1,1,0,0,0
20,1,2,0,0,0
21,1,1,0,0,0
24,1,1,0,0,0
22,1,1,0,0,0
27,1,1,0,1,0
17,1,1,0,0,0
14,1,1,0,0,0
26,1,1,0,0,0
16,1,1,0,0,0
18,1,1,0,0,0
21,1,1,0,0,0
23,1,1,0,0,0
28,1,1,0,0,0
20,1,1,0,0,0
29,1,1,0,0,0
15,1,1,0,0,0
22,1,1,0,0,0
16,1,1,0,0,0
27,1,1,0,1,0
18,1,1,0,1,0
22,1,1,0,1,0
29,1,1,0,0,0
22,1,1,0,0,0
21,1,1,0,0,0
23,1,1,0,0,0
16,1,1,0,0,0
28,1,1,0,0,0
16,1,1,0,0,0
22,1,1,0,0,0
26,1,1,0,0,0
20,1,1,0,0,0
27,1,1,0,0,0
25,1,1,0,0,0
22,1,1,0,0,0
26,1,1,0,0,0
19,1,1,0,0,0
18,1,1,0,0,0
21,1,1,0,0,0
21,1,1,0,1,0
19,1,1,0,0,0
15,1,1,0,0,0
20,1,2,0,0,0
18,1,1,0,0,0
16,1,1,0,0,0
21,1,2,0,0,0
27,1,1,0,0,0
20,1,1,0,0,0
14,1,1,0,0,0
17,1,1,0,0,0
15,1,1,0,0,0
19,1,1,0,0,0
23,1,1,0,0,0
24,1,1,0,0,0
30,1,1,0,0,0
21,1,1,0,1,0
17,1,1,0,0,0
24,1,1,0,0,0
18,1,1,0,0,0
16,1,1,0,0,0
26,1,1,0,0,0
26,1,1,0,0,0
24,1,1,0,0,0
17,1,1,0,1,0
18,1,1,0,0,0
26,1,1,0,0,0
22,1,1,0,0,0
18,1,1,0,0,0
13,1,1,0,0,0
16,1,1,0,0,0
23,1,1,0,1,0
20,1,1,0,0,0
19,1,2,0,0,0
21,1,1,0,0,0
21,1,1,0,0,0
19,1,1,0,0,0
23,1,1,0,0,0
17,1,1,0,0,0
17,1,1,0,0,0
20,1,1,0,0,0
18,1,2,0,0,0
20,1,1,0,0,0
23,1,1,0,0,0
18,1,1,0,0,0
24,1,2,0,0,0
28,1,1,0,1,0
21,1,1,0,0,0
30,1,1,0,0,0
18,1,2,0,0,0
19,1,1,0,0,0
25,1,1,0,0,0
18,1,1,0,0,0
31,1,1,0,0,0
20,1,1,0,0,0
19,1,1,0,0,0
25,1,1,0,0,0
18,1,1,0,0,0
19,1,1,0,0,0
26,1,1,0,0,0
18,1,1,0,0,0
15,1,1,0,0,0
19,1,1,0,0,0
16,1,1,0,0,0
32,1,1,0,0,0
17,1,1,0,0,0
14,1,1,0,0,0
17,1,1,0,0,0
19,1,1,0,0,0
28,1,1,0,0,0
17,1,1,0,0,0
18,1,1,0,0,0
26,1,1,0,0,0
20,1,1,0,0,0
31,1,1,0,1,0
24,1,1,0,0,0
14,1,1,0,0,0
25,1,1,0,0,0
23,1,1,0,0,0
20,1,1,0,0,0
22,1,1,0,1,0
25,1,1,0,1,0
34,1,2,0,0,0
21,1,1,0,0,0
23,1,2,0,0,0
27,1,1,0,0,0
21,1,1,0,0,0
23,1,2,0,0,0
20,1,1,0,0,0
25,1,1,0,0,0
22,1,1,0,0,0
20,1,1,0,0,0
22,1,1,0,0,0
25,1,1,0,0,0
23,1,1,0,0,0
26,1,1,0,0,0
20,1,1,0,0,0
25,1,2,0,0,0
22,1,1,0,0,0
23,1,1,0,0,0
17,1,1,0,0,0
18,1,1,0,0,0
16,1,1,0,0,0
19,1,2,0,0,0
19,1,1,0,0,0
23,1,1,0,0,0
19,1,1,0,0,0
25,1,1,0,0,0
27,1,1,0,0,0
33,1,1,0,0,0
26,1,1,0,0,0
18,1,1,0,0,0
25,1,1,0,0,0
29,1,1,0,0,0
24,1,1,0,0,0
31,1,1,0,0,0
22,1,1,0,1,0
19,1,2,0,0,0
20,1,1,0,0,0
17,1,1,0,0,0
28,1,1,0,0,0
24,1,1,0,0,0
17,1,1,0,0,0
18,1,1,0,0,0
20,1,1,0,0,0
21,1,1,0,0,0
19,1,1,0,0,0
31,1,1,0,1,0
24,1,1,0,0,0
22,1,1,0,1,0
17,1,1,0,0,0
20,1,1,0,0,0
24,1,1,0,0,0
23,1,1,0,0,0
20,1,1,0,0,0
20,1,1,0,0,0
33,1,2,0,0,0
24,1,2,0,0,0
19,1,2,0,0,0
19,1,1,0,0,0
22,1,2,0,0,0
24,1,2,0,0,0
18,1,1,0,0,0
22,1,1,0,0,0
27,1,1,0,1,0
19,1,1,0,0,0
24,1,1,0,0,0
18,1,1,0,0,0
23,1,2,0,0,0
18,1,1,0,0,0
16,1,1,0,0,0
20,1,1,0,0,0
27,1,1,0,0,0
27,1,1,0,0,0
16,1,1,0,0,0
17,1,1,0,0,0
29,1,1,0,0,0
16,1,1,0,0,0
20,1,1,0,0,0
25,1,1,0,1,0
18,1,1,0,0,0
18,1,1,0,1,0
22,1,1,0,0,0
19,1,1,0,1,0
20,1,2,0,0,0
25,1,1,0,0,0
21,1,1,0,0,0
19,1,1,0,0,0
25,1,1,0,0,0
31,1,1,0,0,0
20,1,1,0,0,0
22,1,1,0,0,0
21,1,1,0,0,0
21,1,1,0,0,0
20,1,1,0,0,0
13,1,1,0,0,0
26,1,1,0,0,0
22,1,2,0,0,0
28,1,1,0,0,0
22,1,1,0,1,0
14,1,1,0,0,0
18,1,2,0,0,0
23,1,1,0,0,0
22,1,1,0,1,0
26,1,1,0,0,0
27,1,1,0,0,0
17,1,1,0,0,0
22,1,2,0,0,0
23,1,1,0,0,0
23,1,2,0,0,0
17,1,1,0,0,0
24,1,1,0,0,0
18,1,1,0,0,0
22,1,1,0,1,0
24,1,1,0,0,0
20,1,1,0,0,0
23,1,1,0,0,0
21,1,1,0,0,0
18,1,1,0,0,0
18,1,2,0,0,0
26,1,1,0,1,0
18,1,2,0,0,0
34,1,2,0,0,0
18,1,2,0,0,0
21,1,1,0,0,0
31,1,1,0,2,0
23,1,1,0,0,0
20,1,1,0,0,0
21,1,1,0,0,0
14,1,1,0,0,0
16,1,1,0,0,0
23,1,1,0,0,0
22,1,1,0,0,0
19,1,1,0,0,0
23,1,1,0,1,0
19,1,1,0,0,0
30,1,1,0,0,0
23,1,1,0,0,0
25,1,1,0,0,0
28,1,2,0,0,0
22,1,1,0,0,0
23,1,1,0,0,0
25,1,1,0,0,0
28,1,1,0,0,0
31,1,1,0,0,0
17,1,1,0,0,0
14,1,1,0,0,0
16,1,1,0,0,0
19,1,1,0,1,0
19,1,2,0,0,0
18,1,1,0,0,0
15,1,1,0,0,0
16,1,1,0,0,0
21,1,2,0,0,0
16,1,1,0,0,0
33,1,1,0,1,0
23,1,1,0,1,0
27,1,1,0,1,0
24,1,1,0,0,0
21,1,1,0,0,0
29,1,1,0,0,0
23,1,1,0,0,0
32,1,1,0,0,0
22,1,2,0,0,0
15,1,1,0,0,0
19,1,1,0,0,0
31,1,1,0,0,0
24,1,1,0,0,0
24,1,1,0,0,0
29,1,1,0,0,0
30,1,1,0,0,0
17,1,1,0,0,0
18,1,1,0,0,0
24,1,1,0,0,0
18,1,1,0,0,0
20,1,1,0,0,0
23,1,1,0,0,0
21,1,1,0,0,0
20,1,1,0,0,0
24,1,1,0,0,0
30,1,1,0,0,0
18,1,1,0,0,0
29,1,1,0,2,0
25,1,1,0,0,0
33,1,1,0,2,0
19,1,1,0,1,0
24,1,1,0,0,0
21,1,1,0,0,0
26,1,1,0,0,0
14,1,1,0,0,0
27,1,1,0,0,0
27,1,1,0,0,0
19,1,1,0,0,0
18,1,1,0,0,0
23,1,1,0,0,0
28,1,1,0,0,0
18,1,1,0,0,0
21,1,1,0,0,0
23,1,2,0,1,0
17,1,1,0,0,0
24,1,2,0,0,0
18,1,1,0,0,0
22,1,1,0,0,0
19,1,1,0,0,0
32,1,1,0,0,0
32,1,1,0,1,0
19,1,1,0,0,0
16,1,1,0,0,0
20,1,1,0,0,0
20,1,1,0,0,0
24,1,1,0,0,0
29,1,2,0,0,0
16,1,1,0,0,0
26,1,1,0,0,0
27,1,1,0,0,0
14,1,1,0,0,0
19,1,1,0,0,0
17,1,1,0,0,0
18,1,1,0,0,0
23,1,1,0,0,0
18,1,1,0,0,0
17,1,1,0,0,0
18,1,1,0,0,0
25,1,1,0,0,0
22,1,1,0,0,0
18,1,1,0,0,0
19,1,2,0,0,0
17,1,1,0,0,0
17,1,1,0,0,0
23,1,1,0,0,0
27,1,1,0,1,0
24,1,1,0,0,0
28,1,1,0,0,0
19,1,1,0,0,0
15,1,1,0,0,0
14,1,1,0,0,0
28,1,1,0,0,0
24,1,1,0,1,0
16,1,1,0,0,0
19,1,1,0,1,0
20,1,1,0,0,0
18,1,1,0,0,0
23,1,1,0,0,0
24,1,1,0,0,0
21,1,1,0,0,0
19,1,1,0,0,0
28,1,1,0,0,0
22,1,1,0,0,0
26,1,1,0,0,0
20,1,1,0,0,0
23,1,1,0,0,0
17,1,1,0,0,0
15,1,1,0,0,0
20,1,1,0,0,0
21,1,1,0,0,0
16,1,1,0,0,0
18,1,1,0,0,0
19,1,1,0,0,0
20,1,1,0,0,0
23,1,2,0,0,0
14,1,1,0,0,0
18,1,1,0,0,0
18,1,1,0,0,0
22,1,1,0,0,0
25,1,1,0,0,0
18,1,1,0,0,0
27,1,1,0,0,0
20,1,1,0,0,0
22,1,1,0,0,0
20,1,1,0,0,0
16,1,1,0,0,0
24,1,1,0,1,0
20,1,1,0,0,0
25,1,1,0,1,0
23,1,2,0,0,0
30,1,1,0,0,0
19,1,1,0,0,0
18,1,1,0,0,0
17,1,1,0,1,0
24,1,1,0,0,0
20,1,1,0,0,0
19,1,1,0,0,0
22,1,1,0,0,0
18,1,1,0,0,0
19,1,1,0,0,0
22,1,1,0,0,0
22,1,1,0,0,0
27,1,1,0,0,0
25,1,1,0,0,0
19,1,2,0,0,0
17,1,1,0,0,0
17,1,1,0,0,0
25,1,1,0,0,0
28,1,1,0,0,0
22,1,1,0,0,0
22,1,1,0,0,0
20,1,1,0,0,0
17,1,1,0,0,0
15,1,1,0,0,0
17,1,1,0,0,0
28,1,1,0,0,0
24,1,1,0,0,0
25,1,1,0,1,0
19,1,1,0,0,0
27,1,1,0,0,0
23,1,1,0,0,0
24,1,1,0,1,0
30,1,1,0,0,0
20,1,1,0,0,0
20,1,1,0,0,0
28,1,1,0,0,0
25,1,1,0,0,0
17,1,1,0,0,0
18,1,1,0,0,0
18,1,1,0,0,0
19,1,1,0,0,0
30,1,1,0,1,0
29,1,1,0,0,0
20,1,1,0,0,0
15,1,1,0,0,0
20,1,1,0,0,0
16,1,1,0,0,0
22,1,1,0,0,0
26,1,2,0,0,0
17,1,1,0,0,0
19,1,2,0,0,0
19,1,1,0,0,0
25,1,1,0,1,0
24,1,1,0,0,0
28,1,2,0,0,0
28,1,1,0,0,0
18,1,1,0,0,0
18,1,1,0,0,0
20,1,1,0,1,0
22,1,1,0,0,0
19,1,1,0,0,0
27,1,1,0,0,0
24,1,1,0,0,0
33,1,1,0,0,0
28,1,1,0,0,0
16,1,1,0,0,0
16,1,1,0,0,0
23,1,1,0,0,0
24,1,1,0,0,0
25,1,1,0,0,0
19,1,1,0,0,0
24,1,1,0,0,0
19,1,2,0,0,0
18,1,1,0,0,0
37,1,1,0,0,0
15,1,1,0,0,0
22,1,1,0,0,0
24,1,1,0,0,0
17,1,1,0,0,0
21,1,1,0,0,0
25,1,1,0,0,0
35,1,1,0,0,0
20,1,1,0,0,0
22,1,1,0,0,0
22,1,1,0,0,0
19,1,1,0,0,0
18,1,1,0,0,0
23,1,1,0,0,0
20,1,1,0,0,0
27,1,1,0,0,0
17,1,1,0,0,0
31,1,2,0,0,0
28,1,1,0,1,0
23,1,1,0,0,0
24,1,1,0,0,0
21,1,1,0,0,0
20,1,1,0,1,0
21,1,1,0,0,0
16,1,1,0,0,0
33,1,1,0,0,0
32,1,1,0,0,0
19,1,1,0,0,0
20,1,1,0,0,0
19,1,1,0,0,0
18,1,1,0,0,0
39,1,1,0,0,0
19,1,1,0,0,0
25,1,1,0,0,0
22,1,1,0,1,0
30,1,1,0,0,0
26,1,1,0,1,0
25,1,1,0,0,0
22,1,1,0,0,0
20,1,1,0,0,0
19,1,1,0,0,0
20,1,1,0,0,0
21,1,1,0,0,0
22,1,1,0,0,0
22,1,1,0,0,0
17,1,1,0,0,0
20,1,2,0,0,0
20,1,1,0,0,0
22,1,1,0,1,0
16,1,1,0,0,0
21,1,1,0,0,0
24,1,1,0,1,0
27,1,2,0,0,0
20,1,1,0,0,0
22,1,1,0,0,0
24,1,1,0,0,0
27,1,2,0,0,0
24,1,1,0,1,0
21,1,1,0,0,0
14,1,1,0,0,0
24,1,1,0,0,0
25,1,1,0,0,0
28,1,1,0,1,0
23,1,2,0,0,0
20,1,2,0,0,0
19,1,1,0,0,0
20,1,1,0,0,0
18,1,1,0,0,0
19,1,1,0,0,0
15,1,1,0,0,0
19,1,1,0,0,0
18,1,1,0,0,0
21,1,1,0,1,0
22,1,1,0,0,0
23,1,1,0,0,0
16,1,1,0,0,0
21,1,1,0,0,0
27,1,1,0,0,0
23,1,1,0,0,0
35,1,1,0,0,0
23,1,1,0,0,0
25,1,1,0,0,0
19,1,1,0,0,0
20,1,1,0,0,0
19,1,1,0,0,0
28,1,1,0,0,0
20,1,1,0,0,0
18,1,1,0,0,0
21,1,1,0,0,0
41,1,1,0,0,0
16,1,1,0,0,0
23,1,1,0,0,0
25,1,2,0,1,0
19,1,1,0,0,0
19,1,1,0,0,0
20,1,1,0,0,0
24,1,1,0,0,0
16,1,1,0,0,0
19,1,1,0,0,0
19,1,1,0,0,0
32,1,1,0,1,0
19,1,1,0,0,0
21,1,1,0,0,0
26,1,1,0,1,0
26,1,1,0,2,0
19,1,1,0,0,0
18,1,1,0,0,0
24,1,1,0,0,0
20,1,1,0,0,0
22,1,1,0,1,0
22,1,1,0,0,0
16,1,1,0,0,0
23,1,1,0,0,0
22,1,1,0,0,0
20,1,1,0,0,0
20,1,1,0,0,0
23,1,1,0,1,0
18,1,1,0,0,0
14,1,1,0,0,0
23,1,1,0,0,0
26,1,1,0,0,0
18,1,1,0,0,0
26,1,1,0,0,0
19,1,1,0,0,0
19,1,1,0,0,0
18,1,1,0,0,0
18,1,1,0,0,0
25,1,2,0,0,0
19,1,1,0,0,0
19,1,1,0,0,0
23,1,1,0,0,0
19,1,1,0,0,0
23,1,1,0,0,0
17,1,1,0,0,0
19,1,2,0,0,0
26,1,1,0,0,0
19,1,1,0,0,0
23,1,1,0,0,0
17,1,1,0,0,0
21,1,1,0,0,0
18,1,1,0,0,0
17,1,1,0,0,0
28,1,1,0,1,0
26,1,1,0,0,0
15,1,1,0,0,0
24,1,1,0,0,0
20,1,1,0,0,0
22,1,1,0,0,0
22,1,1,0,0,0
17,1,1,0,1,0
19,1,1,0,0,0
28,1,1,0,2,0
14,1,1,0,0,0
18,1,1,0,0,0
26,1,1,0,0,0
18,1,1,0,0,0
24,1,1,0,0,0
20,1,1,0,0,0
16,1,1,0,0,0
16,1,1,0,0,0
18,1,1,0,0,0
27,1,1,0,0,0
15,1,1,0,0,0
20,1,1,0,0,0
20,1,1,0,0,0
17,1,1,0,0,0
23,1,1,0,0,0
23,1,1,0,0,0
18,1,1,0,0,0
19,1,1,0,1,0
17,1,1,0,0,0
19,1,1,0,0,0
23,1,1,0,0,0
20,1,1,0,0,0
21,1,2,0,0,0
20,1,1,0,1,0
24,1,1,0,0,0
20,1,1,0,0,0
27,1,1,0,0,0
24,1,1,0,0,0
17,1,1,0,0,0
22,1,1,0,0,0
25,1,1,0,0,0
20,1,2,0,0,0
22,1,1,0,0,0
17,1,1,0,0,0
15,1,1,0,0,0
26,1,1,0,0,0
30,1,1,0,0,0
18,1,1,0,0,0
24,1,1,0,0,0
25,1,1,0,0,0
15,1,1,0,0,0
24,1,1,0,0,0
21,1,1,0,0,0
18,1,1,0,0,0
21,1,1,0,0,0
25,1,1,0,0,0
18,1,2,0,0,0
21,1,1,0,0,0
27,1,1,0,0,0
17,1,1,0,0,0
23,1,1,0,0,0
18,1,1,0,0,0
22,1,2,0,0,0
30,1,1,0,0,0
20,1,1,0,0,0
19,1,1,0,0,0
17,1,1,0,0,0
27,1,1,0,0,0
18,1,1,0,0,0
24,1,1,0,0,0
21,1,1,0,0,0
25,1,2,0,1,0
18,1,1,0,0,0
17,1,1,0,0,0
18,1,1,0,0,0
22,1,1,0,0,0
22,1,1,0,0,0
20,1,1,0,0,0
18,1,1,0,0,0
16,1,1,0,0,0
21,1,1,0,0,0
26,1,1,0,0,0
20,1,1,0,0,0
13,1,1,0,0,0
32,1,1,0,0,0
17,1,1,0,0,0
24,1,1,0,0,0
17,1,1,0,0,0
21,1,1,0,0,0
19,1,1,0,0,0
27,1,1,0,0,0
32,1,1,0,1,0
25,1,1,0,1,0
21,1,1,0,0,0
14,1,1,0,0,0
18,1,1,0,0,0
23,1,1,0,0,0
22,1,1,0,1,0
20,1,1,0,0,0
21,1,1,0,0,0
24,1,1,0,0,0
19,1,2,0,0,0
21,1,1,0,0,0
22,1,1,0,0,0
16,1,1,0,0,0
17,1,1,0,1,0
20,1,1,0,0,0
18,1,2,0,0,0
26,1,1,0,0,0
23,1,1,0,0,0
22,1,1,0,1,0
14,1,1,0,0,0
19,1,1,0,0,0
22,1,1,0,0,0
23,1,1,0,0,0
19,1,1,0,0,0
24,1,1,0,0,0
26,1,1,0,0,0
17,1,1,0,0,0
16,1,1,0,0,0
21,1,1,0,1,0
17,1,1,0,0,0
16,1,1,0,0,0
14,1,1,0,0,0
19,1,1,0,0,0
20,1,1,0,1,0
27,1,1,0,0,0
20,1,1,0,0,0
19,1,1,0,0,0
30,1,2,0,1,0
20,1,1,0,1,0
55,1,1,0,4,0
16,1,1,0,0,0
22,1,1,0,0,0
19,1,1,0,0,0
27,1,1,0,0,0
22,1,1,0,1,0
24,1,1,0,0,0
23,1,1,0,0,0
20,1,1,0,0,0
19,1,1,0,0,0
26,1,1,0,0,0
24,1,1,0,1,0
26,1,1,0,0,0
27,1,1,0,0,0
20,1,1,0,0,0
21,1,1,0,0,0
25,1,1,0,0,0
26,1,1,0,1,0
17,1,1,0,1,0
14,1,1,0,0,0
20,1,2,0,0,0
29,1,1,0,0,0
25,1,2,0,0,0
21,1,1,0,0,0
24,1,1,0,0,0
25,1,1,0,0,0
21,1,3,0,0,0
20,1,1,0,0,0
18,1,2,0,0,0
28,1,1,0,0,0
29,1,1,0,0,0
20,1,1,0,0,0
21,1,1,0,0,0
18,1,1,0,0,0
23,1,1,0,0,0
20,1,1,0,0,0
26,1,1,0,0,0
20,1,1,0,0,0
18,1,2,0,0,0
24,1,1,0,1,0
21,1,1,0,1,0
17,1,1,0,0,0
20,1,2,0,0,0
19,1,1,0,0,0
15,1,1,0,0,0
18,1,1,0,0,0
18,1,1,0,0,0
21,1,1,0,0,0
22,1,1,0,0,0
21,1,1,0,0,0
24,1,1,0,0,0
14,1,1,0,0,0
19,1,1,0,0,0
24,1,1,0,0,0
21,1,1,0,1,0
22,1,1,0,0,0
24,1,2,0,0,0
20,1,1,0,0,0
34,1,1,0,1,0
16,1,1,0,0,0
19,1,1,0,0,0
24,1,1,0,0,0
17,1,1,0,0,0
24,1,1,0,1,0
17,1,1,0,0,0
31,1,1,0,0,0
22,1,1,0,0,0
25,1,2,0,0,0
16,1,1,0,0,0
20,1,1,0,0,0
21,1,2,0,0,0
22,1,1,0,0,0
25,1,1,0,0,0
22,1,1,0,1,0
23,1,1,0,1,0
16,1,1,0,0,0
18,1,1,0,0,0
31,1,1,0,0,0
32,1,1,0,0,0
17,1,1,0,0,0
17,1,1,0,0,0
20,1,1,0,0,0
22,1,1,0,0,0
20,1,1,0,0,0
18,1,1,0,0,0
34,1,1,0,0,0
25,1,1,0,0,0
18,1,2,0,0,0
20,1,1,0,0,0
26,1,2,0,0,0
23,1,1,0,0,0
21,1,1,0,0,0
17,1,1,0,0,0
22,1,1,0,0,0
18,1,1,0,0,0
17,1,1,0,0,0
28,1,1,0,0,0
31,1,1,0,0,0
18,1,1,0,0,0
16,1,1,0,0,0
15,1,1,0,0,0
19,1,1,0,1,0
25,1,2,0,0,0
24,1,1,0,0,0
16,1,1,0,0,0
30,1,1,0,0,0
16,1,1,0,0,0
24,1,1,0,0,0
22,1,2,0,0,0
21,1,1,0,0,0
19,1,1,0,0,0
22,1,1,0,0,0
20,1,1,0,0,0
20,1,1,0,1,0
17,1,1,0,0,0
18,1,1,0,0,0
20,1,1,0,0,0
15,1,1,0,0,0
17,1,1,0,0,0
20,1,1,0,0,0
20,1,1,0,0,0
19,1,1,0,0,0
17,1,1,0,0,0
27,1,1,0,0,0
24,1,1,0,0,0
19,1,1,0,1,0
23,1,1,0,0,0
23,1,1,0,0,0
15,1,1,0,0,0
22,1,1,0,0,0
27,1,1,0,0,0
29,1,1,0,0,0
22,1,1,0,0,0
17,1,1,0,0,0
18,1,1,0,0,0
18,1,1,0,0,0
22,1,1,0,0,0
27,1,1,0,0,0
25,1,1,0,0,0
26,1,1,0,0,0
17,1,1,0,0,0
18,1,1,0,0,0
22,1,1,0,0,0
20,1,1,0,0,0
20,1,2,0,0,0
27,1,2,0,0,0
18,1,1,0,1,0
23,1,1,0,0,0
16,1,1,0,0,0
15,1,1,0,0,0
22,1,2,0,0,0
25,1,1,0,0,0
21,1,1,0,0,0
25,1,1,0,0,0
19,1,1,0,0,0
30,1,1,0,0,0
30,1,2,0,0,0
27,1,1,0,0,0
20,1,1,0,0,0
17,1,1,0,0,0
19,1,1,0,0,0
18,1,1,0,0,0
20,1,1,0,0,0
22,1,1,0,0,0
29,1,1,0,0,0
22,1,1,0,0,0
17,1,1,0,0,0
20,1,1,0,0,0
27,1,1,0,0,0
29,1,1,0,1,0
19,1,2,0,0,0
26,1,1,0,0,0
18,1,1,0,0,0
22,1,1,0,0,0
29,1,1,0,2,0
27,1,2,0,0,0
19,1,1,0,0,0
21,1,1,0,0,0
32,1,2,0,0,0
25,1,3,0,0,0
19,1,1,0,0,0
26,1,1,0,0,0
23,1,1,0,0,0
20,1,1,0,0,0
15,1,1,0,0,0
17,1,1,0,0,0
19,1,1,0,0,0
21,1,1,0,0,0
18,1,1,0,0,0
21,1,1,0,0,0
26,1,1,0,1,0
21,1,1,0,0,0
25,1,1,0,0,0
21,1,1,0,1,0
17,1,1,0,0,0
20,1,1,0,0,0
34,1,3,0,0,0
24,1,1,0,0,0
28,1,1,0,0,0
18,1,1,0,0,0
21,1,1,0,0,0
19,1,1,0,0,0
20,1,1,0,0,0
22,1,1,0,0,0
23,1,1,0,0,0
19,1,2,0,0,0
32,1,1,0,0,0
19,1,1,0,0,0
26,1,1,0,0,0
17,1,1,0,0,0
23,1,1,0,0,0
29,1,1,0,0,0
26,1,1,0,0,0
20,1,1,0,0,0
21,1,1,0,0,0
19,1,1,0,0,0
25,1,1,0,0,0
19,1,1,0,0,0
29,1,1,0,0,0
21,1,2,0,0,0
18,1,2,0,0,0
17,1,1,0,0,0
20,1,1,0,0,0
22,1,1,0,0,0
22,1,1,0,0,0
22,1,1,0,0,0
22,1,1,0,0,0
20,1,1,0,0,0
19,1,1,0,0,0
24,1,1,0,1,0
24,1,1,0,0,0
19,1,1,0,0,0
26,1,1,0,0,0
22,1,1,0,0,0
23,1,2,0,0,0
19,1,1,0,0,0
19,1,1,0,0,0
21,1,1,0,0,0
23,1,1,0,0,0
23,1,1,0,0,0
24,1,1,0,1,0
30,1,1,0,0,0
18,1,1,0,0,0
19,1,2,0,0,0
20,1,1,0,0,0
21,1,1,0,0,0
21,1,1,0,0,0
23,1,1,0,0,0
22,1,1,0,0,0
16,1,1,0,0,0
30,1,1,0,0,0
17,1,1,0,0,0
22,1,2,0,0,0
17,1,1,0,0,0
28,1,1,0,0,0
29,1,2,0,0,0
18,1,1,0,0,0
20,1,1,0,0,0
14,1,1,0,0,0
25,1,1,0,0,0
17,1,1,0,0,0
18,1,1,0,0,0
21,1,1,0,0,0
24,1,2,0,1,0
19,1,1,0,0,0
24,1,1,0,1,0
18,1,1,0,0,0
22,1,1,0,0,0
20,1,1,0,0,0
23,1,1,0,0,0
21,1,1,0,1,0
24,1,1,0,1,0
17,1,1,0,0,0
22,1,1,0,1,0
18,1,2,0,0,0
21,1,1,0,0,0
20,1,1,0,1,0
16,1,1,0,1,0
49,1,1,0,0,0
22,1,1,0,0,0
26,1,1,0,0,0
21,1,1,0,1,0
22,1,1,0,0,0
24,1,1,0,0,0
23,1,1,0,1,0
20,1,1,0,0,0
27,1,2,0,0,0
15,1,1,0,0,0
29,1,1,0,0,0
17,1,1,0,0,0
33,1,1,0,0,0
20,1,1,0,0,0
22,1,2,0,0,0
22,1,1,0,0,0
24,1,1,0,0,0
24,1,1,0,0,0
24,1,2,0,0,0
18,1,1,0,0,0
21,1,1,0,0,0
21,1,1,0,0,0
22,1,1,0,0,0
19,1,1,0,0,0
25,1,1,0,1,0
24,1,1,0,0,0
17,1,1,0,0,0
23,1,1,0,0,0
20,1,1,0,0,0
26,1,1,0,0,0
16,1,1,0,0,0
14,1,1,0,0,0
26,1,1,0,0,0
15,1,1,0,0,0
27,1,1,0,0,0
25,1,1,0,0,0
22,1,1,0,1,0
23,1,2,0,0,0
18,1,1,0,0,0
20,1,2,0,0,0
16,1,1,0,0,0
23,1,1,0,0,0
18,1,1,0,0,0
17,1,1,0,0,0
21,1,1,0,0,0
18,1,2,0,0,0
21,1,1,0,0,0
14,1,1,0,0,0
22,1,1,0,0,0
24,1,2,0,0,0
23,1,1,0,1,0
20,1,1,0,0,0
26,1,2,0,0,0
17,1,1,0,0,0
24,1,1,0,0,0
19,1,1,0,0,0
23,1,1,0,0,0
19,1,1,0,0,0
15,1,1,0,0,0
22,1,1,0,0,0
19,1,2,0,0,0
19,1,2,0,0,0
26,1,1,0,1,0
15,1,1,0,0,0
22,1,1,0,1,0
18,1,1,0,0,0
18,1,2,0,0,0
24,1,1,0,0,0
20,1,1,0,0,0
20,1,2,0,0,0
28,1,1,0,1,0
20,1,2,0,0,0
20,1,1,0,0,0
29,1,1,0,1,0
22,1,2,0,0,0
23,1,1,0,1,0
25,1,1,0,0,0
22,1,1,0,0,0
21,1,1,0,0,0
20,1,1,0,1,0
22,1,1,0,0,0
17,1,1,0,0,0
22,1,1,0,0,0
20,1,1,0,0,0
21,1,1,0,0,0
21,1,1,0,0,0
24,1,1,0,0,0
20,1,1,0,0,0
22,1,1,0,0,0
20,1,1,0,0,0
22,1,1,0,0,0
28,1,1,0,0,0
21,1,1,0,0,0
33,1,2,0,0,0
20,1,2,0,0,0
22,1,1,0,1,0
32,1,1,0,0,0
24,1,1,0,0,0
18,1,1,0,0,0
23,1,1,0,0,0
22,1,1,0,0,0
19,1,1,0,0,0
21,1,1,0,0,0
22,1,1,0,0,0
21,1,1,0,0,0
31,1,1,0,0,0
19,1,2,0,0,0
22,1,2,0,0,0
20,1,1,0,0,0
25,1,1,0,0,0
23,1,1,0,0,0
19,1,1,0,0,0
20,1,1,0,0,0
35,1,1,0,1,0
23,1,1,0,0,0
37,1,1,0,0,0
22,1,1,0,0,0
24,1,1,0,0,0
19,1,1,0,0,0
23,1,1,0,0,0
22,1,1,0,0,0
25,1,1,0,0,0
14,1,1,0,0,0
16,1,1,0,0,0
16,1,1,0,0,0
25,1,1,0,0,0
16,1,1,0,0,0
19,1,1,0,0,0
18,1,1,0,0,0
19,1,1,0,1,0
21,1,1,0,0,0
18,1,1,0,0,0
23,1,1,0,0,0
21,1,1,0,0,0
23,1,1,0,0,0
16,1,1,0,0,0
30,1,1,0,0,0
23,1,1,0,1,0
24,1,2,0,0,0
15,1,1,0,0,0
17,1,1,0,0,0
22,1,1,0,0,0
28,1,1,0,2,0
17,1,2,0,0,0
19,1,1,0,0,0
17,1,1,0,0,0
19,1,1,0,0,0
29,1,2,0,0,0
19,1,1,0,0,0
20,1,1,0,0,0
23,1,1,0,0,0
21,1,1,0,0,0
30,1,1,0,0,0
19,1,1,0,0,0
20,1,1,0,0,0
23,1,1,0,0,0
22,1,1,0,0,0
28,1,1,0,0,0
22,1,1,0,0,0
19,1,1,0,0,0
27,1,2,0,0,0
27,1,1,0,0,0
15,1,1,0,0,0
22,1,2,0,0,0
21,1,1,0,0,0
35,1,1,0,0,0
25,1,1,0,0,0
19,1,1,0,0,0
33,1,2,0,0,0
19,1,1,0,0,0
19,1,1,0,1,0
23,1,2,0,0,0
23,1,1,0,0,0
24,1,1,0,0,0
17,1,2,0,0,0
23,1,1,0,1,0
21,1,1,0,0,0
20,1,1,0,0,0
15,1,1,0,0,0
17,1,1,0,1,0
18,1,1,0,0,0
22,1,1,0,0,0
28,1,1,0,0,0
19,1,2,0,0,0
23,1,1,0,0,0
19,1,1,0,0,0
20,1,1,0,0,0
18,1,1,0,0,0
21,1,1,0,0,0
24,1,1,0,0,0
18,1,1,0,0,0
24,1,1,0,1,0
22,1,1,0,0,0
28,1,1,0,0,0
18,1,1,0,0,0
24,1,1,0,0,0
21,1,1,0,0,0
24,1,1,0,0,0
34,1,2,0,0,0
18,1,1,0,0,0
19,1,1,0,0,0
23,1,1,0,1,0
22,1,1,0,0,0
29,1,1,0,0,0
28,1,1,0,0,0
22,1,1,0,0,0
20,1,1,0,0,0
33,1,2,0,0,0
24,1,1,0,0,0
18,1,1,0,0,0
20,1,1,0,0,0
25,1,1,0,0,0
19,1,1,0,0,0
25,1,2,0,0,0
21,1,1,0,0,0
23,1,1,0,0,0
17,1,1,0,0,0
24,1,2,0,0,0
16,1,1,0,0,0
17,1,1,0,0,0
27,1,1,0,2,0
19,1,2,0,0,0
22,1,1,0,0,0
16,1,1,0,1,0
21,1,1,0,0,0
19,1,1,0,0,0
16,1,1,0,0,0
19,1,1,0,0,0
15,1,1,0,0,0
24,1,1,0,0,0
20,1,1,0,0,0
20,1,1,0,0,0
20,1,1,0,0,0
21,1,1,0,0,0
29,1,1,0,0,0
27,1,1,0,0,0
19,1,1,0,0,0
23,1,1,0,0,0
23,1,1,0,0,0
25,1,2,0,0,0
24,1,1,0,0,0
20,1,1,0,0,0
20,1,1,0,1,0
18,1,2,0,0,0
17,1,1,0,0,0
17,1,1,0,0,0
20,1,1,0,0,0
25,1,1,0,0,0
25,1,1,0,0,0
21,1,1,0,0,0
27,1,1,0,1,0
20,1,1,0,0,0
22,1,1,0,1,0
23,1,1,0,0,0
21,1,1,0,0,0
20,1,1,0,0,0
18,1,1,0,0,0
16,1,1,0,0,0
24,1,1,0,0,0
26,1,1,0,0,0
27,1,1,0,0,0
18,1,1,0,0,0
26,1,1,0,1,0
25,1,1,0,0,0
27,1,1,0,0,0
24,1,1,0,0,0
30,1,1,0,0,0
26,1,1,0,0,0
19,1,1,0,0,0
21,1,1,0,0,0
21,1,1,0,0,0
19,1,1,0,0,0
20,1,1,0,0,0
23,1,1,0,0,0
18,1,1,0,0,0
15,1,1,0,0,0
19,1,1,0,0,0
26,1,1,0,0,0
22,1,1,0,0,0
17,1,1,0,0,0
20,1,1,0,0,0
13,1,1,0,0,0
23,1,1,0,0,0
29,1,1,0,0,0
20,1,1,0,0,0
22,1,1,0,1,0
18,1,1,0,0,0
20,1,1,0,0,0
21,1,1,0,0,0
21,1,1,0,0,0
23,1,1,0,0,0
19,1,1,0,1,0
17,1,2,0,0,0
22,1,1,0,0,0
19,1,2,0,0,0
25,1,1,0,0,0
18,1,1,0,0,0
27,1,1,0,0,0
20,1,1,0,0,0
20,1,1,0,0,0
19,1,1,0,0,0
25,1,1,0,0,0
17,1,1,0,0,0
24,1,1,0,0,0
17,1,1,0,0,0
20,1,1,0,0,0
18,1,1,0,0,0
23,1,1,0,0,0
26,1,1,0,0,0
25,1,1,0,0,0
16,1,1,0,0,0
21,1,2,0,1,0
21,1,1,0,0,0
22,1,1,0,0,0
19,1,1,0,0,0
21,1,1,0,0,0
17,1,1,0,0,0
16,1,1,0,0,0
24,1,1,0,0,0
17,1,1,0,0,0
24,1,1,0,0,0
28,1,1,0,0,0
17,1,1,0,0,0
26,1,1,0,0,0
19,1,1,0,0,0
22,1,2,0,0,0
17,1,1,0,0,0
22,1,1,0,0,0
17,1,1,0,0,0
21,1,1,0,0,0
21,1,1,0,0,0
21,1,2,0,0,0
31,1,1,0,0,0
22,1,1,0,0,0
23,1,2,0,0,0
22,1,1,0,0,0
25,1,1,0,0,0
14,1,1,0,0,0
22,1,1,0,0,0
23,1,1,0,0,0
19,1,1,0,0,0
18,1,1,0,0,0
23,1,1,0,0,0
22,1,1,0,0,0
28,1,1,0,0,0
24,1,1,0,0,0
25,1,1,0,0,0
22,1,1,0,0,0
31,1,1,0,3,0
25,1,1,0,0,0
18,1,1,0,0,0
34,1,1,0,0,0
25,1,1,0,0,0
14,1,1,0,0,0
19,1,1,0,0,0
21,1,1,0,0,0
18,1,1,0,0,0
19,1,1,0,0,0
26,1,1,0,0,0
33,1,2,0,0,0
21,1,1,0,1,0
18,1,1,0,0,0
30,1,1,0,0,0
17,1,1,0,1,0
20,1,1,0,0,0
30,1,2,0,0,0
17,1,1,0,0,0
16,1,1,0,0,0
25,1,1,0,0,0
19,1,1,0,0,0
21,1,1,0,2,0
29,1,2,0,0,0
23,1,1,0,1,0
21,1,2,0,0,0
14,1,1,0,0,0
20,1,2,0,0,0
25,1,1,0,0,0
24,1,1,0,0,0
18,1,1,0,0,0
25,1,1,0,1,0
20,1,1,0,0,0
16,1,1,0,0,0
19,1,1,0,0,0
29,1,1,0,0,0
24,1,1,0,0,0
27,1,1,0,0,0
14,1,1,0,0,0
17,1,1,0,0,0
20,1,1,0,0,0
19,1,1,0,0,0
29,1,2,0,0,0
23,1,1,0,0,0
22,1,1,0,1,0
22,1,1,0,0,0
16,1,1,0,0,0
20,1,1,0,0,0
24,1,1,0,0,0
19,1,2,0,0,0
22,1,1,0,0,0
15,1,1,0,0,0
23,1,1,0,0,0
25,1,1,0,0,0
18,1,1,0,1,0
17,1,1,0,0,0
20,1,1,0,0,0
20,1,1,0,0,0
23,1,1,0,0,0
15,1,1,0,0,0
26,1,1,0,1,0
24,1,1,0,0,0
29,1,1,0,0,0
19,1,1,0,0,0
22,1,1,0,0,0
14,1,1,0,0,0
18,1,1,0,0,0
21,1,1,0,0,0
22,1,1,0,0,0
25,1,1,0,0,0
26,1,1,0,0,0
19,1,1,0,0,0
17,1,1,0,0,0
18,1,1,0,0,0
14,1,1,0,0,0
21,1,1,0,0,0
22,1,1,0,1,0
22,1,1,0,1,0
20,1,1,0,0,0
17,1,1,0,0,0
14,1,1,0,0,0
27,1,1,0,0,0
22,1,1,0,0,0
19,1,1,0,0,0
19,1,2,0,0,0
22,1,1,0,0,0
22,1,1,0,0,0
33,1,1,0,0,0
17,1,1,0,0,0
26,1,1,0,0,0
28,1,1,0,0,0
20,1,1,0,0,0
24,1,1,0,0,0
19,1,1,0,0,0
18,1,2,0,0,0
19,1,1,0,0,0
18,1,1,0,0,0
18,1,1,0,0,0
26,1,2,0,0,0
15,1,1,0,0,0
25,1,1,0,0,0
21,1,1,0,0,0
23,1,1,0,0,0
19,1,1,0,0,0
29,1,1,0,0,0
28,1,1,0,1,0
18,1,1,0,0,0
24,1,1,0,0,0
16,1,1,0,0,0
15,1,1,0,0,0
24,1,1,0,0,0
25,1,1,0,0,0
15,1,1,0,0,0
19,1,2,0,0,0
20,1,1,0,0,0
29,1,1,0,0,0
16,1,1,0,0,0
17,1,1,0,0,0
16,1,1,0,0,0
24,1,1,0,0,0
22,1,1,0,0,0
18,1,1,0,0,0
21,1,1,0,0,0
16,1,1,0,0,0
28,1,1,0,0,0
17,1,1,0,0,0
18,1,1,0,1,0
24,1,1,0,0,0
19,1,1,0,0,0
25,1,1,0,0,0
25,1,1,0,0,0
29,1,1,0,0,0
19,1,1,0,1,0
18,1,1,0,0,0
20,1,1,0,1,0
26,1,2,0,0,0
14,1,1,0,0,0
24,1,1,0,0,0
21,1,1,0,0,0
21,1,1,0,0,0
19,1,1,0,0,0
25,1,1,0,1,0
21,1,1,0,0,0
23,1,1,0,1,0
21,1,1,0,1,0
26,1,1,0,0,0
22,1,1,0,0,0
13,1,1,0,0,0
18,1,2,0,0,0
25,1,1,0,0,0
24,1,1,0,0,0
17,1,1,0,0,0
28,1,1,0,0,0
23,1,2,0,0,0
24,1,2,0,0,0
22,1,1,0,0,0
23,1,1,0,0,0
24,1,1,0,0,0
23,1,1,0,0,0
23,1,2,0,0,0
27,1,1,0,0,0
18,1,1,0,0,0
17,1,1,0,0,0
15,1,1,0,0,0
25,1,1,0,0,0
17,1,1,0,0,0
20,1,1,0,0,0
23,1,1,0,0,0
17,1,1,0,0,0
22,1,1,0,0,0
18,1,1,0,0,0
23,1,1,0,1,0
23,1,1,0,0,0
19,1,1,0,0,0
20,1,1,0,0,0
31,1,1,0,0,0
24,1,1,0,0,0
18,1,1,0,0,0
15,1,1,0,0,0
15,1,1,0,0,0
20,1,1,0,0,0
20,1,1,0,0,0
16,1,1,0,0,0
19,1,1,0,0,0
20,1,1,0,0,0
22,1,1,0,0,0
24,1,2,0,0,0
16,1,1,0,0,0
26,1,1,0,0,0
22,1,1,0,0,0
22,1,1,0,0,0
19,1,1,0,0,0
28,1,1,0,0,0
23,1,2,0,0,0
19,1,1,0,0,0
17,1,1,0,0,0
21,1,1,0,0,0
26,1,2,0,0,0
20,1,2,0,0,0
17,1,1,0,0,0
21,1,1,0,0,0
23,1,1,0,0,0
16,1,1,0,1,0
18,1,1,0,0,0
28,1,1,0,0,0
29,1,1,0,0,0
24,1,2,0,0,0
17,1,1,0,0,0
30,1,1,0,0,0
21,1,1,0,0,0
21,1,1,0,0,0
16,1,1,0,0,0
22,1,1,0,0,0
19,1,1,0,0,0
21,1,1,0,0,0
20,1,1,0,0,0
22,1,1,0,0,0
14,1,1,0,0,0
19,1,2,0,0,0
21,1,1,0,0,0
19,1,1,0,0,0
19,1,1,0,0,0
36,1,1,0,3,0
30,1,1,0,0,0
19,1,1,0,0,0
20,1,1,0,0,0
23,1,1,0,0,0
32,1,2,0,0,0
18,1,1,0,0,0
21,1,1,0,0,0
21,1,2,0,0,0
16,1,1,0,0,0
22,1,1,0,1,0
29,1,1,0,0,0
21,1,2,0,0,0
23,1,1,0,0,0
23,1,1,0,0,0
25,1,1,0,0,0
22,1,1,0,0,0
25,1,1,0,0,0
20,1,1,0,0,0
17,1,1,0,0,0
18,1,1,0,0,0
20,1,1,0,0,0
33,1,1,0,0,0
16,1,1,0,0,0
27,1,1,0,1,0
18,1,1,0,0,0
26,1,1,0,0,0
20,1,1,0,0,0
24,1,1,0,0,0
22,1,1,0,0,0
23,1,1,0,0,0
26,1,1,0,0,0
20,1,1,0,0,0
22,1,1,0,0,0
21,1,1,0,0,0
22,1,1,0,0,0
23,1,1,0,0,0
20,1,1,0,0,0
22,1,1,0,0,0
17,1,1,0,0,0
23,1,1,0,0,0
27,1,2,0,0,0
22,1,1,0,1,0
21,1,1,0,0,0
25,1,1,0,0,0
17,1,1,0,0,0
22,1,1,0,0,0
23,1,1,0,0,0
17,1,1,0,0,0
23,1,1,0,0,0
20,1,1,0,0,0
19,1,1,0,0,0
14,1,1,0,0,0
21,1,1,0,0,0
22,1,1,0,0,0
20,1,2,0,0,0
23,1,1,0,1,0
24,1,1,0,0,0
30,1,1,0,0,0
27,1,1,0,0,0
20,1,1,0,0,0
22,1,2,0,0,0
33,1,1,0,0,0
19,1,1,0,0,0
17,1,1,0,0,0
18,1,1,0,0,0
19,1,1,0,0,0
31,1,1,0,0,0
14,1,1,0,0,0
20,1,1,0,0,0
28,1,1,0,0,0
22,1,1,0,0,0
18,1,2,0,0,0
19,1,1,0,0,0
21,1,2,0,0,0
18,1,1,0,0,0
21,1,1,0,0,0
23,1,1,0,0,0
27,1,1,0,0,0
21,1,2,0,0,0
30,1,2,0,0,0
25,1,1,0,0,0
21,1,1,0,0,0
18,1,1,0,0,0
21,1,1,0,1,0
17,1,1,0,0,0
21,1,1,0,3,0
16,1,1,0,0,0
21,1,1,0,0,0
15,1,1,0,0,0
21,1,1,0,0,0
21,1,1,0,0,0
21,1,1,0,0,0
27,1,1,0,0,0
25,1,1,0,1,0
18,1,1,0,0,0
16,1,1,0,0,0
19,1,1,0,0,0
33,1,1,0,1,0
21,1,1,0,1,0
18,1,1,0,0,0
30,1,1,0,0,0
18,1,1,0,0,0
22,1,1,0,0,0
20,1,1,0,1,0
16,1,1,0,0,0
19,1,2,0,0,0
19,1,1,0,0,0
16,1,1,0,0,0
25,1,1,0,1,0
23,1,1,0,0,0
30,1,2,0,0,0
19,1,1,0,0,0
18,1,1,0,0,0
30,1,1,0,0,0
30,1,1,0,1,0
23,1,1,0,0,0
25,1,1,0,0,0
15,1,1,0,0,0
22,1,1,0,0,0
24,1,1,0,1,0
24,1,1,0,0,0
19,1,1,0,0,0
19,1,1,0,0,0
19,1,1,0,0,0
24,1,1,0,0,0
16,1,1,0,0,0
18,1,1,0,0,0
33,1,1,0,0,0
18,1,1,0,0,0
15,1,1,0,0,0
17,1,1,0,0,0
16,1,1,0,0,0
28,1,1,0,1,0
18,1,1,0,0,0
20,1,1,0,0,0
18,1,1,0,0,0
19,1,1,0,0,0
19,1,1,0,0,0
16,1,1,0,0,0
19,1,1,0,0,0
25,1,1,0,0,0
26,1,2,0,1,0
18,1,1,0,0,0
16,1,1,0,0,0
32,1,1,0,0,0
21,1,1,0,0,0
22,1,1,0,0,0
19,1,1,0,0,0
18,1,1,0,0,0
23,1,1,0,0,0
22,1,1,0,0,0
14,1,1,0,0,0
18,1,1,0,0,0
18,1,1,0,0,0
16,1,1,0,0,0
18,1,1,0,0,0
20,1,1,0,0,0
36,1,2,0,0,0
21,1,1,0,0,0
29,1,1,0,0,0
23,1,1,0,0,0
16,1,1,0,0,0
26,1,1,0,0,0
21,1,1,0,0,0
19,1,1,0,0,0
21,1,1,0,0,0
28,1,1,0,0,0
24,1,1,0,0,0
21,1,1,0,0,0
22,1,1,0,0,0
18,1,1,0,0,0
25,1,1,0,0,0
21,1,1,0,0,0
17,1,1,0,0,0
24,1,1,0,0,0
20,1,2,0,0,0
28,1,1,0,0,0
22,1,2,0,0,0
17,1,1,0,0,0
19,1,1,0,0,0
17,1,1,0,0,0
25,1,1,0,1,0
18,1,1,0,0,0
23,1,1,0,0,0
19,1,1,0,0,0
19,1,1,0,0,0
22,1,1,0,1,0
20,1,1,0,1,0
21,1,1,0,0,0
22,1,1,0,0,0
21,1,2,0,0,0
23,1,1,0,0,0
18,1,1,0,0,0
24,1,1,0,0,0
24,1,1,0,0,0
25,1,1,0,0,0
21,1,1,0,0,0
23,1,1,0,0,0
16,1,2,0,0,0
18,1,1,0,0,0
23,1,2,0,0,0
22,1,1,0,0,0
20,1,1,0,0,0
14,1,1,0,0,0
24,1,1,0,1,0
24,1,1,0,0,0
17,1,1,0,0,0
19,1,1,0,0,0
19,1,1,0,1,0
25,1,1,0,0,0
20,1,1,0,0,0
23,1,1,0,0,0
27,1,1,0,0,0
23,1,1,0,0,0
17,1,1,0,0,0
19,1,1,0,0,0
23,1,2,0,0,0
22,1,1,0,0,0
17,1,1,0,0,0
19,1,1,0,0,0
25,1,1,0,0,0
22,1,1,0,0,0
15,1,1,0,0,0
16,1,1,0,0,0
31,1,1,0,0,0
17,1,1,0,0,0
21,1,1,0,0,0
19,1,1,0,0,0
20,1,1,0,0,0
24,1,1,0,0,0
20,1,1,0,1,0
14,1,1,0,0,0
22,1,1,0,0,0
17,1,2,0,0,0
18,1,1,0,0,0
18,1,1,0,0,0
17,1,1,0,0,0
28,1,1,0,0,0
27,1,1,0,0,0
27,1,1,0,0,0
19,1,1,0,0,0
24,1,1,0,0,0
17,1,1,0,0,0
15,1,1,0,0,0
21,1,1,0,1,0
18,1,1,0,0,0
20,1,1,0,0,0
15,1,1,0,0,0
19,1,1,0,0,0
20,1,1,0,0,0
20,1,1,0,0,0
20,1,1,0,0,0
18,1,1,0,0,0
27,1,1,0,0,0
25,1,2,0,0,0
17,1,1,0,0,0
35,1,2,0,0,0
21,1,1,0,0,0
25,1,1,0,0,0
27,1,2,0,0,0
19,1,1,0,1,0
23,1,2,0,0,0
19,1,1,0,0,0
23,1,1,0,0,0
16,1,1,0,0,0
24,1,2,0,1,0
34,1,1,0,0,0
31,1,1,0,0,0
15,1,1,0,0,0
23,1,1,0,0,0
22,1,1,0,0,0
21,1,1,0,0,0
22,1,1,0,0,0
25,1,1,0,1,0
17,1,1,0,0,0
22,1,2,0,0,0
20,1,1,0,0,0
20,1,1,0,0,0
20,1,1,0,0,0
25,1,1,0,0,0
28,1,1,0,1,0
19,1,2,0,0,0
21,1,1,0,0,0
18,1,1,0,0,0
22,1,1,0,1,0
27,1,1,0,0,0
23,1,1,0,1,0
24,1,1,0,0,0
25,1,2,0,0,0
17,1,1,0,0,0
18,1,2,0,0,0
21,1,1,0,0,0
21,1,2,0,1,0
15,1,1,0,0,0
22,1,2,0,0,0
20,1,1,0,0,0
23,1,2,0,0,0
20,1,1,0,0,0
26,1,1,0,0,0
23,1,1,0,0,0
22,1,1,0,0,0
29,1,1,0,0,0
21,1,1,0,0,0
27,1,1,0,0,0
22,1,1,0,0,0
29,1,1,0,0,0
17,1,1,0,0,0
19,1,1,0,0,0
25,1,1,0,0,0
27,1,1,0,0,0
17,1,1,0,0,0
14,1,1,0,0,0
23,1,2,0,0,0
19,1,1,0,0,0
21,1,1,0,0,0
19,1,1,0,0,0
22,1,1,0,0,0
17,1,1,0,0,0
19,1,1,0,0,0
26,1,1,0,0,0
23,1,1,0,0,0
21,1,1,0,1,0
23,1,1,0,0,0
17,1,1,0,0,0
24,1,1,0,0,0
21,1,2,0,0,0
22,1,1,0,0,0
17,1,1,0,0,0
18,1,1,0,0,0
24,1,1,0,1,0
22,1,2,0,0,0
20,1,1,0,0,0
25,1,1,0,0,0
23,1,1,0,0,0
17,1,1,0,0,0
24,1,1,0,0,0
22,1,1,0,1,0
28,1,1,0,0,0
13,1,1,0,0,0
20,1,1,0,0,0
21,1,1,0,0,0
25,1,1,0,0,0
23,1,1,0,0,0
27,1,1,0,0,0
30,1,1,0,0,0
26,1,1,0,0,0
20,1,1,0,0,0
23,1,1,0,1,0
35,1,2,0,0,0
16,1,1,0,0,0
19,1,1,0,1,0
14,1,1,0,0,0
28,1,1,0,0,0
21,1,2,0,0,0
22,1,1,0,0,0
16,1,1,0,0,0
19,1,1,0,0,0
18,1,1,0,0,0
24,1,1,0,0,0
21,1,1,0,0,0
24,1,1,0,0,0
21,1,1,0,0,0
18,1,1,0,0,0
19,1,1,0,0,0
18,1,1,0,0,0
25,1,1,0,0,0
20,1,1,0,0,0
31,1,2,0,1,0
15,1,1,0,0,0
22,1,1,0,0,0
19,1,1,0,0,0
24,1,1,0,0,0
27,1,1,0,0,0
20,1,1,0,0,0
34,1,1,0,0,0
17,1,1,0,0,0
17,1,1,0,0,0
18,1,1,0,0,0
25,1,1,0,0,0
21,1,2,0,0,0
22,1,1,0,1,0
20,1,1,0,0,0
23,1,1,0,0,0
19,1,2,0,0,0
18,1,1,0,0,0
21,1,1,0,0,0
19,1,1,0,0,0
23,1,1,0,0,0
20,1,1,0,0,0
26,1,2,0,1,0
25,1,1,0,0,0
26,1,1,0,0,0
17,1,1,0,0,0
20,1,1,0,0,0
21,1,1,0,0,0
22,1,1,0,1,0
16,1,1,0,0,0
20,1,1,0,0,0
25,1,1,0,0,0
19,1,1,0,0,0
18,1,1,0,1,0
23,1,1,0,0,0
20,1,1,0,0,0
22,1,1,0,1,0
20,1,1,0,0,0
22,1,2,0,0,0
15,1,1,0,0,0
15,1,1,0,0,0
21,1,1,0,0,0
20,1,1,0,0,0
15,1,1,0,0,0
21,1,2,0,0,0
33,1,1,0,0,0
25,1,1,0,0,0
24,1,1,0,0,0
17,1,1,0,0,0
17,1,1,0,0,0
19,1,1,0,0,0
19,1,1,0,0,0
19,1,1,0,0,0
23,1,1,0,0,0
20,1,1,0,0,0
24,1,1,0,0,0
25,1,1,0,0,0
18,1,1,0,1,0
32,1,1,0,0,0
23,1,1,0,0,0
23,1,1,0,0,0
22,1,2,0,0,0
15,1,1,0,0,0
31,1,1,0,1,0
17,1,1,0,1,0
24,1,1,0,0,0
29,1,1,0,1,0
21,1,2,0,0,0
23,1,2,0,0,0
16,1,1,0,0,0
21,1,1,0,0,0
23,1,1,0,0,0
26,1,2,0,0,0
22,1,1,0,0,0
19,1,1,0,0,0
24,1,1,0,0,0
25,1,1,0,0,0
22,1,1,0,0,0
22,1,1,0,0,0
26,1,1,0,0,0
26,1,1,0,0,0
18,1,1,0,0,0
22,1,1,0,0,0
22,1,1,0,0,0
23,1,1,0,0,0
19,1,1,0,0,0
23,1,1,0,0,0
21,1,1,0,0,0
16,1,1,0,0,0
20,1,1,0,0,0
21,1,1,0,0,0
17,1,1,0,0,0
19,1,1,0,0,0
20,1,1,0,0,0
22,1,1,0,0,0
25,1,1,0,0,0
22,1,1,0,0,0
23,1,1,0,0,0
28,1,1,0,0,0
21,1,1,0,0,0
18,1,1,0,0,0
28,1,1,0,0,0
17,1,1,0,0,0
24,1,1,0,0,0
20,1,1,0,0,0
29,1,1,0,1,0
26,1,1,0,0,0
15,1,1,0,0,0
15,1,1,0,0,0
25,1,1,0,0,0
22,1,1,0,0,0
17,1,1,0,0,0
18,1,1,0,0,0
25,1,1,0,0,0
25,1,1,0,0,0
24,1,1,0,0,0
17,1,1,0,0,0
25,1,2,0,0,0
26,1,1,0,0,0
14,1,1,0,0,0
18,1,1,0,0,0
24,1,1,0,0,0
18,1,1,0,0,0
20,1,1,0,0,0
19,1,1,0,0,0
25,1,1,0,0,0
16,1,1,0,0,0
22,1,1,0,1,0
19,1,1,0,0,0
21,1,1,0,0,0
23,1,1,0,0,0
28,1,1,0,0,0
31,1,1,0,3,0
16,1,1,0,0,0
19,1,1,0,0,0
19,1,1,0,0,0
20,1,1,0,0,0
19,1,1,0,0,0
15,1,1,0,0,0
24,1,1,0,0,0
14,1,1,0,0,0
32,1,2,0,0,0
21,1,1,0,0,0
29,1,2,0,0,0
18,1,1,0,0,0
19,1,1,0,0,0
19,1,1,0,0,0
26,1,1,0,0,0
30,1,2,0,0,0
15,1,1,0,0,0
34,1,1,0,0,0
22,1,1,0,0,0
16,1,1,0,0,0
23,1,1,0,0,0
20,1,1,0,0,0
19,1,1,0,1,0
17,1,1,0,0,0
23,1,2,0,0,0
24,1,1,0,0,0
20,1,1,0,0,0
22,1,1,0,0,0
18,1,1,0,0,0
20,1,1,0,0,0
16,1,1,0,0,0
25,1,1,0,1,0
36,1,1,0,0,0
22,1,1,0,0,0
25,1,2,0,0,0
22,1,1,0,0,0
28,1,1,0,0,0
16,1,1,0,0,0
22,1,1,0,0,0
18,1,1,0,0,0
20,1,1,0,0,0
24,1,1,0,0,0
22,1,1,0,0,0
25,1,1,0,0,0
18,1,1,0,0,0
27,1,1,0,0,0
17,1,1,0,0,0
26,1,1,0,0,0
22,1,1,0,0,0
19,1,1,0,0,0
27,1,1,0,0,0
18,1,1,0,0,0
20,1,1,0,0,0
30,1,2,0,0,0
18,1,1,0,0,0
26,1,1,0,0,0
26,1,1,0,0,0
37,1,1,0,3,0
27,1,1,0,0,0
13,1,1,0,0,0
23,1,1,0,0,0
29,1,1,0,0,0
30,1,1,0,0,0
29,1,1,0,0,0
28,1,1,0,0,0
20,1,1,0,0,0
19,1,1,0,0,0
22,1,1,0,0,0
18,1,1,0,0,0
20,1,2,0,0,0
15,1,1,0,0,0
21,1,1,0,0,0
44,1,2,0,0,0
19,1,1,0,0,0
19,1,1,0,0,0
17,1,1,0,0,0
18,1,1,0,0,0
23,1,1,0,0,0
18,1,1,0,1,0
20,1,1,0,0,0
20,1,1,0,0,0
19,1,1,0,0,0
20,1,1,0,1,0
18,1,2,0,0,0
15,1,1,0,0,0
20,1,1,0,0,0
14,1,1,0,0,0
18,1,1,0,0,0
17,1,1,0,0,0
29,1,1,0,0,0
18,1,1,0,0,0
18,1,1,0,0,0
22,1,1,0,0,0
28,1,1,0,0,0
20,1,1,0,0,0
22,1,2,0,0,0
23,1,2,0,0,0
19,1,2,0,0,0
19,1,1,0,0,0
27,1,1,0,0,0
28,1,1,0,0,0
21,1,1,0,0,0
18,1,1,0,0,0
23,1,1,0,0,0
22,1,1,0,1,0
21,1,2,0,0,0
18,1,1,0,0,0
12,1,1,0,0,0
21,1,1,0,0,0
21,1,1,0,1,0
19,1,1,0,0,0
27,1,2,0,0,0
27,1,1,0,0,0
27,1,1,0,0,0
24,1,1,0,1,0
21,1,1,0,0,0
30,1,1,0,0,0
18,1,1,0,0,0
29,1,1,0,2,0
36,1,1,0,1,0
19,1,2,0,0,0
22,1,2,0,0,0
24,1,1,0,0,0
21,1,1,0,0,0
21,1,1,0,0,0
22,1,1,0,0,0
19,1,1,0,0,0
22,1,1,0,0,0
19,1,1,0,0,0
22,1,1,0,0,0
24,1,1,0,0,0
21,1,1,0,0,0
22,1,1,0,0,0
15,1,1,0,0,0
21,1,1,0,0,0
21,1,2,0,0,0
21,1,1,0,0,0
28,1,1,0,0,0
24,1,1,0,1,0
31,1,2,0,0,0
20,1,1,0,0,0
16,1,1,0,0,0
26,1,1,0,0,0
23,1,1,0,0,0
20,1,1,0,0,0
17,1,1,0,0,0
19,1,1,0,0,0
17,1,1,0,0,0
22,1,1,0,0,0
15,1,1,0,0,0
29,1,1,0,0,0
18,1,1,0,0,0
35,1,2,0,0,0
26,1,1,0,0,0
22,1,1,0,0,0
18,1,2,0,0,0
20,1,2,0,0,0
16,1,1,0,0,0
18,1,1,0,0,0
19,1,1,0,0,0
24,1,1,0,1,0
36,1,1,0,3,0
20,1,2,0,0,0
14,1,1,0,0,0
26,1,1,0,0,0
18,1,1,0,0,0
23,1,1,0,1,0
24,1,1,0,0,0
19,1,2,0,0,0
23,1,1,0,0,0
34,1,1,0,1,0
16,1,1,0,0,0
25,1,1,0,0,0
25,1,1,0,0,0
18,1,1,0,0,0
21,1,2,0,0,0
20,1,1,0,0,0
17,1,1,0,0,0
19,1,2,0,0,0
20,1,1,0,0,0
21,1,1,0,0,0
21,1,2,0,0,0
15,1,1,0,0,0
26,1,1,0,1,0
18,1,1,0,0,0
17,1,1,0,0,0
22,1,1,0,0,0
28,1,2,0,0,0
41,1,1,0,0,0
22,1,1,0,0,0
13,1,1,0,0,0
19,1,1,0,0,0
24,1,1,0,0,0
23,1,1,0,0,0
18,1,1,0,0,0
22,1,1,0,0,0
21,1,1,0,0,0
22,1,1,0,0,0
19,1,1,0,0,0
26,1,1,0,0,0
18,1,1,0,0,0
20,1,1,0,1,0
24,1,2,0,0,0
14,1,1,0,0,0
17,1,1,0,0,0
22,1,1,0,0,0
27,1,1,0,0,0
26,1,1,0,1,0
32,1,1,0,0,0
18,1,1,0,0,0
17,1,1,0,0,0
22,1,3,0,0,0
20,1,1,0,0,0
18,1,1,0,0,0
20,1,1,0,0,0
16,1,1,0,0,0
24,1,1,0,1,0
20,1,1,0,0,0
19,1,1,0,0,0
21,1,1,0,0,0
21,1,1,0,1,0
21,1,1,0,0,0
20,1,1,0,0,0
30,1,2,0,0,0
18,1,1,0,0,0
21,1,1,0,0,0
15,1,1,0,0,0
20,1,2,0,0,0
22,1,1,0,0,0
18,1,1,0,0,0
22,1,1,0,0,0
18,1,2,0,0,0
25,1,1,0,0,0
29,1,2,0,0,0
19,1,1,0,0,0
23,1,2,0,0,0
15,1,1,0,0,0
24,1,1,0,0,0
27,1,1,0,0,0
26,1,1,0,0,0
37,1,1,0,0,0
19,1,1,0,0,0
18,1,1,0,0,0
14,1,1,0,0,0
18,1,1,0,0,0
22,1,1,0,0,0
18,1,1,0,0,0
20,1,1,0,0,0
18,1,2,0,0,0
21,1,1,0,0,0
18,1,1,0,0,0
25,1,1,0,0,0
18,1,1,0,0,0
21,1,1,0,0,0
21,1,1,0,0,0
23,1,1,0,0,0
15,1,1,0,0,0
19,1,1,0,0,0
18,1,1,0,0,0
22,1,1,0,0,0
30,1,1,0,0,0
27,1,1,0,0,0
24,1,1,0,0,0
19,1,1,0,0,0
25,1,1,0,0,0
18,1,1,0,0,0
21,1,1,0,0,0
22,1,1,0,0,0
29,1,1,0,0,0
20,1,1,0,0,0
24,1,1,0,0,0
17,1,1,0,0,0
22,1,1,0,0,0
19,1,1,0,0,0
18,1,1,0,0,0
14,1,1,0,0,0
27,1,1,0,0,0
20,1,1,0,0,0
24,1,1,0,0,0
24,1,2,0,0,0
18,1,1,0,0,0
18,1,1,0,0,0
20,1,2,0,0,0
26,1,1,0,0,0
16,1,1,0,0,0
19,1,2,0,0,0
25,1,1,0,0,0
31,1,2,0,0,0
26,1,1,0,0,0
21,1,1,0,0,0
19,1,1,0,0,0
18,1,1,0,0,0
29,1,1,0,0,0
22,1,1,0,0,0
37,1,2,0,0,0
30,1,1,0,0,0
21,1,1,0,0,0
24,1,1,0,0,0
24,1,1,0,1,0
22,1,1,0,0,0
19,1,1,0,0,0
20,1,1,0,0,0
30,1,1,0,0,0
18,1,1,0,0,0
24,1,2,0,0,0
20,1,1,0,0,0
26,1,1,0,1,0
26,1,1,0,0,0
24,1,2,0,0,0
21,1,1,0,1,0
18,1,2,0,0,0
20,1,1,0,0,0
20,1,1,0,0,0
21,1,1,0,1,0
15,1,1,0,0,0
26,1,1,0,0,0
24,1,1,0,0,0
25,1,1,0,1,0
18,1,1,0,0,0
25,1,1,0,0,0
26,1,1,0,0,0
18,1,1,0,0,0
26,1,1,0,0,0
15,1,1,0,0,0
21,1,1,0,0,0
19,1,1,0,0,0
27,1,1,0,1,0
27,1,2,0,0,0
21,1,1,0,0,0
24,1,1,0,1,0
21,1,2,0,0,0
25,1,1,0,0,0
20,1,1,0,0,0
22,1,1,0,0,0
19,1,1,0,0,0
23,1,1,0,1,0
26,1,1,0,0,0
24,1,1,0,0,0
29,1,1,0,0,0
14,1,1,0,0,0
18,1,1,0,0,0
22,1,1,0,0,0
23,1,1,0,0,0
20,1,1,0,0,0
19,1,2,0,0,0
26,1,1,0,0,0
22,1,1,0,0,0
19,1,1,0,0,0
26,1,1,0,0,0
33,1,1,0,0,0
24,1,1,0,0,0
20,1,1,0,0,0
16,1,1,0,0,0
19,1,1,0,0,0
17,1,1,0,0,0
27,1,1,0,0,0
22,1,1,0,0,0
20,1,1,0,0,0
18,1,2,0,0,0
25,1,1,0,0,0
30,1,1,0,1,0
19,1,1,0,0,0
25,1,1,0,0,0
17,1,1,0,0,0
29,1,1,0,1,0
24,1,1,0,1,0
26,1,1,0,0,0
19,1,1,0,0,0
23,1,1,0,0,0
20,1,1,0,0,0
24,1,1,0,0,0
16,1,1,0,0,0
21,1,1,0,0,0
21,1,1,0,0,0
18,1,1,0,0,0
17,1,1,0,0,0
33,1,1,0,0,0
23,1,2,0,0,0
23,1,1,0,0,0
20,1,1,0,0,0
15,1,1,0,0,0
17,1,1,0,0,0
22,1,1,0,1,0
19,1,1,0,1,0
26,1,2,0,0,0
22,1,1,0,0,0
18,1,1,0,0,0
18,1,1,0,0,0
20,1,1,0,0,0
18,1,1,0,0,0
25,1,1,0,0,0
22,1,1,0,0,0
17,1,1,0,0,0
20,1,1,0,0,0
20,1,1,0,0,0
21,1,1,0,0,0
23,1,1,0,0,0
25,1,2,0,0,0
18,1,1,0,0,0
22,1,1,0,0,0
23,1,1,0,1,0
23,1,2,0,0,0
19,1,1,0,0,0
27,1,1,0,1,0
22,1,1,0,1,0
25,1,1,0,0,0
24,1,1,0,0,0
21,1,1,0,0,0
24,1,1,0,0,0
23,1,1,0,0,0
20,1,2,0,0,0
16,1,1,0,0,0
18,1,1,0,0,0
19,1,1,0,0,0
21,1,1,0,0,0
26,1,1,0,0,0
27,1,1,0,0,0
21,1,1,0,0,0
17,1,1,0,0,0
24,1,1,0,0,0
21,1,1,0,0,0
18,1,1,0,0,0
19,1,1,0,0,0
20,1,1,0,0,0
14,1,1,0,0,0
28,1,1,0,0,0
24,1,1,0,0,0
20,1,1,0,0,0
27,1,1,0,0,0
21,1,1,0,0,0
30,1,2,0,0,0
16,1,1,0,0,0
23,1,2,0,0,0
20,1,1,0,0,0
19,1,1,0,0,0
17,1,1,0,0,0
22,1,1,0,0,0
24,1,1,0,2,0
23,1,1,0,0,0
23,1,1,0,0,0
17,1,1,0,0,0
21,1,1,0,0,0
24,1,1,0,0,0
29,1,1,0,0,0
24,1,1,0,0,0
19,1,1,0,0,0
19,1,1,0,0,0
21,1,1,0,0,0
23,1,2,0,1,0
20,1,2,0,0,0
29,1,1,0,0,0
26,1,3,0,0,0
23,1,1,0,0,0
23,1,1,0,0,0
20,1,2,0,0,0
34,1,1,0,0,0
17,1,1,0,0,0
27,1,1,0,0,0
21,1,1,0,0,0
21,1,1,0,0,0
32,1,1,0,0,0
26,1,1,0,0,0
33,1,1,0,2,0
31,1,1,0,0,0
21,1,1,0,0,0
23,1,1,0,0,0
26,1,1,0,0,0
21,1,1,0,0,0
27,1,2,0,0,0
22,1,1,0,0,0
20,1,1,0,0,0
20,1,1,0,0,0
22,1,1,0,0,0
24,1,1,0,0,0
13,1,1,0,0,0
19,1,1,0,0,0
24,1,1,0,0,0
20,1,1,0,0,0
34,1,1,0,2,0
18,1,1,0,0,0
19,1,1,0,0,0
17,1,1,0,0,0
23,1,1,0,0,0
22,1,1,0,0,0
21,1,1,0,0,0
18,1,1,0,0,0
18,1,1,0,0,0
22,1,1,0,0,0
19,1,2,0,0,0
20,1,1,0,0,0
20,1,1,0,0,0
17,1,1,0,0,0
19,1,1,0,0,0
24,1,1,0,0,0
24,1,1,0,2,0
23,1,1,0,0,0
21,1,1,0,0,0
22,1,1,0,0,0
21,1,1,0,0,0
35,1,1,0,1,0
17,1,1,0,0,0
21,1,1,0,0,0
26,1,1,0,0,0
24,1,2,0,0,0
18,1,1,0,0,0
20,1,1,0,0,0
22,1,1,0,0,0
25,1,1,0,0,0
23,1,1,0,0,0
16,1,1,0,0,0
21,1,1,0,0,0
20,1,1,0,0,0
27,1,1,0,0,0
20,1,1,0,0,0
16,1,1,0,0,0
23,1,1,0,0,0
19,1,2,0,0,0
20,1,1,0,0,0
20,1,1,0,0,0
19,1,2,0,0,0
20,1,2,0,0,0
32,1,1,0,0,0
19,1,1,0,0,0
21,1,1,0,0,0
18,1,1,0,0,0
24,1,1,0,0,0
24,1,2,0,0,0
20,1,2,0,0,0
18,1,1,0,0,0
17,1,1,0,0,0
21,1,1,0,0,0
18,1,1,0,0,0
17,1,1,0,0,0
32,1,2,0,0,0
21,1,1,0,1,0
24,1,1,0,0,0
21,1,1,0,0,0
27,1,1,0,0,0
18,1,1,0,0,0
21,1,1,0,0,0
21,1,1,0,0,0
18,1,1,0,0,0
24,1,1,0,0,0
25,1,1,0,0,0
21,1,1,0,0,0
27,1,1,0,0,0
28,1,1,0,0,0
18,1,1,0,0,0
20,1,1,0,0,0
20,1,1,0,0,0
29,1,1,0,1,0
20,1,1,0,0,0
20,1,1,0,1,0
25,1,2,0,0,0
28,1,1,0,0,0
24,1,1,0,0,0
21,1,1,0,0,0
19,1,1,0,0,0
17,1,1,0,0,0
15,1,1,0,0,0
22,1,1,0,0,0
24,1,1,0,0,0
20,1,1,0,0,0
19,1,1,0,0,0
25,1,1,0,0,0
14,1,1,0,0,0
22,1,2,0,1,0
25,1,1,0,1,0
18,1,1,0,0,0
26,1,1,0,0,0
19,1,1,0,0,0
19,1,1,0,0,0
23,1,1,0,0,0
34,1,1,0,0,0
26,1,1,0,0,0
17,1,1,0,0,0
18,1,1,0,0,0
23,1,1,0,0,0
23,1,1,0,0,0
26,1,1,0,0,0
20,1,2,0,0,0
19,1,1,0,0,0
22,1,1,0,0,0
25,1,1,0,0,0
18,1,1,0,0,0
22,1,1,0,0,0
23,1,1,0,0,0
22,1,1,0,0,0
16,1,1,0,0,0
24,1,1,0,0,0
27,1,1,0,0,0
18,1,1,0,0,0
20,1,1,0,0,0
26,1,1,0,0,0
22,1,1,0,0,0
21,1,2,0,0,0
24,1,1,0,1,0
21,1,1,0,0,0
15,1,1,0,0,0
26,1,2,0,0,0
28,1,2,0,0,0
22,1,1,0,0,0
16,1,1,0,0,0
26,1,1,0,1,0
25,1,1,0,0,0
20,1,2,0,0,0
21,1,1,0,0,0
17,1,1,0,0,0
17,1,1,0,0,0
24,1,1,0,0,0
25,1,1,0,1,0
30,1,2,0,0,0
26,1,1,0,0,0
20,1,1,0,0,0
19,1,1,0,0,0
21,1,1,0,0,0
19,1,1,0,0,0
28,1,1,0,0,0
17,1,1,0,0,0
22,1,1,0,0,0
23,1,1,0,0,0
18,1,2,0,0,0
18,1,1,0,1,0
19,1,1,0,0,0
21,1,1,0,0,0
27,1,1,0,1,0
19,1,2,0,0,0
27,1,1,0,1,0
21,1,1,0,0,0
23,1,1,0,0,0
20,1,1,0,0,0
24,1,2,0,0,0
24,1,2,0,1,0
25,1,1,0,0,0
17,1,2,0,0,0
23,1,2,0,0,0
30,1,1,0,0,0
15,1,1,0,0,0
15,1,1,0,0,0
16,1,1,0,0,0
26,1,1,0,1,0
22,1,1,0,0,0
18,1,1,0,0,0
26,1,1,0,0,0
28,1,1,0,0,0
31,1,1,0,0,0
23,1,1,0,0,0
17,1,1,0,0,0
21,1,2,0,0,0
19,1,1,0,0,0
18,1,1,0,0,0
18,1,1,0,0,0
15,1,1,0,0,0
20,1,1,0,0,0
25,1,1,0,0,0
16,1,1,0,0,0
16,1,1,0,0,0
21,1,1,0,1,0
19,1,1,0,0,0
16,1,1,0,0,0
22,1,1,0,1,0
23,1,1,0,0,0
21,1,1,0,0,0
19,1,2,0,0,0
21,1,1,0,0,0
17,1,1,0,1,0
20,1,1,0,0,0
16,1,1,0,0,0
17,1,1,0,0,0
29,1,1,0,0,0
19,1,1,0,0,0
15,1,1,0,0,0
17,1,1,0,1,0
21,1,1,0,0,0
25,1,1,0,3,0
17,1,1,0,0,0
18,1,1,0,0,0
16,1,1,0,0,0
23,1,1,0,0,0
20,1,1,0,0,0
20,1,1,0,0,0
24,1,1,0,0,0
26,1,2,0,0,0
22,1,1,0,0,0
22,1,1,0,0,0
21,1,2,0,0,0
26,1,1,0,0,0
19,1,1,0,0,0
25,1,1,0,0,0
17,1,1,0,0,0
22,1,1,0,0,0
24,1,1,0,1,0
24,1,1,0,1,0
28,1,1,0,0,0
15,1,1,0,0,0
23,1,2,0,0,0
34,1,2,0,0,0
17,1,1,0,0,0
33,1,2,0,0,0
22,1,1,0,0,0
23,1,1,0,1,0
21,1,2,0,0,0
24,1,1,0,1,0
26,1,1,0,0,0
23,1,1,0,0,0
23,1,1,0,0,0
23,1,1,0,0,0
18,1,1,0,0,0
19,1,2,0,0,0
19,1,1,0,0,0
18,1,1,0,0,0
23,1,1,0,1,0
25,1,1,0,0,0
15,1,1,0,0,0
21,1,1,0,0,0
27,1,1,0,0,0
24,1,1,0,4,0
18,1,1,0,0,0
15,1,1,0,0,0
21,1,1,0,0,0
14,1,1,0,0,0
29,1,1,0,0,0
19,1,1,0,0,0
25,1,1,0,0,0
23,1,1,0,0,0
22,1,1,0,0,0
27,1,1,0,0,0
17,1,1,0,0,0
22,1,1,0,0,0
19,1,1,0,0,0
19,1,1,0,0,0
21,1,1,0,0,0
19,1,1,0,0,0
25,1,1,0,0,0
30,1,1,0,0,0
17,1,1,0,0,0
21,1,1,0,0,0
23,1,1,0,0,0
23,1,1,0,0,0
19,1,1,0,0,0
18,1,1,0,0,0
22,1,1,0,1,0
21,1,1,0,0,0
29,1,1,0,1,0
18,1,1,0,0,0
20,1,1,0,0,0
24,1,1,0,0,0
17,1,1,0,0,0
22,1,1,0,1,0
21,1,1,0,0,0
15,1,1,0,1,0
30,1,2,0,0,0
24,1,1,0,0,0
18,1,1,0,0,0
23,1,1,0,0,0
21,1,1,0,0,0
20,1,1,0,0,0
25,1,2,0,0,0
22,1,1,0,0,0
29,1,2,0,0,0
21,1,1,0,0,0
23,1,1,0,0,0
21,1,1,0,0,0
22,1,1,0,0,0
21,1,1,0,0,0
16,1,1,0,0,0
24,1,1,0,1,0
18,1,1,0,0,0
24,1,1,0,1,0
32,1,1,0,1,0
20,1,1,0,0,0
23,1,2,0,0,0
22,1,1,0,0,0
17,1,1,0,0,0
17,1,1,0,0,0
27,1,1,0,0,0
17,1,1,0,0,0
26,1,1,0,0,0
20,1,1,0,0,0
20,1,2,0,0,0
24,1,1,0,0,0
18,1,1,0,0,0
20,1,1,0,0,0
19,1,1,0,0,0
23,1,1,0,1,0
18,1,1,0,0,0
21,1,1,0,0,0
23,1,1,0,0,0
25,1,1,0,1,0
17,1,1,0,0,0
22,1,1,0,0,0
26,1,1,0,1,0
32,1,1,0,0,0
22,1,1,0,0,0
25,1,1,0,0,0
20,1,1,0,0,0
26,1,1,0,1,0
16,1,1,0,0,0
23,1,1,0,0,0
21,1,1,0,0,0
30,1,1,0,0,0
23,1,1,0,0,0
20,1,1,0,0,0
20,1,1,0,0,0
20,1,2,0,0,0
22,1,1,0,1,0
21,1,1,0,0,0
23,1,1,0,1,0
20,1,1,0,0,0
20,1,1,0,0,0
23,1,1,0,0,0
22,1,1,0,0,0
26,1,1,0,0,0
31,1,1,0,3,0
26,1,1,0,0,0
20,1,1,0,0,0
21,1,1,0,0,0
16,1,1,0,0,0
22,1,1,0,0,0
20,1,1,0,0,0
25,1,1,0,1,0
16,1,1,0,0,0
22,1,1,0,0,0
20,1,1,0,0,0
19,1,1,0,0,0
23,1,1,0,0,0
17,1,1,0,0,0
21,1,1,0,0,0
19,1,1,0,0,0
15,1,1,0,0,0
26,1,1,0,0,0
23,1,2,0,1,0
22,1,1,0,0,0
22,1,1,0,0,0
21,1,1,0,0,0
21,1,2,0,0,0
18,1,1,0,0,0
16,1,1,0,0,0
19,1,2,0,0,0
20,1,2,0,0,0
24,1,1,0,0,0
30,1,2,0,0,0
23,1,1,0,0,0
19,1,1,0,0,0
24,1,2,0,0,0
18,1,1,0,0,0
15,1,1,0,0,0
33,1,2,0,0,0
17,1,1,0,0,0
17,1,1,0,0,0
29,1,1,0,0,0
21,1,1,0,0,0
26,1,2,0,0,0
24,1,1,0,0,0
21,1,1,0,1,0
22,1,1,0,0,0
23,1,1,0,0,0
19,1,1,0,0,0
22,1,1,0,0,0
18,1,1,0,0,0
22,1,1,0,0,0
24,1,1,0,0,0
22,1,1,0,0,0
18,1,2,0,0,0
18,1,1,0,0,0
19,1,1,0,0,0
18,1,1,0,0,0
25,1,1,0,0,0
20,1,1,0,0,0
27,1,2,0,0,0
21,1,2,0,0,0
28,1,1,0,0,0
26,1,1,0,1,0
25,1,1,0,0,0
19,1,2,0,0,0
17,1,1,0,0,0
17,1,1,0,0,0
15,1,1,0,0,0
17,1,1,0,0,0
28,1,1,0,1,0
24,1,2,0,0,0
32,1,1,0,1,0
22,1,1,0,0,0
18,1,1,0,0,0
19,1,1,0,0,0
21,1,1,0,0,0
20,1,1,0,0,0
23,1,1,0,0,0
17,1,1,0,0,0
27,1,1,0,1,0
17,1,1,0,0,0
25,1,1,0,0,0
19,1,1,0,0,0
22,1,1,0,1,0
21,1,1,0,0,0
18,1,1,0,0,0
28,1,2,0,0,0
24,1,1,0,0,0
21,1,1,0,0,0
26,1,1,0,1,0
35,1,1,0,2,0
25,1,2,0,0,0
26,1,1,0,0,0
26,1,1,0,0,0
22,1,1,0,0,0
28,1,1,0,0,0
18,1,2,0,0,0
24,1,1,0,0,0
28,1,1,0,0,0
22,1,1,0,0,0
19,1,1,0,0,0
26,1,1,0,0,0
27,1,1,0,0,0
16,1,1,0,0,0
20,1,1,0,0,0
20,1,1,0,1,0
16,1,1,0,0,0
19,1,2,0,0,0
15,1,1,0,0,0
26,1,1,0,1,0
18,1,1,0,0,0
22,1,1,0,0,0
20,1,1,0,0,0
18,1,1,0,0,0
21,1,1,0,0,0
18,1,1,0,0,0
16,1,1,0,0,0
20,1,1,0,1,0
24,1,1,0,0,0
24,1,1,0,0,0
26,1,1,0,0,0
21,1,1,0,0,0
24,1,1,0,0,0
18,1,1,0,0,0
18,1,1,0,0,0
30,1,1,0,0,0
19,1,1,0,0,0
25,1,1,0,1,0
17,1,1,0,0,0
20,1,1,0,0,0
18,1,1,0,0,0
14,1,1,0,0,0
21,1,1,0,0,0
25,1,1,0,0,0
18,1,2,0,0,0
20,1,1,0,0,0
24,1,1,0,0,0
24,1,2,0,0,0
18,1,1,0,0,0
25,1,1,0,0,0
19,1,1,0,0,0
24,1,1,0,0,0
29,1,1,0,0,0
19,1,1,0,0,0
14,1,1,0,0,0
21,1,1,0,0,0
15,1,1,0,0,0
19,1,1,0,0,0
20,1,1,0,0,0
20,1,1,0,0,0
22,1,1,0,0,0
21,1,1,0,1,0
27,1,1,0,0,0
22,1,1,0,0,0
18,1,1,0,0,0
22,1,1,0,0,0
25,1,1,0,1,0
22,1,2,0,0,0
26,1,1,0,0,0
23,1,1,0,0,0
23,1,1,0,0,0
17,1,1,0,0,0
22,1,1,0,0,0
14,1,1,0,0,0
18,1,1,0,0,0
16,1,1,0,0,0
17,1,1,0,0,0
18,1,2,0,0,0
23,1,1,0,0,0
22,1,1,0,1,0
20,1,1,0,0,0
27,1,1,0,0,0
16,1,1,0,0,0
24,1,1,0,0,0
21,1,1,0,0,0
18,1,1,0,0,0
21,1,1,0,0,0
22,1,1,0,0,0
20,1,1,0,0,0
15,1,1,0,0,0
17,1,1,0,1,0
15,1,1,0,0,0
20,1,1,0,0,0
19,1,1,0,0,0
24,1,1,0,0,0
21,1,1,0,0,0
22,1,1,0,0,0
21,1,1,0,0,0
23,1,1,0,0,0
15,1,1,0,0,0
24,1,1,0,1,0
20,1,1,0,0,0
17,1,1,0,0,0
14,1,1,0,0,0
15,1,1,0,0,0
17,1,1,0,0,0
17,1,1,0,0,0
20,1,1,0,0,0
24,1,1,0,0,0
23,1,2,0,0,0
19,1,1,0,0,0
15,1,1,0,0,0
20,1,2,0,0,0
18,1,1,0,0,0
22,1,1,0,0,0
31,1,1,0,0,0
27,1,2,0,0,0
23,1,1,0,0,0
26,1,1,0,0,0
23,1,2,0,0,0
19,1,1,0,1,0
24,1,1,0,0,0
24,1,2,0,0,0
20,1,1,0,0,0
20,1,1,0,0,0
21,1,1,0,0,0
26,1,1,0,1,0
26,1,2,0,0,0
24,1,1,0,0,0
30,1,1,0,0,0
22,1,1,0,0,0
14,1,1,0,0,0
21,1,1,0,0,0
32,1,1,0,0,0
15,1,1,0,0,0
19,1,1,0,1,0
25,1,1,0,1,0
27,1,1,0,0,0
22,1,1,0,0,0
19,1,1,0,0,0
18,1,1,0,0,0
22,1,1,0,0,0
19,1,1,0,0,0
26,1,2,0,0,0
18,1,1,0,0,0
19,1,2,0,0,0
27,1,1,0,1,0
22,1,1,0,0,0
20,1,1,0,0,0
27,1,1,0,0,0
20,1,1,0,0,0
25,1,1,0,0,0
27,1,1,0,0,0
20,1,1,0,0,0
21,1,1,0,0,0
20,1,1,0,0,0
25,1,1,0,0,0
27,1,1,0,0,0
19,1,1,0,0,0
21,1,1,0,1,0
26,1,1,0,0,0
18,1,1,0,0,0
14,1,1,0,0,0
19,1,1,0,0,0
24,1,1,0,0,0
21,1,2,0,0,0
18,1,1,0,0,0
25,1,2,0,0,0
19,1,1,0,0,0
24,1,1,0,1,0
19,1,1,0,0,0
24,1,1,0,1,0
20,1,1,0,0,0
20,1,1,0,0,0
23,1,1,0,0,0
19,1,1,0,0,0
14,1,1,0,0,0
26,1,1,0,0,0
18,1,1,0,0,0
19,1,1,0,0,0
22,1,1,0,0,0
16,1,1,0,0,0
20,1,2,0,0,0
26,1,1,0,0,0
28,1,1,0,0,0
22,1,1,0,0,0
23,1,1,0,0,0
21,1,1,0,0,0
24,1,1,0,1,0
22,1,1,0,0,0
20,1,1,0,0,0
22,1,1,0,0,0
22,1,1,0,0,0
23,1,1,0,0,0
30,1,2,0,0,0
17,1,1,0,0,0
23,1,1,0,0,0
21,1,1,0,0,0
19,1,1,0,0,0
25,1,1,0,0,0
20,1,1,0,0,0
17,1,1,0,0,0
35,1,1,0,0,0
20,1,1,0,0,0
23,1,1,0,0,0
20,1,1,0,0,0
20,1,1,0,0,0
21,1,1,0,0,0
21,1,1,0,0,0
16,1,1,0,0,0
25,1,1,0,0,0
29,1,1,0,0,0
23,1,1,0,0,0
15,1,1,0,0,0
25,1,1,0,0,0
28,1,1,0,0,0
25,1,1,0,0,0
21,1,1,0,0,0
21,1,1,0,0,0
21,1,1,0,0,0
24,1,1,0,0,0
24,1,1,0,0,0
21,1,1,0,0,0
25,1,1,0,0,0
25,1,1,0,0,0
22,1,1,0,0,0
22,1,1,0,0,0
19,1,1,0,0,0
22,1,1,0,0,0
18,1,1,0,0,0
25,1,1,0,0,0
21,1,1,0,0,0
20,1,1,0,0,0
23,1,1,0,0,0
20,1,1,0,0,0
25,1,1,0,0,0
21,1,1,0,0,0
18,1,1,0,0,0
20,1,1,0,0,0
29,1,1,0,0,0
25,1,1,0,0,0
21,1,2,0,1,0
17,1,1,0,0,0
31,1,1,0,0,0
23,1,2,0,0,0
24,1,1,0,0,0
22,1,1,0,0,0
22,1,1,0,1,0
25,1,1,0,0,0
22,1,1,0,1,0
15,1,1,0,0,0
28,1,1,0,0,0
19,1,1,0,0,0
24,1,1,0,0,0
25,1,1,0,1,0
16,1,1,0,0,0
16,1,1,0,0,0
23,1,1,0,1,0
29,1,1,0,0,0
18,1,1,0,0,0
16,1,1,0,0,0
18,1,1,0,1,0
26,1,1,0,0,0
21,1,1,0,0,0
23,1,1,0,0,0
17,1,1,0,0,0
22,1,1,0,1,0
18,1,1,0,0,0
16,1,1,0,0,0
22,1,1,0,0,0
20,1,1,0,0,0
25,1,1,0,1,0
21,1,1,0,0,0
24,1,2,0,0,0
23,1,1,0,0,0
26,1,1,0,0,0
17,1,1,0,0,0
15,1,1,0,0,0
16,1,1,0,0,0
21,1,1,0,0,0
18,1,1,0,0,0
30,1,1,0,0,0
17,1,1,0,0,0
22,1,1,0,0,0
31,1,1,0,0,0
28,1,1,0,0,0
17,1,1,0,0,0
19,1,1,0,0,0
24,1,1,0,0,0
18,1,1,0,0,0
28,1,1,0,1,0
27,1,1,0,0,0
18,1,1,0,0,0
28,1,1,0,0,0
15,1,1,0,0,0
24,1,1,0,0,0
19,1,1,0,0,0
23,1,1,0,0,0
20,1,1,0,0,0
21,1,1,0,0,0
25,1,2,0,0,0
20,1,1,0,0,0
20,1,1,0,0,0
21,1,1,0,0,0
17,1,1,0,0,0
28,1,1,0,1,0
17,1,1,0,0,0
26,1,1,0,0,0
29,1,1,0,0,0
26,1,1,0,0,0
28,1,1,0,0,0
25,1,1,0,0,0
21,1,1,0,0,0
30,1,1,0,0,0
23,1,1,0,1,0
30,1,1,0,0,0
21,1,1,0,0,0
27,1,1,0,0,0
17,1,1,0,0,0
25,1,1,0,0,0
19,1,1,0,0,0
23,1,1,0,0,0
30,1,1,0,1,0
29,1,1,0,0,0
20,1,1,0,0,0
16,1,1,0,0,0
20,1,1,0,0,0
29,1,1,0,1,0
19,1,1,0,0,0
28,1,1,0,2,0
26,1,2,0,0,0
24,1,1,0,0,0
18,1,1,0,0,0
20,1,1,0,0,0
18,1,1,0,0,0
32,1,2,0,0,0
24,1,1,0,0,0
20,1,1,0,0,0
24,1,1,0,0,0
18,1,1,0,1,0
22,1,1,0,0,0
16,1,1,0,0,0
19,1,1,0,0,0
20,1,1,0,0,0
22,1,1,0,0,0
16,1,1,0,0,0
27,1,2,0,0,0
27,1,1,0,0,0
24,1,1,0,0,0
24,1,1,0,0,0
23,1,1,0,0,0
22,1,1,0,1,0
26,1,1,0,0,0
20,1,1,0,0,0
19,1,1,0,0,0
16,1,1,0,0,0
19,1,1,0,0,0
18,1,1,0,0,0
23,1,1,0,0,0
16,1,1,0,0,0
25,1,1,0,1,0
24,1,1,0,0,0
18,1,1,0,0,0
27,1,1,0,0,0
21,1,1,0,0,0
17,1,1,0,0,0
19,1,1,0,0,0
20,1,2,0,0,0
15,1,1,0,0,0
16,1,1,0,0,0
22,1,1,0,0,0
14,1,1,0,0,0
15,1,1,0,0,0
21,1,1,0,0,0
21,1,1,0,1,0
19,1,1,0,0,0
18,1,2,0,0,0
22,1,1,0,0,0
26,1,1,0,0,0
19,1,1,0,0,0
26,1,1,0,0,0
31,1,1,0,0,0
16,1,1,0,0,0
23,1,1,0,0,0
21,1,1,0,0,0
18,1,1,0,0,0
18,1,1,0,0,0
16,1,1,0,0,0
25,1,1,0,0,0
18,1,1,0,0,0
24,1,1,0,0,0
20,1,1,0,0,0
18,1,2,0,0,0
21,1,1,0,0,0
21,1,1,0,0,0
20,1,1,0,0,0
22,1,1,0,0,0
31,1,1,0,0,0
19,1,2,0,0,0
23,1,1,0,0,0
18,1,1,0,0,0
21,1,1,0,0,0
16,1,1,0,0,0
15,1,1,0,0,0
24,1,1,0,0,0
21,1,1,0,0,0
26,1,1,0,0,0
19,1,1,0,0,0
21,1,1,0,0,0
15,1,1,0,0,0
17,1,1,0,0,0
18,1,1,0,0,0
20,1,1,0,0,0
20,1,2,0,0,0
20,1,1,0,0,0
22,1,1,0,0,0
26,1,1,0,0,0
18,1,1,0,0,0
16,1,1,0,0,0
20,1,1,0,1,0
20,1,1,0,0,0
25,1,1,0,0,0
21,1,2,0,1,0
26,1,1,0,0,0
21,1,1,0,0,0
25,1,1,0,0,0
16,1,1,0,0,0
22,1,1,0,0,0
22,1,1,0,0,0
20,1,1,0,0,0
22,1,1,0,0,0
22,1,1,0,0,0
33,1,1,0,0,0
19,1,1,0,1,0
25,1,1,0,0,0
19,1,1,0,0,0
30,1,1,0,0,0
22,1,1,0,0,0
16,1,1,0,0,0
38,1,1,0,6,0
17,1,1,0,0,0
29,1,1,0,0,0
23,1,1,0,0,0
18,1,1,0,0,0
16,1,1,0,0,0
18,1,1,0,0,0
23,1,1,0,0,0
21,1,1,0,0,0
23,1,1,0,0,0
20,1,1,0,0,0
27,1,2,0,1,0
15,1,1,0,0,0
21,1,1,0,1,0
29,1,2,0,0,0
16,1,1,0,0,0
20,1,1,0,0,0
19,1,1,0,0,0
19,1,1,0,0,0
19,1,1,0,0,0
17,1,1,0,0,0
17,1,1,0,0,0
27,1,2,0,0,0
26,1,2,0,0,0
30,1,1,0,0,0
31,1,2,0,0,0
19,1,1,0,0,0
31,1,1,0,0,0
17,1,1,0,0,0
16,1,1,0,0,0
16,1,1,0,0,0
26,1,1,0,0,0
17,1,1,0,0,0
20,1,1,0,0,0
19,1,1,0,0,0
28,1,1,0,0,0
16,1,1,0,0,0
18,1,2,0,0,0
24,1,1,0,0,0
17,1,1,0,1,0
21,1,1,0,0,0
18,1,1,0,0,0
23,1,1,0,0,0
19,1,1,0,0,0
21,1,1,0,0,0
15,1,1,0,0,0
15,1,1,0,0,0
16,1,1,0,0,0
21,1,1,0,0,0
20,1,1,0,0,0
19,1,1,0,0,0
27,1,1,0,0,0
20,1,1,0,0,0
17,1,1,0,0,0
22,1,1,0,0,0
17,1,1,0,0,0
16,1,1,0,0,0
22,1,1,0,0,0
22,1,1,0,0,0
18,1,1,0,0,0
27,1,1,0,0,0
17,1,1,0,0,0
33,1,1,0,1,0
24,1,1,0,0,0
19,1,1,0,1,0
25,1,1,0,0,0
19,1,1,0,0,0
24,1,1,0,1,0
25,1,1,0,0,0
25,1,1,0,1,0
22,1,1,0,0,0
26,1,1,0,0,0
23,1,1,0,0,0
20,1,1,0,0,0
23,1,1,0,1,0
20,1,1,0,0,0
24,1,1,0,0,0
19,1,1,0,0,0
18,1,1,0,0,0
24,1,1,0,1,0
16,1,1,0,0,0
26,1,1,0,0,0
23,1,1,0,0,0
20,1,2,0,0,0
17,1,1,0,0,0
25,1,1,0,1,0
13,1,1,0,0,0
19,1,2,0,0,0
24,1,1,0,0,0
16,1,1,0,0,0
28,1,1,0,0,0
18,1,1,0,0,0
20,1,1,0,0,0
19,1,1,0,0,0
24,1,1,0,0,0
29,1,2,0,1,0
20,1,2,0,0,0
24,1,2,0,0,0
18,1,1,0,0,0
20,1,1,0,0,0
24,1,1,0,0,0
24,1,1,0,0,0
20,1,1,0,0,0
25,1,1,0,0,0
21,1,1,0,0,0
20,1,1,0,0,0
21,1,1,0,0,0
29,1,1,0,0,0
25,1,1,0,0,0
20,1,1,0,0,0
21,1,1,0,0,0
24,1,1,0,1,0
15,1,1,0,0,0
18,1,2,0,0,0
22,1,1,0,0,0
18,1,1,0,0,0
31,1,1,0,1,0
15,1,1,0,0,0
27,1,1,0,0,0
23,1,1,0,0,0
26,1,1,0,0,0
19,1,1,0,0,0
34,1,1,0,0,0
24,1,2,0,0,0
22,1,1,0,0,0
20,1,1,0,0,0
22,1,1,0,0,0
32,1,1,0,0,0
21,1,1,0,0,0
23,1,1,0,0,0
20,1,1,0,0,0
21,1,1,0,0,0
17,1,1,0,0,0
19,1,1,0,0,0
18,1,2,0,0,0
25,1,1,0,0,0
25,1,1,0,0,0
16,1,1,0,0,0
24,1,1,0,0,0
26,1,1,0,0,0
26,1,1,0,1,0
20,1,1,0,0,0
26,1,1,0,0,0
24,1,2,0,0,0
23,1,1,0,1,0
19,1,1,0,0,0
32,1,1,0,2,0
24,1,1,0,0,0
18,1,1,0,0,0
25,1,2,0,0,0
18,1,1,0,0,0
24,1,1,0,0,0
23,1,1,0,0,0
26,1,1,0,0,0
27,1,1,0,0,0
19,1,1,0,0,0
19,1,2,0,0,0
21,1,1,0,0,0
26,1,1,0,0,0
23,1,2,0,0,0
30,1,1,0,0,0
24,1,1,0,1,0
18,1,1,0,0,0
17,1,1,0,0,0
24,1,1,0,0,0
22,1,1,0,1,0
17,1,1,0,0,0
20,1,1,0,0,0
25,1,1,0,0,0
17,1,1,0,0,0
21,1,1,0,0,0
20,1,1,0,0,0
19,1,1,0,0,0
22,1,1,0,0,0
24,1,1,0,1,0
25,1,1,0,1,0
21,1,1,0,0,0
31,1,1,0,0,0
25,1,1,0,0,0
21,1,1,0,0,0
28,1,1,0,0,0
23,1,1,0,0,0
24,1,1,0,0,0
22,1,1,0,0,0
27,1,1,0,0,0
22,1,1,0,0,0
23,1,1,0,0,0
23,1,1,0,0,0
16,1,1,0,0,0
18,1,1,0,0,0
21,1,1,0,1,0
23,1,1,0,0,0
23,1,1,0,0,0
21,1,1,0,0,0
21,1,1,0,0,0
22,1,1,0,0,0
24,1,1,0,0,0
23,1,1,0,0,0
14,1,1,0,0,0
21,1,1,0,0,0
20,1,1,0,0,0
14,1,1,0,0,0
18,1,2,0,0,0
20,1,1,0,0,0
19,1,1,0,0,0
30,1,1,0,0,0
19,1,1,0,0,0
24,1,1,0,1,0
19,1,1,0,0,0
17,1,1,0,0,0
25,1,1,0,0,0
21,1,1,0,0,0
44,1,1,0,0,0
26,1,1,0,0,0
21,1,1,0,1,0
24,1,1,0,1,0
24,1,1,0,0,0
20,1,1,0,0,0
22,1,2,0,0,0
15,1,1,0,0,0
18,1,1,0,0,0
17,1,1,0,0,0
17,1,1,0,0,0
23,1,1,0,1,0
20,1,1,0,0,0
25,1,1,0,0,0
27,1,1,0,0,0
17,1,1,0,0,0
23,1,1,0,0,0
21,1,1,0,0,0
17,1,1,0,0,0
19,1,2,0,0,0
25,1,1,0,1,0
17,1,1,0,0,0
18,1,1,0,0,0
20,1,1,0,0,0
14,1,1,0,0,0
23,1,1,0,0,0
23,1,1,0,0,0
20,1,1,0,0,0
23,1,1,0,0,0
17,1,1,0,0,0
24,1,1,0,0,0
27,1,1,0,0,0
27,1,1,0,0,0
16,1,1,0,0,0
20,1,1,0,0,0
19,1,2,0,0,0
26,1,1,0,1,0
21,1,1,0,0,0
19,1,1,0,0,0
23,1,1,0,0,0
15,1,1,0,0,0
21,1,2,0,0,0
26,1,2,0,0,0
23,1,1,0,0,0
28,1,1,0,0,0
22,1,1,0,0,0
23,1,2,0,0,0
17,1,1,0,0,0
22,1,2,0,0,0
22,1,2,0,0,0
21,1,1,0,0,0
15,1,1,0,0,0
18,1,1,0,0,0
25,1,1,0,0,0
17,1,1,0,0,0
19,1,1,0,0,0
23,1,1,0,1,0
19,1,1,0,0,0
17,1,1,0,0,0
24,1,1,0,0,0
22,1,1,0,0,0
20,1,1,0,0,0
16,1,1,0,0,0
20,1,1,0,0,0
14,1,1,0,0,0
23,1,1,0,0,0
24,1,1,0,0,0
18,1,1,0,0,0
39,1,2,0,0,0
16,1,1,0,0,0
29,1,1,0,2,0
25,1,2,0,0,0
16,1,1,0,0,0
17,1,1,0,0,0
24,1,1,0,0,0
15,1,1,0,0,0
20,1,1,0,0,0
32,1,1,0,0,0
19,1,1,0,0,0
21,1,2,0,0,0
20,1,1,0,0,0
18,1,1,0,0,0
20,1,1,0,0,0
27,1,1,0,0,0
22,1,1,0,0,0
19,1,1,0,0,0
22,1,1,0,0,0
19,1,1,0,0,0
19,1,1,0,0,0
17,1,1,0,0,0
15,1,1,0,0,0
18,1,1,0,0,0
18,1,1,0,0,0
27,1,1,0,0,0
19,1,1,0,0,0
24,1,1,0,0,0
22,1,1,0,1,0
23,1,1,0,0,0
21,1,1,0,0,0
17,1,1,0,0,0
28,1,1,0,0,0
20,1,1,0,0,0
29,1,1,0,0,0
26,1,2,0,0,0
20,1,1,0,0,0
18,1,1,0,0,0
17,1,1,0,0,0
26,1,1,0,0,0
25,1,1,0,0,0
30,1,1,0,0,0
23,1,1,0,0,0
27,1,2,0,0,0
23,1,1,0,0,0
18,1,1,0,0,0
19,1,1,0,0,0
14,1,1,0,0,0
22,1,1,0,0,0
16,1,1,0,0,0
35,1,1,0,0,0
16,1,1,0,0,0
19,1,1,0,0,0
19,1,1,0,0,0
22,1,1,0,0,0
19,1,1,0,0,0
23,1,1,0,0,0
23,1,2,0,0,0
34,1,2,0,0,0
20,1,1,0,0,0
21,1,1,0,0,0
20,1,1,0,0,0
20,1,1,0,0,0
29,1,2,0,0,0
32,1,1,0,0,0
21,1,1,0,0,0
14,1,1,0,0,0
21,1,1,0,0,0
20,1,2,0,0,0
28,1,1,0,0,0
18,1,1,0,0,0
34,1,1,0,0,0
23,1,2,0,0,0
20,1,1,0,0,0
21,1,1,0,1,0
27,1,1,0,1,0
19,1,1,0,0,0
29,1,1,0,0,0
19,1,2,0,0,0
25,1,2,0,0,0
28,1,1,0,0,0
16,1,1,0,0,0
22,1,1,0,0,0
20,1,1,0,0,0
22,1,1,0,0,0
19,1,1,0,0,0
27,1,1,0,0,0
23,1,1,0,1,0
18,1,1,0,0,0
17,1,1,0,0,0
31,1,2,0,0,0
20,1,1,0,0,0
23,1,1,0,0,0
27,1,1,0,0,0
22,1,1,0,0,0
19,1,1,0,0,0
22,1,1,0,0,0
20,1,1,0,1,0
18,1,1,0,0,0
21,1,1,0,0,0
25,1,3,0,0,0
26,1,1,0,0,0
19,1,2,0,0,0
15,1,1,0,0,0
16,1,1,0,0,0
27,1,1,0,0,0
22,1,2,0,1,0
25,1,1,0,0,0
17,1,1,0,1,0
24,1,1,0,0,0
19,1,1,0,0,0
24,1,2,0,0,0
22,1,1,0,0,0
33,1,1,0,0,0
20,1,1,0,0,0
16,1,1,0,0,0
17,1,1,0,0,0
25,1,1,0,0,0
24,1,1,0,1,0
24,1,1,0,0,0
19,1,1,0,0,0
21,1,2,0,0,0
18,1,1,0,0,0
24,1,1,0,0,0
16,1,1,0,0,0
22,1,1,0,0,0
17,1,1,0,0,0
21,1,1,0,0,0
24,1,1,0,0,0
18,1,1,0,0,0
17,1,1,0,0,0
25,1,1,0,0,0
27,1,1,0,0,0
23,1,1,0,1,0
22,1,2,0,0,0
21,1,1,0,0,0
20,1,2,0,0,0
27,1,1,0,0,0
23,1,1,0,0,0
20,1,1,0,1,0
26,1,1,0,0,0
24,1,1,0,0,0
29,1,1,0,0,0
18,1,1,0,1,0
20,1,1,0,0,0
17,1,1,0,0,0
26,1,2,0,0,0
20,1,1,0,0,0
25,1,1,0,0,0
18,1,1,0,0,0
19,1,1,0,0,0
17,1,1,0,0,0
20,1,1,0,0,0
36,1,1,0,0,0
18,1,1,0,0,0
19,1,1,0,0,0
16,1,1,0,0,0
21,1,1,0,0,0
21,1,1,0,0,0
24,1,1,0,0,0
17,1,1,0,0,0
19,1,1,0,0,0
23,1,1,0,0,0
18,1,1,0,0,0
17,1,1,0,0,0
19,1,1,0,0,0
26,1,1,0,0,0
18,1,1,0,0,0
19,1,2,0,0,0
22,1,2,0,1,0
24,1,1,0,0,0
20,1,1,0,0,0
23,1,1,0,0,0
23,1,1,0,0,0
18,1,1,0,0,0
29,1,1,0,0,0
37,1,1,0,0,0
27,1,1,0,0,0
21,1,1,0,1,0
26,1,1,0,0,0
32,1,2,0,0,0
16,1,1,0,0,0
18,1,1,0,0,0
18,1,1,0,0,0
17,1,1,0,0,0
28,1,1,0,0,0
17,1,1,0,0,0
19,1,1,0,0,0
21,1,1,0,0,0
15,1,1,0,0,0
20,1,1,0,1,0
20,1,1,0,1,0
23,1,1,0,0,0
18,1,1,0,0,0
21,1,1,0,0,0
24,1,1,0,0,0
17,1,1,0,0,0
26,1,1,0,0,0
30,1,1,0,0,0
19,1,2,0,0,0
21,1,1,0,0,0
19,1,1,0,0,0
22,1,1,0,1,0
18,1,1,0,0,0
21,1,1,0,0,0
18,1,1,0,0,0
27,1,2,0,1,0
19,1,1,0,0,0
19,1,1,0,0,0
20,1,1,0,0,0
27,1,1,0,1,0
19,1,1,0,0,0
20,1,1,0,0,0
19,1,2,0,0,0
21,1,1,0,0,0
22,1,1,0,0,0
26,1,1,0,0,0
28,1,1,0,0,0
19,1,1,0,0,0
20,1,1,0,1,0
18,1,1,0,0,0
24,1,1,0,0,0
25,1,1,0,1,0
20,1,1,0,0,0
20,1,1,0,0,0
19,1,1,0,0,0
26,1,1,0,0,0
23,1,1,0,0,0
17,1,1,0,0,0
19,1,1,0,0,0
28,1,1,0,0,0
25,1,1,0,0,0
22,1,1,0,0,0
20,1,1,0,0,0
21,1,1,0,0,0
25,1,2,0,0,0
21,1,1,0,0,0
18,1,1,0,1,0
21,1,2,0,0,0
19,1,1,0,0,0
22,1,1,0,0,0
22,1,1,0,0,0
19,1,1,0,1,0
19,1,1,0,0,0
23,1,1,0,0,0
22,1,1,0,1,0
20,1,1,0,0,0
23,1,2,0,0,0
26,1,1,0,0,0
22,1,1,0,0,0
22,1,1,0,0,0
20,1,2,0,0,0
21,1,1,0,0,0
21,1,1,0,0,0
22,1,1,0,0,0
26,1,1,0,0,0
25,1,1,0,0,0
19,1,1,0,0,0
20,1,1,0,0,0
23,1,1,0,1,0
27,1,1,0,0,0
22,1,2,0,0,0
22,1,1,0,0,0
18,1,1,0,0,0
19,1,1,0,0,0
19,1,1,0,0,0
18,1,1,0,1,0
23,1,1,0,0,0
25,1,1,0,0,0
24,1,2,0,0,0
21,1,1,0,0,0
28,1,1,0,1,0
17,1,1,0,0,0
15,1,1,0,0,0
27,1,1,0,0,0
19,1,1,0,0,0
18,1,1,0,0,0
20,1,1,0,0,0
24,1,2,0,0,0
25,1,1,0,0,0
19,1,1,0,0,0
23,1,1,0,1,0
32,1,2,0,0,0
17,1,1,0,0,0
22,1,1,0,0,0
22,1,2,0,0,0
24,1,1,0,0,0
25,1,1,0,0,0
25,1,1,0,0,0
19,1,1,0,1,0
18,1,1,0,0,0
14,1,1,0,0,0
20,1,1,0,0,0
25,1,1,0,0,0
34,1,2,0,0,0
19,1,1,0,0,0
34,1,1,0,2,0
15,1,1,0,0,0
21,1,1,0,1,0
16,1,1,0,0,0
24,1,1,0,1,0
17,1,1,0,0,0
17,1,1,0,0,0
25,1,1,0,1,0
21,1,1,0,0,0
27,1,1,0,0,0
15,1,1,0,0,0
25,1,1,0,0,0
25,1,1,0,0,0
17,1,1,0,1,0
23,1,2,0,0,0
19,1,1,0,0,0
23,1,1,0,0,0
25,1,1,0,0,0
20,1,1,0,0,0
22,1,1,0,0,0
25,1,1,0,0,0
26,1,1,0,0,0
21,1,1,0,0,0
18,1,1,0,0,0
29,1,1,0,0,0
23,1,1,0,0,0
27,1,1,0,0,0
18,1,1,0,0,0
18,1,1,0,0,0
27,1,1,0,0,0
28,1,1,0,1,0
32,1,1,0,0,0
17,1,1,0,0,0
22,1,1,0,1,0
26,1,1,0,0,0
23,1,1,0,0,0
27,1,1,0,0,0
22,1,1,0,0,0
19,1,1,0,0,0
22,1,1,0,0,0
19,1,2,0,0,0
22,1,1,0,0,0
18,1,2,0,0,0
23,1,1,0,0,0
21,1,2,0,0,0
19,1,1,0,0,0
25,1,1,0,0,0
22,1,1,0,0,0
15,1,1,0,0,0
24,1,1,0,0,0
19,1,1,0,0,0
21,1,1,0,1,0
16,1,1,0,0,0
20,1,2,0,0,0
17,1,1,0,0,0
19,1,1,0,1,0
17,1,1,0,0,0
27,1,1,0,0,0
21,1,1,0,0,0
29,1,1,0,1,0
21,1,1,0,0,0
16,1,1,0,0,0
23,1,1,0,0,0
20,1,1,0,0,0
18,1,2,0,0,0
30,1,1,0,1,0
16,1,1,0,0,0
21,1,1,0,0,0
25,1,1,0,1,0
18,1,1,0,0,0
19,1,1,0,0,0
19,1,1,0,0,0
14,1,1,0,0,0
23,1,1,0,0,0
23,1,1,0,1,0
16,1,1,0,0,0
18,1,1,0,0,0
26,1,1,0,0,0
22,1,1,0,0,0
23,1,1,0,0,0
29,1,1,0,0,0
16,1,1,0,0,0
21,1,1,0,0,0
20,1,1,0,0,0
31,1,1,0,0,0
26,1,1,0,1,0
23,1,1,0,0,0
26,1,1,0,0,0
24,1,1,0,0,0
26,1,2,0,0,0
19,1,1,0,0,0
26,1,1,0,0,0
27,1,1,0,0,0
23,1,2,0,0,0
19,1,1,0,0,0
28,1,1,0,0,0
23,1,1,0,0,0
16,1,1,0,0,0
14,1,1,0,0,0
20,1,1,0,0,0
24,1,1,0,1,0
20,1,1,0,0,0
28,1,1,0,0,0
18,1,1,0,0,0
27,1,1,0,0,0
21,1,1,0,1,0
17,1,1,0,0,0
20,1,1,0,0,0
27,1,1,0,0,0
16,1,1,0,0,0
20,1,1,0,0,0
29,1,1,0,0,0
21,1,2,0,0,0
23,1,1,0,0,0
16,1,1,0,0,0
14,1,1,0,0,0
21,1,2,0,0,0
21,1,1,0,1,0
25,1,1,0,0,0
20,1,1,0,0,0
19,1,1,0,0,0
20,1,1,0,0,0
19,1,1,0,0,0
24,1,2,0,0,0
21,1,1,0,0,0
18,1,1,0,0,0
19,1,1,0,0,0
21,1,1,0,0,0
22,1,1,0,1,0
16,1,1,0,0,0
13,1,1,0,0,0
19,1,1,0,0,0
19,1,1,0,0,0
25,1,1,0,0,0
16,1,1,0,0,0
22,1,1,0,1,0
15,1,1,0,0,0
16,1,1,0,0,0
23,1,2,0,0,0
17,1,1,0,0,0
25,1,1,0,0,0
27,1,1,0,0,0
18,1,1,0,0,0
18,1,1,0,1,0
18,1,1,0,0,0
22,1,1,0,0,0
14,1,1,0,0,0
35,1,1,0,1,0
19,1,1,0,0,0
23,1,1,0,0,0
18,1,1,0,0,0
21,1,1,0,0,0
24,1,1,0,0,0
17,1,1,0,0,0
21,1,1,0,0,0
24,1,1,0,0,0
32,1,1,0,0,0
20,1,1,0,0,0
27,1,1,0,0,0
28,1,2,0,0,0
20,1,1,0,0,0
29,1,1,0,0,0
16,1,1,0,0,0
24,1,1,0,0,0
26,1,1,0,1,0
21,1,1,0,0,0
17,1,1,0,0,0
29,1,1,0,0,0
24,1,1,0,0,0
24,1,2,0,1,0
16,1,1,0,0,0
24,1,1,0,0,0
27,1,1,0,1,0
21,1,1,0,0,0
22,1,1,0,0,0
23,1,1,0,1,0
20,1,1,0,0,0
20,1,1,0,0,0
16,1,1,0,0,0
28,1,1,0,1,0
21,1,1,0,0,0
25,1,2,0,1,0
20,1,1,0,0,0
29,1,1,0,0,0
18,1,1,0,0,0
22,1,1,0,1,0
25,1,1,0,0,0
23,1,1,0,0,0
20,1,1,0,0,0
19,1,1,0,0,0
19,1,1,0,0,0
19,1,1,0,0,0
16,1,1,0,0,0
28,1,1,0,0,0
18,1,1,0,0,0
26,1,1,0,0,0
18,1,1,0,0,0
20,1,1,0,0,0
25,1,1,0,0,0
20,1,1,0,0,0
17,1,1,0,0,0
23,1,2,0,0,0
21,1,1,0,0,0
26,1,1,0,1,0
16,1,1,0,1,0
41,1,2,0,2,0
26,1,1,0,0,0
26,1,1,0,0,0
23,1,1,0,0,0
19,1,1,0,0,0
22,1,1,0,0,0
16,1,1,0,0,0
22,1,1,0,0,0
18,1,1,0,0,0
21,1,2,0,0,0
30,1,2,0,0,0
23,1,1,0,0,0
19,1,1,0,0,0
26,1,1,0,0,0
22,1,1,0,1,0
34,1,1,0,2,0
21,1,1,0,1,0
25,1,1,0,0,0
26,1,1,0,0,0
20,1,1,0,0,0
29,1,1,0,0,0
16,1,1,0,0,0
20,1,1,0,0,0
18,1,1,0,0,0
18,1,1,0,0,0
23,1,1,0,0,0
27,1,1,0,1,0
21,1,1,0,0,0
15,1,1,0,0,0
21,1,2,0,0,0
28,1,1,0,0,0
19,1,1,0,0,0
26,1,1,0,0,0
23,1,1,0,1,0
22,1,1,0,0,0
19,1,1,0,0,0
19,1,1,0,0,0
20,1,1,0,1,0
19,1,1,0,0,0
31,1,1,0,0,0
27,1,1,0,0,0
20,1,1,0,1,0
22,1,2,0,0,0
18,1,1,0,0,0
18,1,1,0,0,0
21,1,1,0,0,0
15,1,1,0,0,0
19,1,1,0,0,0
22,1,1,0,1,0
21,1,1,0,0,0
18,1,1,0,0,0
17,1,1,0,0,0
17,1,1,0,0,0
25,1,2,0,0,0
29,1,1,0,0,0
17,1,1,0,0,0
18,1,1,0,0,0
28,1,1,0,1,0
31,1,1,0,0,0
18,1,1,0,0,0
27,1,2,0,0,0
27,1,1,0,0,0
20,1,1,0,0,0
21,1,1,0,0,0
15,1,1,0,0,0
19,1,1,0,0,0
25,1,1,0,0,0
19,1,1,0,0,0
18,1,1,0,0,0
26,1,1,0,0,0
18,1,1,0,0,0
14,1,1,0,0,0
19,1,1,0,0,0
18,1,1,0,0,0
22,1,1,0,0,0
23,1,1,0,0,0
30,1,1,0,1,0
18,1,1,0,0,0
21,1,1,0,0,0
25,1,1,0,2,0
28,1,1,0,1,0
23,1,1,0,0,0
30,1,1,0,0,0
18,1,2,0,0,0
28,1,1,0,1,0
22,1,1,0,0,0
22,1,2,0,0,0
16,1,1,0,0,0
18,1,1,0,0,0
32,1,1,0,0,0
14,1,1,0,0,0
18,1,1,0,0,0
19,1,1,0,0,0
28,1,1,0,0,0
27,1,1,0,0,0
20,1,1,0,0,0
23,1,1,0,0,0
20,1,1,0,1,0
30,1,3,0,0,0
19,1,1,0,1,0
14,1,1,0,0,0
15,1,1,0,0,0
18,1,1,0,0,0
30,1,1,0,1,0
25,1,2,0,0,0
23,1,1,0,0,0
24,1,1,0,0,0
23,1,1,0,2,0
22,1,1,0,0,0
25,1,2,0,0,0
22,1,1,0,0,0
22,1,1,0,1,0
17,1,1,0,0,0
17,1,1,0,0,0
23,1,1,0,0,0
19,1,1,0,0,0
15,1,1,0,0,0
17,1,1,0,0,0
29,1,1,0,0,0
19,1,2,0,0,0
20,1,1,0,0,0
20,1,1,0,0,0
16,1,1,0,0,0
21,1,1,0,0,0
31,1,1,0,0,0
20,1,1,0,0,0
20,1,1,0,0,0
25,1,1,0,1,0
21,1,1,0,1,0
21,1,1,0,0,0
22,1,1,0,0,0
18,1,1,0,0,0
29,1,1,0,0,0
31,1,1,0,0,0
25,1,1,0,0,0
20,1,1,0,0,0
15,1,1,0,0,0
25,1,1,0,1,0
20,1,1,0,0,0
27,1,1,0,1,0
23,1,1,0,0,0
27,1,2,0,0,0
20,1,1,0,0,0
19,1,1,0,0,0
18,1,1,0,0,0
25,1,1,0,0,0
21,1,1,0,0,0
25,1,1,0,0,0
19,1,1,0,0,0
28,1,2,0,0,0
17,1,2,0,0,0
21,1,1,0,0,0
28,1,1,0,0,0
20,1,1,0,0,0
18,1,1,0,0,0
19,1,1,0,0,0
19,1,1,0,0,0
19,1,1,0,0,0
21,1,1,0,0,0
25,1,1,0,0,0
24,1,1,0,0,0
18,1,1,0,0,0
25,1,1,0,1,0
17,1,1,0,0,0
25,1,1,0,0,0
17,1,2,0,0,0
22,1,1,0,0,0
24,1,1,0,0,0
17,1,1,0,0,0
33,1,2,0,0,0
21,1,2,0,0,0
19,1,1,0,0,0
18,1,1,0,0,0
25,1,1,0,0,0
20,1,1,0,0,0
24,1,1,0,0,0
21,1,1,0,1,0
19,1,1,0,0,0
25,1,1,0,0,0
23,1,1,0,1,0
16,1,1,0,0,0
19,1,1,0,0,0
31,1,2,0,0,0
32,1,1,0,0,0
22,1,2,0,0,0
33,1,1,0,0,0
25,1,1,0,0,0
38,1,1,0,0,0
23,1,1,0,0,0
19,1,1,0,0,0
19,1,1,0,0,0
21,1,1,0,0,0
20,1,1,0,1,0
32,1,1,0,0,0
18,1,1,0,0,0
18,1,1,0,0,0
18,1,1,0,0,0
18,1,1,0,0,0
23,1,2,0,0,0
18,1,1,0,0,0
29,1,1,0,0,0
19,1,1,0,0,0
22,1,1,0,0,0
20,1,1,0,0,0
24,1,1,0,0,0
17,1,1,0,0,0
24,1,2,0,0,0
21,1,1,0,0,0
21,1,1,0,0,0
23,1,1,0,0,0
25,1,1,0,0,0
33,1,1,0,0,0
21,1,1,0,0,0
19,1,1,0,0,0
15,1,1,0,0,0
21,1,2,0,0,0
23,1,1,0,0,0
15,1,1,0,0,0
20,1,1,0,0,0
28,1,1,0,0,0
24,1,1,0,0,0
25,1,1,0,0,0
18,1,1,0,0,0
16,1,1,0,0,0
22,1,1,0,0,0
20,1,1,0,0,0
21,1,1,0,0,0
20,1,1,0,0,0
20,1,1,0,0,0
20,1,1,0,0,0
28,1,1,0,2,0
26,1,2,0,0,0
22,1,2,0,0,0
20,1,2,0,0,0
19,1,2,0,0,0
22,1,1,0,0,0
17,1,1,0,0,0
24,1,1,0,0,0
23,1,1,0,0,0
18,1,1,0,0,0
23,1,1,0,0,0
26,1,1,0,0,0
21,1,1,0,0,0
20,1,1,0,0,0
16,1,1,0,0,0
16,1,1,0,0,0
18,1,1,0,0,0
25,1,1,0,1,0
24,1,1,0,0,0
30,1,1,0,0,0
21,1,1,0,0,0
22,1,1,0,0,0
21,1,1,0,1,0
18,1,2,0,0,0
17,1,1,0,0,0
28,1,1,0,0,0
20,1,2,0,0,0
25,1,1,0,0,0
26,1,1,0,0,0
21,1,1,0,0,0
23,1,2,0,0,0
17,1,1,0,0,0
23,1,1,0,0,0
20,1,1,0,0,0
22,1,1,0,0,0
20,1,2,0,0,0
19,1,1,0,0,0
20,1,1,0,0,0
15,1,1,0,0,0
18,1,1,0,0,0
19,1,1,0,2,0
22,1,1,0,0,0
33,1,1,0,0,0
18,1,1,0,0,0
21,1,1,0,0,0
19,1,1,0,0,0
20,1,1,0,0,0
17,1,1,0,0,0
28,1,1,0,0,0
23,1,1,0,0,0
18,1,1,0,0,0
24,1,1,0,0,0
22,1,1,0,1,0
19,1,1,0,0,0
22,1,1,0,0,0
24,1,1,0,0,0
27,1,1,0,0,0
23,1,1,0,0,0
22,1,1,0,1,0
17,1,1,0,0,0
21,1,1,0,0,0
25,1,2,0,0,0
18,1,1,0,0,0
19,1,1,0,0,0
28,1,1,0,0,0
18,1,1,0,0,0
22,1,1,0,0,0
19,1,1,0,0,0
24,1,1,0,0,0
28,1,1,0,1,0
21,1,1,0,0,0
24,1,1,0,0,0
24,1,1,0,0,0
25,1,1,0,0,0
20,1,1,0,0,0
17,1,1,0,0,0
28,1,1,0,2,0
21,1,1,0,0,0
21,1,1,0,0,0
22,1,1,0,0,0
25,1,1,0,0,0
24,1,1,0,1,0
25,1,1,0,0,0
22,1,1,0,1,0
24,1,1,0,0,0
18,1,1,0,0,0
23,1,1,0,0,0
21,1,1,0,1,0
30,1,1,0,2,0
20,1,1,0,0,0
18,1,1,0,0,0
20,1,1,0,0,0
23,1,1,0,0,0
15,1,1,0,0,0
16,1,1,0,0,0
19,1,1,0,0,0
16,1,1,0,0,0
18,1,1,0,0,0
19,1,1,0,1,0
18,1,1,0,0,0
23,1,1,0,0,0
30,1,1,0,0,0
18,1,1,0,0,0
20,1,1,0,0,0
24,1,1,0,1,0
13,1,1,0,0,0
62,1,1,0,0,0
21,1,1,0,0,0
21,1,1,0,1,0
19,1,1,0,0,0
23,1,1,0,1,0
24,1,2,0,0,0
18,1,1,0,0,0
16,1,1,0,0,0
20,1,1,0,0,0
19,1,1,0,0,0
17,1,1,0,0,0
18,1,2,0,0,0
21,1,1,0,0,0
22,1,2,0,0,0
26,1,1,0,0,0
25,1,1,0,1,0
23,1,1,0,0,0
18,1,1,0,0,0
22,1,1,0,2,0
24,1,1,0,0,0
32,1,1,0,0,0
21,1,1,0,0,0
18,1,1,0,0,0
21,1,1,0,0,0
17,1,2,0,0,0
26,1,1,0,0,0
18,1,1,0,0,0
21,1,1,0,1,0
16,1,1,0,0,0
14,1,1,0,0,0
18,1,1,0,1,0
21,1,2,0,1,0
16,1,1,0,0,0
18,1,2,0,0,0
24,1,1,0,0,0
25,1,1,0,0,0
15,1,1,0,0,0
17,1,1,0,0,0
22,1,1,0,0,0
20,1,1,0,0,0
18,1,1,0,0,0
19,1,1,0,0,0
18,1,1,0,0,0
24,1,2,0,2,0
16,1,1,0,1,0
23,1,1,0,0,0
18,1,1,0,0,0
21,1,1,0,0,0
24,1,2,0,0,0
20,1,1,0,0,0
19,1,1,0,0,0
21,1,1,0,1,0
23,1,1,0,0,0
23,1,1,0,0,0
19,1,1,0,1,0
22,1,1,0,0,0
17,1,1,0,0,0
17,1,1,0,0,0
22,1,1,0,0,0
22,1,1,0,0,0
24,1,2,0,0,0
18,1,1,0,0,0
20,1,1,0,0,0
28,1,1,0,0,0
22,1,1,0,0,0
22,1,1,0,0,0
22,1,1,0,0,0
22,1,1,0,0,0
16,1,1,0,0,0
17,1,1,0,0,0
22,1,1,0,0,0
20,1,1,0,0,0
25,1,1,0,0,0
20,1,1,0,0,0
24,1,2,0,0,0
14,1,1,0,0,0
22,1,1,0,1,0
20,1,1,0,1,0
17,1,1,0,0,0
19,1,1,0,0,0
19,1,1,0,0,0
23,1,1,0,0,0
19,1,1,0,0,0
17,1,1,0,0,0
19,1,1,0,0,0
30,1,2,0,0,0
28,1,1,0,0,0
20,1,1,0,0,0
18,1,1,0,0,0
18,1,2,0,0,0
19,1,1,0,0,0
19,1,2,0,0,0
24,1,2,0,0,0
21,1,2,0,0,0
37,1,2,0,0,0
15,1,1,0,0,0
31,1,1,0,0,0
26,1,1,0,0,0
19,1,1,0,0,0
17,1,1,0,0,0
18,1,1,0,0,0
24,1,1,0,1,0
31,1,1,0,0,0
25,1,2,0,1,0
19,1,1,0,0,0
18,1,1,0,0,0
25,1,1,0,0,0
33,1,1,0,0,0
21,1,1,0,0,0
24,1,1,0,0,0
25,1,1,0,0,0
27,1,2,0,0,0
22,1,1,0,0,0
26,1,1,0,0,0
18,1,1,0,0,0
15,1,1,0,0,0
26,1,1,0,0,0
24,1,1,0,0,0
25,1,1,0,1,0
19,1,1,0,0,0
21,1,1,0,0,0
27,1,1,0,0,0
19,1,2,0,0,0
20,1,1,0,1,0
28,1,1,0,0,0
25,1,1,0,0,0
18,1,1,0,0,0
23,1,1,0,0,0
22,1,1,0,0,0
15,1,1,0,0,0
22,1,2,0,0,0
27,1,1,0,0,0
28,1,1,0,0,0
23,1,1,0,0,0
25,1,1,0,0,0
38,1,1,0,0,0
21,1,1,0,0,0
20,1,1,0,0,0
22,1,1,0,0,0
16,1,1,0,0,0
20,1,1,0,0,0
16,1,1,0,0,0
21,1,1,0,1,0
19,1,1,0,0,0
23,1,1,0,0,0
18,1,1,0,0,0
19,1,1,0,0,0
22,1,1,0,0,0
24,1,1,0,0,0
19,1,1,0,0,0
16,1,1,0,0,0
14,1,1,0,0,0
26,1,2,0,0,0
27,1,1,0,0,0
17,1,1,0,0,0
18,1,1,0,0,0
19,1,2,0,0,0
17,1,1,0,0,0
18,1,1,0,0,0
20,1,1,0,0,0
24,1,1,0,0,0
28,1,1,0,0,0
22,1,1,0,0,0
18,1,1,0,0,0
20,1,2,0,0,0
25,1,1,0,1,0
17,1,1,0,0,0
24,1,2,0,0,0
19,1,1,0,0,0
21,1,1,0,0,0
18,1,2,0,0,0
22,1,1,0,0,0
18,1,1,0,0,0
22,1,1,0,0,0
27,1,1,0,0,0
30,1,1,0,0,0
17,1,1,0,0,0
26,1,1,0,0,0
21,1,1,0,1,0
30,1,2,0,0,0
17,1,1,0,0,0
23,1,1,0,0,0
20,1,1,0,0,0
27,1,1,0,1,0
25,1,1,0,1,0
30,1,1,0,0,0
25,1,1,0,1,0
22,1,1,0,0,0
19,1,2,0,0,0
25,1,1,0,0,0
19,1,1,0,0,0
25,1,1,0,0,0
21,1,1,0,0,0
29,1,1,0,0,0
22,1,1,0,0,0
25,1,1,0,0,0
20,1,1,0,0,0
25,1,1,0,0,0
22,1,1,0,0,0
19,1,1,0,0,0
18,1,1,0,0,0
26,1,1,0,0,0
21,1,1,0,0,0
21,1,2,0,0,0
23,1,1,0,0,0
18,1,1,0,0,0
29,1,1,0,0,0
20,1,1,0,0,0
22,1,1,0,0,0
29,1,1,0,0,0
23,1,1,0,0,0
17,1,1,0,0,0
25,1,1,0,0,0
21,1,1,0,0,0
16,1,1,0,0,0
20,1,1,0,0,0
20,1,1,0,0,0
32,1,1,0,0,0
17,1,1,0,1,0
19,1,1,0,0,0
19,1,1,0,0,0
19,1,1,0,0,0
22,1,1,0,0,0
19,1,1,0,0,0
29,1,1,0,0,0
20,1,1,0,0,0
22,1,2,0,0,0
17,1,1,0,0,0
20,1,1,0,0,0
17,1,1,0,0,0
22,1,1,0,0,0
17,1,1,0,0,0
27,1,1,0,1,0
14,1,1,0,0,0
24,1,1,0,0,0
29,1,1,0,1,0
19,1,1,0,0,0
23,1,1,0,0,0
20,1,1,0,0,0
18,1,1,0,0,0
25,1,1,0,0,0
19,1,1,0,0,0
15,1,1,0,0,0
22,1,1,0,0,0
21,1,2,0,0,0
21,1,1,0,0,0
21,1,1,0,0,0
17,1,1,0,0,0
29,1,1,0,0,0
31,1,1,0,0,0
20,1,1,0,0,0
21,1,1,0,0,0
21,1,1,0,0,0
30,1,1,0,1,0
20,1,1,0,0,0
21,1,1,0,0,0
22,1,1,0,0,0
19,1,1,0,0,0
19,1,1,0,0,0
23,1,1,0,0,0
27,1,1,0,0,0
20,1,1,0,0,0
15,1,1,0,0,0
21,1,2,0,0,0
19,1,1,0,0,0
19,1,2,0,0,0
25,1,1,0,0,0
17,1,1,0,0,0
23,1,1,0,0,0
17,1,2,0,0,0
20,1,1,0,0,0
21,1,1,0,1,0
17,1,2,0,0,0
24,1,1,0,0,0
31,1,1,0,0,0
16,1,1,0,0,0
21,1,2,0,0,0
22,1,1,0,0,0
26,1,1,0,0,0
21,1,1,0,0,0
19,1,1,0,1,0
21,1,1,0,1,0
23,1,1,0,0,0
26,1,1,0,0,0
14,1,1,0,0,0
22,1,1,0,0,0
23,1,1,0,0,0
36,1,1,0,0,0
19,1,1,0,0,0
20,1,1,0,0,0
22,1,1,0,0,0
26,1,1,0,1,0
26,1,2,0,0,0
16,1,1,0,0,0
24,1,2,0,0,0
22,1,1,0,0,0
22,1,1,0,0,0
21,1,1,0,0,0
16,1,1,0,0,0
26,1,1,0,0,0
18,1,2,0,0,0
19,1,1,0,0,0
17,1,1,0,0,0
20,1,1,0,0,0
17,1,1,0,0,0
23,1,1,0,0,0
18,1,1,0,0,0
18,1,2,0,0,0
21,1,1,0,0,0
20,1,1,0,0,0
19,1,1,0,1,0
26,1,1,0,0,0
25,1,1,0,0,0
19,1,1,0,0,0
17,1,1,0,0,0
19,1,1,0,0,0
24,1,1,0,0,0
17,1,1,0,0,0
28,1,1,0,0,0
19,1,1,0,0,0
28,1,1,0,2,0
18,1,1,0,0,0
19,1,2,0,0,0
17,1,1,0,0,0
23,1,1,0,0,0
20,1,1,0,0,0
23,1,1,0,0,0
17,1,1,0,0,0
23,1,1,0,0,0
23,1,1,0,0,0
34,1,1,0,1,0
22,1,1,0,0,0
20,1,1,0,1,0
17,1,1,0,0,0
19,1,1,0,0,0
26,1,1,0,1,0
22,1,1,0,0,0
20,1,1,0,0,0
22,1,2,0,0,0
21,1,1,0,0,0
22,1,2,0,0,0
24,1,2,0,0,0
24,1,2,0,0,0
24,1,1,0,0,0
20,1,1,0,0,0
19,1,1,0,0,0
22,1,1,0,0,0
29,1,1,0,3,0
19,1,1,0,0,0
22,1,1,0,1,0
22,1,1,0,0,0
15,1,1,0,0,0
22,1,1,0,0,0
20,1,1,0,0,0
20,1,1,0,0,0
40,1,1,0,0,0
21,1,1,0,0,0
23,1,1,0,0,0
23,1,1,0,0,0
27,1,1,0,1,0
15,1,1,0,0,0
21,1,2,0,0,0
21,1,1,0,0,0
21,1,1,0,0,0
28,1,1,0,0,0
26,1,1,0,0,0
19,1,1,0,0,0
17,1,1,0,0,0
25,1,1,0,0,0
14,1,1,0,0,0
25,1,2,0,0,0
23,1,2,0,0,0
27,1,1,0,2,0
22,1,1,0,0,0
26,1,1,0,0,0
25,1,1,0,0,0
17,1,1,0,0,0
21,1,1,0,0,0
24,1,1,0,0,0
19,1,1,0,0,0
17,1,1,0,0,0
24,1,1,0,0,0
27,1,1,0,0,0
18,1,1,0,0,0
18,1,1,0,0,0
29,1,1,0,0,0
24,1,1,0,0,0
19,1,1,0,0,0
18,1,1,0,0,0
21,1,1,0,0,0
23,1,1,0,0,0
27,1,1,0,0,0
14,1,1,0,0,0
21,1,1,0,0,0
17,1,1,0,0,0
26,1,1,0,0,0
18,1,1,0,0,0
26,1,2,0,0,0
24,1,1,0,0,0
19,1,2,0,0,0
14,1,1,0,0,0
18,1,1,0,0,0
25,1,1,0,1,0
22,1,1,0,0,0
22,1,1,0,0,0
22,1,1,0,0,0
25,1,1,0,0,0
16,1,1,0,0,0
17,1,1,0,0,0
25,1,1,0,1,0
19,1,1,0,0,0
23,1,1,0,0,0
19,1,1,0,0,0
21,1,1,0,0,0
25,1,1,0,0,0
22,1,1,0,0,0
18,1,1,0,0,0
15,1,1,0,0,0
16,1,1,0,0,0
19,1,1,0,0,0
23,1,1,0,0,0
18,1,1,0,0,0
16,1,1,0,0,0
28,1,1,0,0,0
26,1,1,0,0,0
18,1,1,0,0,0
16,1,1,0,0,0
22,1,1,0,0,0
20,1,1,0,1,0
19,1,1,0,0,0
23,1,1,0,0,0
26,1,1,0,0,0
21,1,1,0,0,0
19,1,1,0,1,0
17,1,1,0,0,0
18,1,1,0,0,0
24,1,1,0,1,0
30,1,1,0,0,0
23,1,1,0,1,0
22,1,1,0,1,0
25,1,1,0,0,0
23,1,1,0,0,0
21,1,1,0,0,0
29,1,1,0,0,0
20,1,2,0,0,0
22,1,1,0,1,0
19,1,1,0,0,0
29,1,1,0,0,0
24,1,1,0,1,0
15,1,1,0,0,0
27,1,1,0,0,0
22,1,1,0,0,0
26,1,1,0,0,0
21,1,1,0,0,0
19,1,2,0,0,0
19,1,1,0,0,0
16,1,1,0,0,0
15,1,1,0,0,0
34,1,1,0,0,0
20,1,1,0,0,0
21,1,1,0,0,0
23,1,1,0,0,0
19,1,1,0,0,0
17,1,1,0,0,0
22,1,1,0,1,0
30,1,1,0,0,0
29,1,1,0,0,0
20,1,1,0,0,0
19,1,1,0,0,0
21,1,1,0,1,0
21,1,1,0,0,0
31,1,1,0,0,0
18,1,1,0,0,0
31,1,1,0,0,0
24,1,1,0,0,0
36,1,1,0,0,0
24,1,1,0,0,0
15,1,1,0,0,0
20,1,1,0,0,0
20,1,1,0,0,0
20,1,2,0,0,0
25,1,1,0,0,0
17,1,1,0,0,0
26,1,1,0,0,0
21,1,1,0,0,0
27,1,1,0,0,0
19,1,2,0,0,0
20,1,1,0,0,0
25,1,2,0,0,0
17,1,1,0,0,0
20,1,1,0,0,0
23,1,1,0,0,0
16,1,1,0,0,0
29,1,1,0,0,0
14,1,1,0,0,0
28,1,2,0,0,0
23,1,1,0,0,0
25,1,1,0,0,0
20,1,1,0,0,0
20,1,1,0,0,0
20,1,1,0,0,0
16,1,1,0,0,0
26,1,1,0,0,0
23,1,1,0,1,0
14,1,1,0,0,0
18,1,1,0,0,0
21,1,1,0,0,0
26,1,1,0,1,0
29,1,1,0,0,0
24,1,1,0,0,0
27,1,1,0,0,0
18,1,2,0,0,0
21,1,1,0,0,0
24,1,1,0,0,0
32,1,1,0,2,0
19,1,1,0,0,0
21,1,1,0,0,0
27,1,1,0,0,0
30,1,1,0,2,0
23,1,1,0,0,0
18,1,1,0,0,0
21,1,1,0,0,0
28,1,1,0,0,0
22,1,1,0,0,0
17,1,1,0,0,0
26,1,1,0,0,0
16,1,1,0,0,0
29,1,2,0,0,0
22,1,1,0,0,0
23,1,1,0,0,0
19,1,1,0,0,0
19,1,1,0,0,0
25,1,1,0,0,0
19,1,1,0,0,0
21,1,1,0,1,0
22,1,1,0,0,0
23,1,1,0,0,0
18,1,1,0,0,0
18,1,1,0,0,0
25,1,1,0,0,0
30,1,1,0,0,0
19,1,1,0,0,0
19,1,1,0,0,0
21,1,1,0,0,0
21,1,1,0,0,0
22,1,1,0,0,0
17,1,1,0,0,0
24,1,1,0,0,0
28,1,1,0,0,0
18,1,1,0,0,0
21,1,1,0,0,0
22,1,1,0,0,0
20,1,1,0,0,0
28,1,1,0,0,0
18,1,1,0,0,0
15,1,1,0,0,0
23,1,1,0,0,0
22,1,2,0,0,0
21,1,1,0,0,0
25,1,2,0,0,0
15,1,1,0,0,0
23,1,1,0,0,0
21,1,1,0,0,0
23,1,1,0,0,0
17,1,1,0,0,0
22,1,1,0,0,0
25,1,1,0,0,0
23,1,2,0,0,0
21,1,1,0,0,0
24,1,2,0,1,0
21,1,1,0,0,0
28,1,1,0,0,0
26,1,1,0,0,0
25,1,1,0,0,0
19,1,1,0,0,0
28,1,2,0,0,0
27,1,1,0,0,0
19,1,1,0,0,0
21,1,1,0,0,0
18,1,1,0,0,0
18,1,1,0,0,0
19,1,2,0,0,0
17,1,1,0,0,0
29,1,1,0,0,0
22,1,2,0,0,0
23,1,1,0,0,0
27,1,1,0,0,0
18,1,1,0,0,0
25,1,1,0,0,0
23,1,1,0,0,0
28,1,1,0,0,0
26,1,1,0,0,0
26,1,1,0,0,0
24,1,1,0,0,0
26,1,2,0,0,0
23,1,2,0,0,0
22,1,1,0,0,0
20,1,1,0,0,0
31,1,1,0,0,0
26,1,1,0,0,0
16,1,1,0,0,0
22,1,1,0,0,0
23,1,1,0,0,0
21,1,1,0,0,0
23,1,1,0,0,0
18,1,1,0,0,0
20,1,1,0,0,0
24,1,1,0,0,0
21,1,1,0,0,0
23,1,1,0,1,0
17,1,1,0,0,0
23,1,1,0,0,0
21,1,1,0,0,0
24,1,2,0,0,0
21,1,1,0,0,0
20,1,1,0,0,0
21,1,1,0,0,0
26,1,1,0,0,0
21,1,1,0,0,0
22,1,1,0,0,0
34,1,1,0,0,0
28,1,1,0,0,0
24,1,2,0,0,0
24,1,1,0,0,0
14,1,1,0,0,0
20,1,1,0,0,0
22,1,1,0,0,0
18,1,1,0,0,0
23,1,1,0,0,0
27,1,1,0,0,0
15,1,1,0,0,0
19,1,1,0,0,0
22,1,1,0,0,0
21,1,1,0,0,0
23,1,1,0,0,0
20,1,1,0,0,0
29,1,1,0,0,0
22,1,1,0,0,0
21,1,1,0,0,0
21,1,1,0,0,0
23,1,2,0,0,0
17,1,1,0,0,0
22,1,1,0,0,0
21,1,2,0,0,0
15,1,1,0,0,0
22,1,1,0,0,0
25,1,1,0,0,0
21,1,1,0,0,0
27,1,1,0,0,0
26,1,1,0,0,0
21,1,1,0,0,0
19,1,1,0,0,0
21,1,1,0,0,0
26,1,1,0,0,0
18,1,1,0,0,0
29,1,1,0,0,0
20,1,1,0,0,0
20,1,1,0,0,0
23,1,1,0,0,0
18,1,1,0,0,0
17,1,1,0,0,0
18,1,1,0,0,0
24,1,1,0,1,0
21,1,1,0,0,0
22,1,1,0,0,0
30,1,1,0,0,0
24,1,1,0,0,0
18,1,1,0,0,0
24,1,2,0,0,0
21,1,1,0,0,0
18,1,1,0,0,0
24,1,1,0,1,0
20,1,1,0,0,0
28,1,1,0,0,0
23,1,1,0,0,0
21,1,1,0,0,0
21,1,1,0,0,0
19,1,1,0,0,0
24,1,1,0,0,0
22,1,2,0,0,0
19,1,2,0,0,0
19,1,1,0,0,0
17,1,1,0,0,0
21,1,1,0,0,0
18,1,1,0,0,0
15,1,1,0,0,0
24,1,1,0,0,0
19,1,1,0,0,0
20,1,1,0,0,0
22,1,1,0,0,0
19,1,1,0,0,0
33,1,1,0,0,0
31,1,2,0,0,0
27,1,1,0,0,0
21,1,1,0,0,0
23,1,1,0,0,0
18,1,1,0,1,0
23,1,1,0,0,0
23,1,1,0,0,0
27,1,1,0,0,0
26,1,1,0,1,0
25,1,1,0,1,0
21,1,1,0,0,0
20,1,1,0,0,0
31,1,1,0,0,0
25,1,1,0,0,0
35,1,1,0,1,0
20,1,1,0,0,0
17,1,1,0,0,0
31,1,1,0,0,0
15,1,1,0,0,0
15,1,1,0,0,0
17,1,1,0,0,0
20,1,1,0,0,0
23,1,1,0,0,0
17,1,1,0,0,0
23,1,1,0,0,0
20,1,1,0,0,0
19,1,1,0,0,0
18,1,1,0,0,0
21,1,1,0,0,0
19,1,1,0,0,0
20,1,1,0,0,0
24,1,1,0,0,0
17,1,1,0,0,0
24,1,1,0,0,0
16,1,1,0,1,0
28,1,1,0,0,0
17,1,1,0,0,0
20,1,1,0,0,0
16,1,1,0,0,0
19,1,1,0,0,0
19,1,2,0,0,0
22,1,1,0,1,0
17,1,1,0,0,0
30,1,1,0,0,0
24,1,1,0,0,0
22,1,1,0,0,0
14,1,1,0,0,0
27,1,1,0,0,0
29,1,1,0,0,0
18,1,1,0,0,0
20,1,1,0,0,0
26,1,1,0,0,0
24,1,1,0,0,0
22,1,1,0,0,0
22,1,1,0,0,0
25,1,1,0,0,0
22,1,1,0,1,0
20,1,1,0,0,0
20,1,1,0,0,0
27,1,2,0,0,0
20,1,1,0,0,0
23,1,1,0,0,0
25,1,1,0,0,0
21,1,1,0,1,0
16,1,1,0,0,0
16,1,1,0,0,0
28,1,1,0,0,0
18,1,1,0,0,0
25,1,1,0,0,0
19,1,1,0,0,0
23,1,1,0,0,0
19,1,1,0,0,0
29,1,1,0,0,0
21,1,1,0,0,0
25,1,1,0,1,0
17,1,1,0,0,0
28,1,1,0,0,0
18,1,1,0,0,0
19,1,1,0,0,0
25,1,1,0,0,0
21,1,1,0,0,0
16,1,1,0,1,0
20,1,1,0,0,0
28,1,1,0,0,0
19,1,1,0,0,0
27,1,1,0,0,0
18,1,1,0,0,0
21,1,1,0,0,0
24,1,1,0,0,0
32,1,1,0,0,0
25,1,1,0,0,0
25,1,1,0,0,0
20,1,1,0,0,0
20,1,1,0,0,0
17,1,1,0,0,0
20,1,1,0,0,0
18,1,1,0,0,0
23,1,1,0,0,0
24,1,1,0,0,0
27,1,1,0,1,0
18,1,2,0,0,0
19,1,1,0,0,0
20,1,1,0,0,0
21,1,1,0,0,0
17,1,1,0,0,0
22,1,1,0,1,0
27,1,2,0,0,0
31,1,1,0,0,0
24,1,2,0,0,0
28,1,1,0,0,0
17,1,1,0,0,0
20,1,1,0,0,0
16,1,1,0,0,0
21,1,1,0,0,0
19,1,1,0,0,0
18,1,1,0,0,0
19,1,1,0,0,0
19,1,1,0,0,0
19,1,1,0,0,0
26,1,3,0,0,0
28,1,1,0,0,0
19,1,1,0,0,0
27,1,1,0,0,0
23,1,1,0,0,0
19,1,1,0,0,0
23,1,1,0,0,0
26,1,1,0,0,0
22,1,1,0,0,0
33,1,1,0,0,0
22,1,1,0,1,0
22,1,1,0,0,0
17,1,1,0,0,0
22,1,1,0,0,0
19,1,1,0,0,0
21,1,1,0,0,0
27,1,1,0,0,0
18,1,1,0,0,0
20,1,2,0,0,0
16,1,1,0,0,0
24,1,1,0,0,0
14,1,1,0,0,0
19,1,1,0,0,0
20,1,2,0,0,0
30,1,1,0,0,0
20,1,1,0,0,0
21,1,1,0,0,0
18,1,1,0,0,0
23,1,1,0,0,0
30,1,1,0,0,0
18,1,1,0,0,0
34,1,1,0,2,0
22,1,1,0,0,0
19,1,1,0,0,0
16,1,1,0,0,0
27,1,1,0,0,0
21,1,2,0,0,0
19,1,1,0,0,0
24,1,1,0,0,0
21,1,2,0,0,0
17,1,1,0,0,0
21,1,1,0,0,0
21,1,1,0,0,0
25,1,1,0,1,0
20,1,1,0,0,0
15,1,1,0,0,0
20,1,1,0,0,0
27,1,1,0,0,0
19,1,2,0,0,0
22,1,1,0,0,0
34,1,2,0,0,0
24,1,1,0,0,0
23,1,2,0,0,0
16,1,1,0,0,0
18,1,1,0,0,0
14,1,1,0,0,0
21,1,1,0,0,0
21,1,1,0,0,0
20,1,1,0,0,0
16,1,1,0,0,0
30,1,1,0,0,0
24,1,1,0,0,0
29,1,1,0,0,0
22,1,1,0,1,0
17,1,1,0,0,0
23,1,1,0,0,0
20,1,1,0,0,0
16,1,1,0,0,0
22,1,1,0,0,0
24,1,1,0,0,0
28,1,1,0,0,0
22,1,1,0,0,0
27,1,1,0,0,0
23,1,1,0,0,0
23,1,1,0,0,0
26,1,1,0,0,0
16,1,1,0,0,0
22,1,1,0,0,0
22,1,1,0,0,0
21,1,1,0,0,0
27,1,1,0,0,0
23,1,1,0,0,0
19,1,1,0,0,0
19,1,1,0,0,0
23,1,1,0,0,0
23,1,1,0,0,0
25,1,1,0,0,0
19,1,1,0,0,0
24,1,1,0,1,0
22,1,1,0,0,0
28,1,2,0,0,0
19,1,1,0,0,0
25,1,1,0,0,0
18,1,2,0,0,0
20,1,1,0,0,0
24,1,1,0,0,0
16,1,1,0,0,0
20,1,1,0,0,0
25,1,1,0,0,0
20,1,1,0,0,0
27,1,1,0,0,0
26,1,2,0,0,0
26,1,1,0,0,0
28,1,1,0,1,0
19,1,1,0,0,0
18,1,1,0,0,0
20,1,1,0,0,0
20,1,1,0,0,0
23,1,1,0,0,0
22,1,1,0,0,0
18,1,1,0,0,0
19,1,1,0,0,0
18,1,1,0,0,0
18,1,2,0,0,0
17,1,1,0,1,0
24,1,1,0,0,0
19,1,1,0,0,0
18,1,1,0,0,0
28,1,1,0,0,0
21,1,2,0,0,0
23,1,1,0,0,0
33,1,1,0,0,0
25,1,1,0,0,0
25,1,1,0,0,0
24,1,1,0,0,0
30,1,1,0,0,0
22,1,1,0,0,0
22,1,1,0,0,0
26,1,1,0,0,0
18,1,1,0,0,0
21,1,1,0,0,0
22,1,1,0,0,0
18,1,1,0,0,0
19,1,1,0,0,0
19,1,1,0,0,0
22,1,1,0,0,0
30,1,1,0,2,0
28,1,1,0,0,0
22,1,1,0,0,0
15,1,1,0,0,0
26,1,1,0,0,0
23,1,1,0,0,0
22,1,1,0,0,0
18,1,1,0,0,0
16,1,1,0,0,0
20,1,1,0,0,0
30,1,2,0,0,0
21,1,2,0,0,0
20,1,1,0,0,0
22,1,1,0,0,0
17,1,1,0,0,0
17,1,1,0,0,0
25,1,1,0,1,0
22,1,1,0,1,0
22,1,1,0,0,0
18,1,1,0,0,0
21,1,1,0,0,0
18,1,1,0,1,0
26,1,1,0,0,0
20,1,1,0,0,0
17,1,1,0,0,0
16,1,1,0,0,0
21,1,1,0,0,0
24,1,1,0,0,0
24,1,1,0,0,0
22,1,2,0,0,0
22,1,1,0,0,0
19,1,1,0,0,0
24,1,1,0,0,0
31,1,1,0,1,0
20,1,1,0,0,0
28,1,1,0,0,0
27,1,2,0,0,0
22,1,1,0,0,0
24,1,1,0,1,0
27,1,1,0,0,0
28,1,1,0,0,0
15,1,1,0,0,0
24,1,1,0,1,0
20,1,1,0,0,0
20,1,1,0,0,0
33,1,1,0,0,0
20,1,2,0,1,0
21,1,1,0,0,0
28,1,1,0,0,0
26,1,1,0,1,0
24,1,2,0,0,0
21,1,1,0,0,0
24,1,1,0,0,0
22,1,1,0,0,0
15,1,1,0,0,0
17,1,1,0,0,0
29,1,1,0,0,0
21,1,1,0,0,0
18,1,1,0,0,0
20,1,1,0,0,0
28,1,1,0,0,0
26,1,2,0,0,0
27,1,1,0,0,0
14,1,1,0,0,0
22,1,1,0,0,0
22,1,1,0,0,0
15,1,1,0,0,0
25,1,2,0,0,0
28,1,1,0,0,0
23,1,2,0,0,0
23,1,1,0,0,0
19,1,1,0,0,0
19,1,1,0,0,0
30,1,1,0,0,0
23,1,1,0,0,0
29,1,1,0,1,0
27,1,2,0,0,0
16,1,1,0,0,0
16,1,1,0,0,0
14,1,1,0,0,0
19,1,1,0,0,0
19,1,1,0,0,0
19,1,1,0,0,0
19,1,1,0,0,0
18,1,1,0,0,0
18,1,1,0,0,0
24,1,1,0,0,0
21,1,1,0,0,0
20,1,1,0,0,0
18,1,1,0,1,0
24,1,1,0,0,0
18,1,1,0,0,0
18,1,2,0,0,0
18,1,1,0,0,0
23,1,2,0,0,0
20,1,1,0,0,0
20,1,1,0,0,0
32,1,2,0,0,0
19,1,2,0,0,0
25,1,1,0,0,0
24,1,1,0,0,0
18,1,1,0,0,0
25,1,1,0,0,0
22,1,2,0,0,0
24,1,1,0,1,0
25,1,1,0,0,0
24,1,1,0,0,0
18,1,1,0,1,0
22,1,1,0,0,0
17,1,1,0,0,0
21,1,1,0,0,0
23,1,1,0,1,0
19,1,1,0,0,0
20,1,1,0,0,0
21,1,1,0,1,0
18,1,1,0,0,0
33,1,1,0,0,0
20,1,1,0,0,0
18,1,1,0,0,0
26,1,1,0,0,0
25,1,1,0,0,0
15,1,1,0,0,0
28,1,1,0,0,0
16,1,1,0,0,0
22,1,1,0,0,0
33,1,1,0,0,0
17,1,1,0,0,0
26,1,1,0,0,0
16,1,1,0,0,0
14,1,1,0,0,0
23,1,1,0,1,0
22,1,1,0,0,0
26,1,1,0,0,0
20,1,1,0,0,0
22,1,1,0,0,0
15,1,1,0,0,0
20,1,1,0,0,0
17,1,1,0,0,0
20,1,1,0,0,0
25,1,1,0,0,0
21,1,1,0,0,0
23,1,1,0,0,0
17,1,1,0,0,0
18,1,1,0,0,0
22,1,1,0,0,0
21,1,1,0,0,0
19,1,1,0,0,0
16,1,1,0,0,0
14,1,1,0,0,0
21,1,1,0,0,0
17,1,1,0,0,0
20,1,1,0,0,0
24,1,1,0,0,0
20,1,1,0,0,0
22,1,1,0,0,0
26,1,1,0,0,0
16,1,1,0,0,0
21,1,1,0,0,0
29,1,1,0,0,0
17,1,1,0,0,0
21,1,1,0,0,0
22,1,1,0,0,0
25,1,1,0,0,0
22,1,1,0,0,0
23,1,1,0,0,0
23,1,2,0,0,0
39,1,1,0,0,0
19,1,1,0,0,0
19,1,1,0,0,0
20,1,1,0,0,0
18,1,1,0,0,0
19,1,1,0,0,0
22,1,1,0,0,0
21,1,1,0,0,0
22,1,2,0,0,0
20,1,1,0,0,0
22,1,1,0,1,0
22,1,1,0,0,0
18,1,1,0,0,0
24,1,2,0,0,0
22,1,1,0,0,0
19,1,1,0,0,0
19,1,1,0,0,0
26,1,1,0,1,0
16,1,1,0,0,0
25,1,1,0,0,0
18,1,1,0,0,0
25,1,1,0,0,0
24,1,1,0,0,0
23,1,1,0,0,0
28,1,1,0,0,0
26,1,1,0,0,0
24,1,1,0,0,0
30,1,1,0,0,0
19,1,1,0,0,0
21,1,2,0,0,0
24,1,1,0,0,0
17,1,1,0,0,0
22,1,1,0,0,0
19,1,1,0,0,0
20,1,1,0,1,0
29,1,1,0,0,0
19,1,1,0,0,0
24,1,1,0,0,0
26,1,2,0,0,0
23,1,1,0,0,0
19,1,1,0,0,0
16,1,1,0,0,0
18,1,1,0,0,0
27,1,1,0,0,0
20,1,1,0,0,0
18,1,1,0,0,0
22,1,1,0,0,0
17,1,1,0,0,0
27,1,1,0,0,0
27,1,1,0,1,0
21,1,1,0,1,0
15,1,1,0,0,0
22,1,1,0,0,0
18,1,1,0,0,0
18,1,1,0,0,0
19,1,1,0,0,0
23,1,1,0,0,0
19,1,1,0,1,0
22,1,1,0,0,0
23,1,1,0,0,0
18,1,1,0,0,0
21,1,1,0,0,0
21,1,1,0,0,0
18,1,1,0,0,0
18,1,1,0,0,0
15,1,1,0,0,0
25,1,1,0,0,0
22,1,1,0,0,0
23,1,1,0,0,0
24,1,1,0,0,0
23,1,1,0,0,0
17,1,1,0,0,0
25,1,2,0,0,0
22,1,1,0,0,0
21,1,1,0,0,0
18,1,2,0,0,0
18,1,1,0,0,0
14,1,1,0,0,0
22,1,2,0,0,0
27,1,1,0,1,0
28,1,1,0,0,0
32,1,1,0,0,0
21,1,1,0,0,0
23,1,2,0,0,0
18,1,1,0,0,0
24,1,2,0,0,0
22,1,1,0,0,0
21,1,1,0,0,0
15,1,1,0,0,0
29,1,1,0,0,0
19,1,1,0,1,0
25,1,1,0,1,0
28,1,1,0,0,0
17,1,1,0,0,0
23,1,1,0,0,0
17,1,1,0,0,0
21,1,1,0,0,0
26,1,1,0,1,0
22,1,1,0,0,0
19,1,1,0,0,0
20,1,1,0,0,0
27,1,1,0,0,0
22,1,1,0,0,0
12,1,1,0,0,0
24,1,2,0,0,0
21,1,1,0,0,0
18,1,2,0,0,0
20,1,1,0,0,0
27,1,1,0,2,0
14,1,1,0,0,0
20,1,1,0,0,0
18,1,1,0,0,0
23,1,1,0,0,0
20,1,1,0,0,0
19,1,1,0,0,0
23,1,1,0,0,0
26,1,1,0,0,0
16,1,1,0,0,0
36,1,2,0,1,0
23,1,1,0,0,0
21,1,1,0,1,0
21,1,1,0,0,0
23,1,1,0,0,0
22,1,1,0,0,0
17,1,1,0,0,0
22,1,1,0,0,0
29,1,1,0,0,0
29,1,2,0,1,0
33,1,1,0,1,0
20,1,1,0,0,0
20,1,1,0,0,0
20,1,2,0,0,0
17,1,1,0,0,0
18,1,1,0,0,0
24,1,1,0,0,0
18,1,1,0,0,0
18,1,1,0,0,0
15,1,1,0,0,0
27,1,1,0,1,0
22,1,1,0,0,0
15,1,1,0,0,0
24,1,2,0,1,0
26,1,1,0,0,0
20,1,1,0,0,0
18,1,1,0,0,0
33,1,1,0,0,0
21,1,1,0,0,0
26,1,1,0,1,0
20,1,1,0,0,0
23,1,2,0,0,0
23,1,1,0,0,0
28,1,2,0,0,0
23,1,1,0,1,0
21,1,1,0,0,0
20,1,2,0,0,0
21,1,1,0,0,0
18,1,1,0,0,0
23,1,1,0,0,0
35,1,1,0,2,0
29,1,1,0,0,0
21,1,1,0,0,0
21,1,1,0,0,0
15,1,1,0,0,0
27,1,1,0,1,0
16,1,1,0,0,0
28,1,1,0,0,0
19,1,1,0,0,0
20,1,2,0,0,0
20,1,1,0,0,0
18,1,1,0,1,0
17,1,1,0,0,0
17,1,1,0,0,0
19,1,1,0,0,0
25,1,1,0,0,0
32,1,1,0,0,0
19,1,1,0,0,0
26,1,2,0,0,0
19,1,1,0,0,0
20,1,1,0,0,0
21,1,1,0,0,0
22,1,1,0,0,0
20,1,2,0,0,0
18,1,1,0,0,0
22,1,1,0,1,0
22,1,1,0,0,0
24,1,1,0,0,0
16,1,1,0,0,0
32,1,1,0,1,0
20,1,1,0,0,0
19,1,1,0,0,0
19,1,1,0,0,0
23,1,1,0,0,0
25,1,1,0,0,0
30,1,1,0,1,0
25,1,1,0,0,0
19,1,1,0,0,0
24,1,1,0,0,0
21,1,1,0,0,0
21,1,1,0,0,0
29,1,1,0,0,0
21,1,1,0,0,0
17,1,1,0,0,0
17,1,1,0,0,0
23,1,1,0,1,0
19,1,2,0,0,0
17,1,1,0,0,0
24,1,1,0,0,0
24,1,1,0,0,0
21,1,1,0,0,0
22,1,1,0,0,0
17,1,1,0,0,0
21,1,1,0,0,0
24,1,1,0,0,0
20,1,1,0,0,0
17,1,1,0,0,0
23,1,1,0,0,0
25,1,1,0,0,0
22,1,1,0,0,0
23,1,2,0,0,0
22,1,1,0,0,0
19,1,1,0,1,0
21,1,1,0,0,0
18,1,1,0,0,0
28,1,1,0,0,0
17,1,1,0,0,0
24,1,1,0,0,0
25,1,1,0,0,0
24,1,1,0,1,0
32,1,1,0,1,0
24,1,1,0,0,0
15,1,1,0,0,0
21,1,2,0,0,0
21,1,1,0,1,0
20,1,1,0,0,0
20,1,1,0,0,0
24,1,1,0,0,0
19,1,1,0,0,0
19,1,1,0,0,0
19,1,1,0,0,0
22,1,1,0,0,0
23,1,1,0,0,0
23,1,1,0,0,0
18,1,1,0,0,0
15,1,1,0,0,0
25,1,1,0,0,0
19,1,1,0,0,0
17,1,2,0,0,0
21,1,1,0,0,0
26,1,2,0,0,0
25,1,1,0,1,0
26,1,1,0,0,0
25,1,1,0,1,0
20,1,2,0,0,0
25,1,1,0,0,0
22,1,1,0,0,0
25,1,1,0,0,0
23,1,1,0,0,0
22,1,1,0,0,0
14,1,1,0,0,0
25,1,1,0,0,0
19,1,1,0,0,0
28,1,1,0,0,0
22,1,1,0,0,0
20,1,2,0,0,0
21,1,1,0,0,0
19,1,1,0,0,0
19,1,1,0,0,0
28,1,1,0,0,0
22,1,1,0,0,0
30,1,1,0,0,0
24,1,1,0,0,0
19,1,1,0,0,0
26,1,1,0,0,0
20,1,2,0,0,0
17,1,2,0,0,0
21,1,1,0,0,0
19,1,1,0,0,0
22,1,1,0,0,0
17,1,1,0,0,0
18,1,1,0,0,0
22,1,1,0,0,0
23,1,1,0,0,0
18,1,1,0,0,0
18,1,1,0,0,0
15,1,1,0,0,0
20,1,2,0,0,0
17,1,1,0,0,0
21,1,1,0,0,0
28,1,1,0,0,0
15,1,1,0,0,0
23,1,1,0,0,0
29,1,1,0,0,0
25,1,1,0,1,0
26,1,1,0,1,0
17,1,1,0,0,0
21,1,1,0,1,0
26,1,1,0,0,0
26,1,1,0,0,0
24,1,1,0,0,0
23,1,1,0,0,0
18,1,1,0,0,0
17,1,1,0,0,0
19,1,1,0,0,0
22,1,1,0,0,0
22,1,2,0,0,0
35,1,2,0,0,0
16,1,1,0,0,0
19,1,1,0,0,0
23,1,1,0,0,0
18,1,1,0,1,0
20,1,1,0,0,0
18,1,1,0,0,0
23,1,1,0,0,0
24,1,1,0,1,0
22,1,1,0,0,0
25,1,1,0,0,0
32,1,1,0,0,0
16,1,1,0,0,0
22,1,1,0,0,0
16,1,1,0,0,0
20,1,1,0,0,0
14,1,1,0,0,0
22,1,1,0,0,0
18,1,1,0,1,0
24,1,2,0,0,0
22,1,1,0,0,0
14,1,1,0,0,0
15,1,1,0,0,0
16,1,1,0,0,0
15,1,1,0,0,0
19,1,1,0,0,0
20,1,2,0,0,0
18,1,1,0,0,0
18,1,1,0,1,0
19,1,1,0,0,0
18,1,1,0,0,0
17,1,1,0,0,0
19,1,1,0,0,0
18,1,1,0,0,0
22,1,1,0,0,0
21,1,1,0,0,0
22,1,1,0,0,0
21,1,1,0,0,0
20,1,1,0,0,0
29,1,1,0,0,0
19,1,1,0,0,0
24,1,1,0,0,0
22,1,1,0,0,0
17,1,1,0,0,0
23,1,1,0,0,0
18,1,1,0,0,0
28,1,1,0,0,0
22,1,1,0,0,0
22,1,2,0,0,0
29,1,1,0,1,0
21,1,1,0,0,0
14,1,1,0,0,0
15,1,1,0,1,0
25,1,1,0,1,0
25,1,1,0,0,0
20,1,1,0,0,0
18,1,1,0,0,0
16,1,1,0,0,0
18,1,1,0,0,0
21,1,1,0,1,0
20,1,1,0,0,0
23,1,1,0,0,0
35,1,1,0,0,0
19,1,1,0,0,0
26,1,1,0,0,0
18,1,1,0,0,0
17,1,1,0,0,0
17,1,1,0,0,0
20,1,1,0,0,0
18,1,1,0,0,0
17,1,1,0,0,0
21,1,2,0,0,0
17,1,1,0,0,0
24,1,1,0,0,0
23,1,1,0,0,0
24,1,1,0,0,0
24,1,1,0,1,0
21,1,1,0,1,0
20,1,1,0,0,0
26,1,1,0,0,0
18,1,1,0,0,0
21,1,1,0,0,0
16,1,1,0,0,0
20,1,1,0,0,0
19,1,1,0,0,0
18,1,1,0,0,0
24,1,1,0,1,0
16,1,1,0,0,0
18,1,1,0,0,0
22,1,1,0,0,0
20,1,1,0,0,0
24,1,2,0,1,0
19,1,1,0,0,0
30,1,1,0,0,0
21,1,1,0,0,0
21,1,1,0,0,0
25,1,2,0,0,0
24,1,1,0,2,0
19,1,2,0,0,0
16,1,1,0,0,0
20,1,2,0,0,0
21,1,2,0,0,0
21,1,1,0,0,0
24,1,1,0,1,0
15,1,1,0,0,0
24,1,1,0,0,0
27,1,1,0,0,0
19,1,1,0,0,0
21,1,2,0,0,0
25,1,1,0,1,0
18,1,1,0,0,0
18,1,1,0,0,0
19,1,2,0,0,0
19,1,1,0,0,0
24,1,1,0,0,0
18,1,1,0,0,0
20,1,1,0,0,0
24,1,1,0,0,0
23,1,1,0,0,0
17,1,1,0,0,0
28,1,2,0,0,0
15,1,1,0,0,0
23,1,1,0,0,0
24,1,2,0,0,0
20,1,1,0,0,0
31,1,1,0,2,0
28,1,1,0,0,0
23,1,2,0,0,0
24,1,1,0,0,0
23,1,1,0,0,0
27,1,1,0,0,0
19,1,2,0,0,0
19,1,1,0,0,0
26,1,1,0,0,0
26,1,1,0,0,0
19,1,1,0,1,0
21,1,1,0,0,0
19,1,1,0,0,0
17,1,1,0,0,0
28,1,1,0,1,0
22,1,2,0,0,0
24,1,1,0,0,0
28,1,1,0,1,0
22,1,1,0,0,0
21,1,1,0,0,0
26,1,1,0,0,0
27,1,1,0,0,0
24,1,1,0,0,0
17,1,1,0,1,0
35,1,1,0,0,0
14,1,1,0,0,0
22,1,1,0,0,0
18,1,1,0,0,0
24,1,1,0,1,0
25,1,1,0,0,0
20,1,1,0,0,0
18,1,1,0,0,0
23,1,1,0,0,0
19,1,1,0,0,0
22,1,1,0,0,0
27,1,1,0,0,0
25,1,1,0,0,0
27,1,1,0,0,0
19,1,1,0,0,0
19,1,1,0,0,0
39,1,1,0,0,0
28,1,1,0,0,0
28,1,2,0,0,0
19,1,1,0,0,0
17,1,1,0,0,0
26,1,2,0,0,0
24,1,1,0,1,0
21,1,2,0,0,0
23,1,1,0,0,0
25,1,2,0,0,0
22,1,1,0,0,0
20,1,1,0,0,0
21,1,1,0,1,0
21,1,1,0,0,0
18,1,1,0,0,0
15,1,1,0,1,0
19,1,1,0,0,0
20,1,1,0,0,0
24,1,1,0,0,0
16,1,1,0,0,0
26,1,1,0,0,0
23,1,1,0,0,0
15,1,1,0,0,0
20,1,2,0,0,0
19,1,1,0,0,0
32,1,1,0,0,0
31,1,1,0,0,0
19,1,2,0,0,0
25,1,1,0,0,0
14,1,1,0,0,0
20,1,1,0,1,0
16,1,1,0,0,0
20,1,1,0,0,0
19,1,1,0,0,0
17,1,1,0,0,0
28,1,1,0,0,0
31,1,1,0,0,0
21,1,1,0,0,0
20,1,1,0,0,0
24,1,1,0,0,0
25,1,2,0,0,0
18,1,1,0,0,0
20,1,1,0,0,0
21,1,1,0,0,0
15,1,1,0,0,0
16,1,1,0,0,0
25,1,1,0,0,0
24,1,2,0,0,0
19,1,1,0,0,0
25,1,1,0,0,0
25,1,1,0,1,0
23,1,1,0,1,0
19,1,1,0,0,0
23,1,1,0,0,0
21,1,1,0,0,0
24,1,1,0,1,0
20,1,1,0,0,0
22,1,1,0,1,0
18,1,1,0,0,0
22,1,1,0,0,0
16,1,1,0,0,0
25,1,1,0,0,0
24,1,1,0,0,0
19,1,2,0,0,0
32,1,2,0,0,0
26,1,1,0,1,0
16,1,1,0,0,0
20,1,1,0,1,0
17,1,1,0,0,0
27,1,2,0,0,0
25,1,1,0,1,0
18,1,1,0,0,0
22,1,1,0,0,0
26,1,1,0,1,0
22,1,1,0,0,0
29,1,1,0,0,0
18,1,1,0,0,0
18,1,1,0,0,0
23,1,1,0,0,0
25,1,1,0,0,0
21,1,1,0,0,0
21,1,1,0,0,0
28,1,1,0,0,0
19,1,1,0,0,0
22,1,1,0,0,0
20,1,1,0,0,0
25,1,1,0,1,0
30,1,1,0,0,0
24,1,1,0,1,0
20,1,1,0,0,0
22,1,1,0,0,0
21,1,1,0,1,0
18,1,1,0,0,0
18,1,2,0,0,0
20,1,1,0,0,0
36,1,2,0,0,0
25,1,1,0,0,0
16,1,1,0,0,0
26,1,1,0,0,0
24,1,1,0,0,0
17,1,1,0,0,0
18,1,1,0,0,0
18,1,1,0,0,0
24,1,2,0,0,0
23,1,1,0,0,0
14,1,1,0,0,0
20,1,1,0,0,0
27,1,1,0,0,0
19,1,1,0,0,0
16,1,1,0,0,0
18,1,1,0,0,0
30,1,1,0,2,0
19,1,1,0,0,0
22,1,1,0,1,0
24,1,2,0,0,0
17,1,1,0,0,0
17,1,1,0,0,0
23,1,1,0,0,0
25,1,1,0,1,0
20,1,1,0,0,0
19,1,1,0,1,0
18,1,1,0,0,0
20,1,1,0,0,0
23,1,1,0,1,0
17,1,1,0,0,0
18,1,1,0,0,0
20,1,1,0,0,0
23,1,1,0,0,0
18,1,1,0,0,0
22,1,1,0,0,0
18,1,1,0,0,0
21,1,1,0,0,0
17,1,1,0,0,0
26,1,1,0,0,0
19,1,1,0,0,0
19,1,1,0,0,0
24,1,1,0,0,0
20,1,2,0,0,0
17,1,1,0,0,0
28,1,1,0,0,0
19,1,1,0,0,0
21,1,1,0,0,0
20,1,1,0,1,0
20,1,1,0,0,0
20,1,1,0,0,0
20,1,1,0,0,0
27,1,1,0,0,0
25,1,1,0,0,0
19,1,1,0,0,0
19,1,1,0,0,0
16,1,1,0,0,0
17,1,1,0,0,0
23,1,1,0,0,0
27,1,2,0,0,0
16,1,1,0,0,0
16,1,1,0,0,0
19,1,1,0,0,0
18,1,1,0,0,0
25,1,1,0,0,0
18,1,1,0,0,0
31,1,1,0,0,0
20,1,1,0,0,0
18,1,1,0,0,0
19,1,1,0,0,0
26,1,1,0,0,0
19,1,1,0,0,0
22,1,1,0,1,0
20,1,1,0,0,0
33,1,1,0,0,0
22,1,1,0,0,0
24,1,1,0,0,0
22,1,1,0,0,0
19,1,1,0,0,0
25,1,2,0,1,0
17,1,1,0,0,0
19,1,1,0,0,0
26,1,2,0,0,0
19,1,1,0,0,0
25,1,1,0,0,0
23,1,2,0,0,0
14,1,1,0,0,0
21,1,1,0,0,0
19,1,1,0,0,0
22,1,1,0,0,0
20,1,1,0,0,0
19,1,1,0,1,0
24,1,1,0,0,0
19,1,1,0,0,0
21,1,1,0,0,0
29,1,1,0,0,0
22,1,2,0,0,0
19,1,1,0,0,0
22,1,1,0,1,0
36,1,2,0,0,0
21,1,1,0,0,0
14,1,1,0,0,0
20,1,1,0,0,0
17,1,1,0,0,0
16,1,1,0,0,0
24,1,1,0,1,0
16,1,1,0,0,0
25,1,1,0,0,0
16,1,1,0,0,0
21,1,1,0,0,0
23,1,1,0,0,0
16,1,1,0,0,0
29,1,1,0,0,0
20,1,1,0,0,0
23,1,1,0,0,0
20,1,1,0,0,0
22,1,1,0,0,0
21,1,1,0,0,0
25,1,1,0,0,0
24,1,1,0,0,0
22,1,1,0,0,0
26,1,1,0,0,0
22,1,1,0,0,0
25,1,1,0,0,0
23,1,1,0,0,0
18,1,1,0,0,0
23,1,1,0,0,0
19,1,1,0,0,0
24,1,2,0,0,0
23,1,1,0,0,0
15,1,1,0,0,0
26,1,1,0,0,0
25,1,2,0,0,0
24,1,1,0,0,0
26,1,1,0,0,0
22,1,1,0,0,0
22,1,1,0,0,0
26,1,2,0,0,0
17,1,1,0,0,0
19,1,2,0,0,0
25,1,3,0,0,0
17,1,1,0,0,0
23,1,1,0,0,0
21,1,1,0,0,0
20,1,1,0,0,0
15,1,1,0,0,0
20,1,1,0,0,0
17,1,1,0,0,0
21,1,1,0,0,0
18,1,1,0,0,0
21,1,2,0,0,0
21,1,2,0,0,0
28,1,1,0,0,0
17,1,1,0,0,0
18,1,2,0,0,0
19,1,1,0,1,0
22,1,2,0,0,0
26,1,1,0,0,0
25,1,1,0,0,0
22,1,1,0,0,0
22,1,1,0,0,0
27,1,1,0,1,0
21,1,1,0,1,0
17,1,1,0,0,0
17,1,1,0,0,0
23,1,1,0,1,0
23,1,1,0,0,0
19,1,1,0,0,0
26,1,1,0,0,0
22,1,1,0,0,0
25,1,1,0,0,0
16,1,1,0,0,0
20,1,2,0,0,0
18,1,1,0,0,0
22,1,1,0,0,0
21,1,1,0,0,0
17,1,1,0,0,0
30,1,1,0,0,0
18,1,1,0,0,0
18,1,1,0,0,0
20,1,1,0,0,0
18,1,1,0,0,0
20,1,1,0,0,0
23,1,1,0,0,0
24,1,1,0,0,0
29,1,1,0,1,0
21,1,2,0,0,0
18,1,1,0,1,0
17,1,1,0,0,0
28,1,1,0,0,0
15,1,1,0,0,0
16,1,1,0,0,0
25,1,1,0,0,0
18,1,1,0,0,0
18,1,1,0,0,0
23,1,1,0,0,0
22,1,1,0,0,0
21,1,1,0,0,0
19,1,1,0,0,0
25,1,2,0,0,0
26,1,1,0,0,0
16,1,1,0,0,0
30,1,1,0,1,0
24,1,2,0,0,0
17,1,2,0,0,0
21,1,1,0,0,0
29,1,1,0,0,0
19,1,1,0,0,0
15,1,1,0,0,0
33,1,2,0,0,0
22,1,1,0,0,0
24,1,1,0,0,0
14,1,1,0,0,0
18,1,1,0,0,0
18,1,1,0,1,0
18,1,1,0,1,0
23,1,1,0,0,0
18,1,1,0,0,0
20,1,1,0,0,0
24,1,2,0,0,0
24,1,1,0,0,0
24,1,2,0,0,0
23,1,1,0,1,0
16,1,1,0,0,0
27,1,1,0,0,0
23,1,1,0,0,0
22,1,1,0,0,0
19,1,1,0,0,0
18,1,1,0,0,0
21,1,1,0,0,0
21,1,1,0,0,0
18,1,1,0,0,0
20,1,1,0,0,0
18,1,1,0,0,0
25,1,1,0,0,0
15,1,1,0,0,0
15,1,1,0,0,0
37,1,2,0,0,0
18,1,1,0,0,0
23,1,1,0,0,0
23,1,1,0,0,0
21,1,1,0,0,0
24,1,1,0,0,0
16,1,1,0,0,0
24,1,1,0,0,0
14,1,1,0,0,0
26,1,1,0,2,0
22,1,1,0,1,0
29,1,1,0,0,0
23,1,1,0,0,0
28,1,1,0,0,0
23,1,2,0,0,0
23,1,1,0,0,0
19,1,1,0,0,0
26,1,1,0,1,0
17,1,1,0,0,0
17,1,1,0,0,0
14,1,1,0,0,0
25,1,2,0,0,0
17,1,1,0,0,0
21,1,1,0,0,0
21,1,2,0,0,0
26,1,1,0,0,0
17,1,1,0,0,0
17,1,1,0,0,0
30,1,1,0,0,0
21,1,1,0,0,0
14,1,1,0,0,0
30,1,1,0,0,0
18,1,1,0,0,0
19,1,1,0,3,0
25,1,1,0,0,0
37,1,1,0,2,0
17,1,1,0,0,0
20,1,1,0,0,0
21,1,1,0,0,0
20,1,1,0,0,0
22,1,1,0,0,0
17,1,1,0,0,0
19,1,1,0,0,0
19,1,1,0,0,0
16,1,1,0,0,0
30,1,1,0,1,0
17,1,1,0,0,0
19,1,1,0,0,0
23,1,1,0,0,0
19,1,1,0,0,0
17,1,1,0,0,0
21,1,1,0,0,0
26,1,1,0,2,0
34,1,1,0,0,0
20,1,1,0,0,0
23,1,1,0,0,0
18,1,1,0,0,0
26,1,2,0,0,0
20,1,1,0,0,0
43,1,1,0,4,0
23,1,1,0,0,0
26,1,1,0,1,0
18,1,1,0,0,0
20,1,1,0,0,0
26,1,1,0,0,0
18,1,1,0,0,0
28,1,1,0,0,0
25,1,1,0,0,0
17,1,1,0,0,0
31,1,2,0,0,0
23,1,1,0,0,0
21,1,1,0,0,0
20,1,1,0,0,0
24,1,1,0,1,0
27,1,1,0,0,0
15,1,1,0,0,0
23,1,1,0,0,0
21,1,1,0,0,0
35,1,1,0,1,0
19,1,1,0,0,0
19,1,2,0,0,0
17,1,1,0,0,0
23,1,1,0,0,0
20,1,1,0,0,0
16,1,1,0,0,0
21,1,1,0,0,0
19,1,1,0,0,0
25,1,1,0,0,0
25,1,1,0,0,0
23,1,1,0,0,0
30,1,1,0,1,0
26,1,1,0,0,0
18,1,1,0,0,0
26,1,1,0,0,0
19,1,1,0,0,0
22,1,1,0,0,0
31,1,2,0,0,0
21,1,1,0,0,0
26,1,1,0,0,0
22,1,1,0,0,0
29,1,2,0,0,0
33,1,1,0,0,0
20,1,1,0,0,0
29,1,2,0,1,0
19,1,1,0,0,0
17,1,1,0,0,0
17,1,1,0,0,0
25,1,1,0,0,0
21,1,1,0,0,0
21,1,1,0,0,0
21,1,1,0,0,0
16,1,1,0,0,0
30,1,1,0,0,0
26,1,1,0,0,0
18,1,1,0,0,0
30,1,1,0,0,0
22,1,1,0,0,0
30,1,1,0,0,0
26,1,1,0,1,0
24,1,1,0,0,0
29,1,1,0,0,0
20,1,1,0,0,0
20,1,1,0,0,0
22,1,1,0,0,0
21,1,1,0,0,0
22,1,1,0,1,0
26,1,1,0,0,0
16,1,1,0,0,0
30,1,1,0,0,0
25,1,1,0,0,0
18,1,1,0,0,0
23,1,1,0,1,0
25,1,1,0,0,0
19,1,1,0,0,0
20,1,1,0,0,0
24,1,1,0,0,0
20,1,1,0,0,0
15,1,1,0,0,0
25,1,1,0,0,0
22,1,1,0,1,0
22,1,1,0,0,0
17,1,1,0,0,0
18,1,1,0,0,0
22,1,1,0,1,0
20,1,1,0,0,0
44,1,1,0,4,0
27,1,1,0,0,0
17,1,1,0,0,0
19,1,2,0,0,0
23,1,1,0,0,0
21,1,1,0,0,0
20,1,1,0,0,0
24,1,1,0,0,0
29,1,1,0,0,0
25,1,1,0,0,0
20,1,1,0,0,0
19,1,1,0,0,0
22,1,1,0,0,0
21,1,1,0,0,0
20,1,1,0,0,0
28,1,1,0,0,0
30,1,1,0,0,0
18,1,1,0,0,0
19,1,1,0,0,0
19,1,1,0,0,0
22,1,1,0,0,0
17,1,1,0,0,0
20,1,1,0,0,0
19,1,1,0,0,0
27,1,2,0,0,0
16,1,1,0,0,0
25,1,1,0,0,0
27,1,1,0,0,0
21,1,2,0,0,0
24,1,2,0,0,0
25,1,1,0,0,0
19,1,1,0,0,0
20,1,1,0,0,0
23,1,1,0,0,0
31,1,1,0,2,0
29,1,1,0,0,0
32,1,1,0,0,0
20,1,1,0,0,0
17,1,1,0,0,0
24,1,1,0,0,0
21,1,1,0,0,0
23,1,2,0,0,0
29,1,1,0,1,0
25,1,1,0,0,0
21,1,1,0,0,0
16,1,1,0,0,0
17,1,1,0,0,0
19,1,1,0,0,0
14,1,1,0,0,0
26,1,1,0,0,0
20,1,1,0,0,0
19,1,1,0,1,0
28,1,1,0,1,0
22,1,1,0,0,0
27,1,1,0,0,0
19,1,1,0,0,0
18,1,1,0,0,0
20,1,1,0,0,0
21,1,1,0,0,0
20,1,1,0,0,0
19,1,1,0,0,0
20,1,1,0,0,0
20,1,1,0,0,0
29,1,1,0,1,0
23,1,1,0,2,0
22,1,1,0,0,0
16,1,1,0,0,0
21,1,1,0,0,0
29,1,1,0,0,0
20,1,1,0,0,0
29,1,1,0,0,0
24,1,1,0,1,0
27,1,1,0,1,0
15,1,1,0,0,0
25,1,2,0,0,0
21,1,1,0,0,0
25,1,1,0,0,0
30,1,1,0,0,0
21,1,1,0,0,0
17,1,1,0,0,0
21,1,2,0,0,0
21,1,2,0,0,0
32,1,1,0,1,0
22,1,1,0,0,0
19,1,1,0,0,0
29,1,1,0,0,0
21,1,2,0,0,0
15,1,1,0,0,0
19,1,1,0,0,0
15,1,1,0,0,0
18,1,1,0,0,0
17,1,1,0,0,0
24,1,1,0,0,0
23,1,1,0,0,0
28,1,1,0,1,0
24,1,2,0,0,0
23,1,1,0,0,0
20,1,1,0,0,0
24,1,1,0,2,0
24,1,1,0,0,0
19,1,1,0,0,0
21,1,1,0,0,0
17,1,1,0,0,0
22,1,1,0,1,0
18,1,1,0,1,0
17,1,1,0,0,0
18,1,1,0,1,0
22,1,2,0,0,0
25,1,1,0,1,0
21,1,1,0,0,0
24,1,1,0,0,0
14,1,1,0,0,0
21,1,1,0,0,0
28,1,1,0,1,0
16,1,1,0,0,0
24,1,1,0,0,0
25,1,1,0,1,0
23,1,1,0,1,0
29,1,1,0,2,0
19,1,1,0,0,0
14,1,1,0,0,0
24,1,1,0,0,0
19,1,1,0,0,0
20,1,1,0,0,0
16,1,1,0,0,0
18,1,1,0,0,0
23,1,2,0,1,0
25,1,1,0,1,0
20,1,1,0,0,0
20,1,1,0,0,0
29,1,2,0,0,0
17,1,1,0,0,0
26,1,1,0,0,0
20,1,1,0,0,0
26,1,1,0,0,0
17,1,1,0,0,0
26,1,1,0,0,0
27,1,2,0,0,0
19,1,1,0,0,0
19,1,1,0,0,0
31,1,1,0,0,0
27,1,1,0,0,0
21,1,2,0,0,0
25,1,1,0,0,0
20,1,1,0,0,0
26,1,1,0,0,0
33,1,1,0,3,0
19,1,1,0,0,0
29,1,1,0,0,0
19,1,1,0,0,0
22,1,1,0,0,0
19,1,1,0,1,0
28,1,1,0,0,0
18,1,1,0,0,0
24,1,1,0,0,0
36,1,2,0,0,0
22,1,2,0,0,0
21,1,1,0,0,0
16,1,1,0,0,0
27,1,1,0,0,0
21,1,1,0,0,0
40,1,1,0,0,0
22,1,1,0,0,0
21,1,1,0,0,0
23,1,1,0,1,0
26,1,1,0,0,0
24,1,1,0,0,0
22,1,1,0,0,0
21,1,1,0,0,0
26,1,1,0,0,0
21,1,2,0,0,0
15,1,1,0,0,0
24,1,1,0,1,0
22,1,1,0,1,0
16,1,1,0,0,0
18,1,1,0,0,0
21,1,1,0,0,0
28,1,1,0,0,0
24,1,1,0,0,0
20,1,1,0,0,0
19,1,1,0,0,0
17,1,1,0,0,0
21,1,1,0,1,0
22,1,1,0,0,0
20,1,1,0,0,0
24,1,1,0,1,0
22,1,1,0,0,0
18,1,1,0,0,0
17,1,1,0,0,0
14,1,1,0,0,0
22,1,1,0,0,0
24,1,1,0,0,0
35,1,1,0,0,0
23,1,1,0,1,0
18,1,1,0,1,0
25,1,1,0,0,0
16,1,1,0,0,0
25,1,1,0,0,0
20,1,1,0,0,0
18,1,1,0,0,0
24,1,1,0,0,0
18,1,1,0,0,0
22,1,1,0,0,0
23,1,1,0,0,0
17,1,1,0,1,0
22,1,2,0,1,0
26,1,1,0,0,0
20,1,1,0,0,0
23,1,1,0,1,0
19,1,1,0,0,0
27,1,1,0,0,0
26,1,1,0,0,0
29,1,1,0,0,0
21,1,2,0,0,0
17,1,1,0,0,0
21,1,1,0,0,0
24,1,1,0,1,0
15,1,1,0,0,0
18,1,1,0,0,0
20,1,1,0,0,0
23,1,1,0,0,0
26,1,1,0,0,0
23,1,1,0,0,0
18,1,1,0,0,0
23,1,1,0,0,0
18,1,1,0,0,0
22,1,1,0,0,0
17,1,1,0,0,0
18,1,1,0,0,0
15,1,1,0,0,0
28,1,1,0,0,0
24,1,1,0,0,0
18,1,2,0,0,0
21,1,1,0,0,0
29,1,1,0,0,0
21,1,1,0,0,0
26,1,1,0,0,0
17,1,2,0,0,0
25,1,2,0,0,0
35,1,1,0,0,0
21,1,1,0,0,0
26,1,1,0,0,0
28,1,1,0,0,0
25,1,1,0,0,0
25,1,1,0,0,0
26,1,1,0,0,0
28,1,1,0,0,0
20,1,1,0,0,0
30,1,1,0,0,0
18,1,1,0,0,0
20,1,1,0,0,0
18,1,1,0,0,0
19,1,1,0,0,0
16,1,1,0,0,0
30,1,1,0,0,0
20,1,1,0,0,0
22,1,1,0,0,0
26,1,1,0,0,0
24,1,2,0,0,0
26,1,1,0,0,0
28,1,2,0,0,0
30,1,1,0,0,0
26,1,2,0,0,0
22,1,1,0,0,0
33,1,1,0,0,0
26,1,1,0,0,0
19,1,1,0,0,0
25,1,1,0,0,0
24,1,1,0,0,0
22,1,2,0,0,0
20,1,1,0,0,0
27,1,1,0,0,0
29,1,1,0,0,0
21,1,1,0,0,0
20,1,1,0,0,0
28,1,1,0,0,0
20,1,1,0,0,0
19,1,1,0,0,0
16,1,1,0,0,0
23,1,1,0,0,0
19,1,1,0,0,0
25,1,1,0,0,0
25,1,1,0,1,0
23,1,1,0,1,0
21,1,1,0,0,0
21,1,1,0,0,0
20,1,1,0,0,0
22,1,1,0,0,0
24,1,1,0,0,0
26,1,1,0,0,0
21,1,1,0,0,0
26,1,1,0,0,0
24,1,1,0,0,0
22,1,1,0,0,0
22,1,1,0,0,0
21,1,1,0,0,0
15,1,1,0,0,0
24,1,1,0,0,0
22,1,1,0,0,0
25,1,1,0,0,0
17,1,1,0,0,0
18,1,1,0,0,0
21,1,1,0,0,0
15,1,1,0,0,0
21,1,1,0,0,0
22,1,2,0,0,0
18,1,1,0,0,0
33,1,1,0,0,0
16,1,1,0,0,0
20,1,1,0,0,0
24,1,2,0,0,0
23,1,1,0,1,0
22,1,1,0,0,0
20,1,1,0,1,0
23,1,1,0,1,0
23,1,2,0,0,0
20,1,1,0,0,0
17,1,1,0,0,0
20,1,2,0,0,0
21,1,1,0,0,0
20,1,1,0,0,0
26,1,1,0,0,0
19,1,1,0,0,0
19,1,1,0,0,0
23,1,1,0,0,0
26,1,1,0,0,0
26,1,1,0,0,0
16,1,1,0,0,0
21,1,1,0,0,0
21,1,1,0,0,0
17,1,1,0,1,0
22,1,1,0,0,0
22,1,1,0,0,0
29,1,1,0,0,0
18,1,1,0,0,0
28,1,1,0,1,0
15,1,1,0,0,0
25,1,2,0,0,0
24,1,1,0,0,0
25,1,1,0,0,0
17,1,1,0,0,0
21,1,1,0,0,0
19,1,1,0,0,0
19,1,1,0,0,0
25,1,1,0,1,0
17,1,1,0,0,0
18,1,1,0,1,0
22,1,1,0,0,0
17,1,2,0,0,0
26,1,1,0,0,0
23,1,1,0,0,0
20,1,1,0,0,0
27,1,1,0,2,0
19,1,1,0,0,0
22,1,1,0,0,0
23,1,1,0,0,0
36,1,1,0,0,0
21,1,1,0,0,0
28,1,1,0,0,0
22,1,1,0,0,0
19,1,1,0,0,0
21,1,1,0,0,0
20,1,1,0,0,0
20,1,1,0,0,0
20,1,1,0,0,0
16,1,1,0,0,0
20,1,1,0,0,0
14,1,1,0,0,0
28,1,1,0,1,0
19,1,1,0,0,0
18,1,1,0,0,0
19,1,1,0,0,0
20,1,1,0,0,0
18,1,1,0,0,0
24,1,1,0,0,0
23,1,1,0,0,0
22,1,1,0,0,0
23,1,1,0,0,0
22,1,1,0,0,0
30,1,1,0,2,0
20,1,1,0,0,0
20,1,1,0,0,0
19,1,1,0,0,0
29,1,1,0,0,0
20,1,1,0,0,0
29,1,1,0,1,0
19,1,1,0,0,0
25,1,1,0,0,0
27,1,1,0,0,0
33,1,1,0,0,0
15,1,1,0,0,0
17,1,1,0,0,0
26,1,1,0,0,0
24,1,1,0,0,0
20,1,1,0,0,0
20,1,1,0,0,0
20,1,1,0,0,0
22,1,2,0,0,0
18,1,1,0,0,0
21,1,2,0,0,0
26,1,1,0,0,0
20,1,1,0,0,0
19,1,1,0,0,0
30,1,1,0,0,0
19,1,1,0,0,0
22,1,1,0,0,0
16,1,1,0,0,0
20,1,1,0,0,0
20,1,1,0,0,0
24,1,2,0,1,0
21,1,1,0,1,0
21,1,1,0,1,0
21,1,1,0,1,0
18,1,1,0,0,0
21,1,2,0,0,0
24,1,1,0,0,0
22,1,1,0,0,0
21,1,1,0,0,0
19,1,1,0,0,0
30,1,1,0,0,0
23,1,1,0,1,0
22,1,1,0,0,0
15,1,1,0,0,0
20,1,1,0,0,0
19,1,2,0,0,0
29,1,1,0,0,0
19,1,1,0,0,0
31,1,1,0,1,0
23,1,1,0,0,0
25,1,1,0,0,0
21,1,2,0,0,0
20,1,1,0,0,0
23,1,1,0,0,0
21,1,1,0,0,0
18,1,1,0,0,0
24,1,1,0,0,0
25,1,2,0,1,0
19,1,1,0,0,0
22,1,1,0,0,0
17,1,1,0,0,0
27,1,2,0,1,0
18,1,1,0,0,0
16,1,1,0,0,0
14,1,1,0,0,0
17,1,1,0,0,0
24,1,1,0,0,0
21,1,1,0,0,0
18,1,1,0,0,0
29,1,2,0,1,0
18,1,1,0,0,0
27,1,1,0,0,0
17,1,1,0,0,0
21,1,1,0,0,0
18,1,2,0,0,0
22,1,2,0,0,0
24,1,1,0,0,0
19,1,1,0,0,0
19,1,1,0,0,0
24,1,1,0,0,0
19,1,1,0,0,0
25,1,2,0,0,0
19,1,1,0,0,0
22,1,1,0,0,0
23,1,1,0,1,0
19,1,1,0,0,0
20,1,1,0,0,0
15,1,1,0,0,0
21,1,1,0,0,0
14,1,1,0,0,0
28,1,1,0,0,0
20,1,1,0,0,0
23,1,1,0,1,0
17,1,1,0,0,0
20,1,1,0,0,0
16,1,1,0,0,0
16,1,1,0,0,0
22,1,2,0,0,0
21,1,1,0,0,0
26,1,1,0,0,0
23,1,1,0,0,0
31,1,1,0,0,0
16,1,1,0,0,0
18,1,1,0,0,0
36,1,1,0,1,0
16,1,1,0,0,0
28,1,1,0,0,0
17,1,1,0,0,0
23,1,1,0,1,0
25,1,1,0,0,0
26,1,1,0,0,0
28,1,1,0,0,0
35,1,1,0,0,0
18,1,1,0,0,0
17,1,1,0,0,0
19,1,1,0,0,0
24,1,1,0,1,0
28,1,1,0,1,0
17,1,1,0,0,0
19,1,1,0,0,0
26,1,1,0,0,0
30,1,1,0,0,0
29,1,1,0,1,0
23,1,1,0,0,0
22,1,1,0,0,0
27,1,1,0,0,0
24,1,2,0,0,0
17,1,1,0,0,0
15,1,1,0,0,0
24,1,2,0,0,0
20,1,1,0,0,0
19,1,1,0,0,0
26,1,1,0,0,0
16,1,1,0,0,0
22,1,1,0,0,0
21,1,1,0,0,0
20,1,1,0,0,0
27,1,1,0,0,0
20,1,1,0,0,0
16,1,1,0,0,0
28,1,1,0,0,0
22,1,1,0,0,0
20,1,1,0,0,0
18,1,2,0,0,0
21,1,1,0,0,0
21,1,1,0,0,0
19,1,1,0,0,0
21,1,1,0,0,0
22,1,1,0,0,0
21,1,1,0,0,0
24,1,1,0,0,0
19,1,1,0,1,0
27,1,1,0,0,0
23,1,1,0,0,0
18,1,1,0,0,0
28,1,1,0,1,0
19,1,2,0,0,0
17,1,1,0,0,0
18,1,1,0,0,0
38,1,1,0,0,0
16,1,1,0,0,0
33,1,1,0,0,0
18,1,1,0,0,0
16,1,1,0,0,0
21,1,1,0,0,0
16,1,1,0,0,0
22,1,1,0,0,0
16,1,1,0,0,0
21,1,1,0,1,0
21,1,1,0,1,0
17,1,1,0,0,0
26,1,1,0,0,0
18,1,1,0,0,0
30,1,1,0,1,0
23,1,1,0,0,0
22,1,1,0,0,0
19,1,1,0,0,0
21,1,1,0,0,0
28,1,1,0,0,0
17,1,1,0,0,0
21,1,1,0,0,0
20,1,1,0,0,0
26,1,2,0,2,0
18,1,1,0,0,0
29,1,1,0,0,0
22,1,1,0,0,0
20,1,1,0,0,0
15,1,1,0,0,0
22,1,1,0,0,0
23,1,1,0,0,0
25,1,1,0,0,0
22,1,1,0,0,0
30,1,1,0,0,0
17,1,1,0,0,0
25,1,1,0,0,0
20,1,1,0,0,0
28,1,1,0,0,0
17,1,1,0,0,0
21,1,1,0,0,0
25,1,1,0,0,0
27,1,1,0,2,0
32,1,2,0,0,0
17,1,1,0,0,0
17,1,1,0,0,0
19,1,1,0,0,0
19,1,1,0,0,0
18,1,1,0,0,0
21,1,1,0,0,0
14,1,1,0,0,0
24,1,1,0,0,0
19,1,2,0,0,0
21,1,1,0,0,0
21,1,2,0,0,0
23,1,1,0,0,0
15,1,1,0,0,0
18,1,1,0,0,0
18,1,1,0,0,0
23,1,1,0,0,0
18,1,1,0,0,0
33,1,2,0,0,0
23,1,1,0,1,0
21,1,1,0,0,0
24,1,1,0,0,0
20,1,1,0,0,0
25,1,2,0,0,0
20,1,1,0,0,0
20,1,2,0,1,0
21,1,1,0,0,0
25,1,1,0,0,0
23,1,1,0,0,0
20,1,1,0,0,0
32,1,1,0,2,0
23,1,1,0,0,0
21,1,1,0,0,0
18,1,2,0,0,0
24,1,1,0,1,0
18,1,1,0,0,0
26,1,1,0,0,0
23,1,1,0,0,0
18,1,1,0,0,0
16,1,1,0,0,0
20,1,1,0,0,0
23,1,1,0,0,0
25,1,1,0,1,0
21,1,1,0,0,0
20,1,1,0,0,0
22,1,1,0,0,0
24,1,1,0,0,0
19,1,1,0,0,0
16,1,1,0,0,0
22,1,1,0,0,0
22,1,1,0,0,0
19,1,1,0,0,0
18,1,1,0,0,0
21,1,1,0,0,0
22,1,1,0,0,0
20,1,1,0,0,0
24,1,1,0,1,0
22,1,1,0,1,0
17,1,1,0,0,0
18,1,1,0,0,0
26,1,2,0,0,0
19,1,2,0,0,0
22,1,2,0,0,0
20,1,1,0,0,0
25,1,1,0,0,0
22,1,1,0,0,0
19,1,1,0,0,0
24,1,1,0,1,0
24,1,1,0,0,0
21,1,1,0,0,0
14,1,1,0,0,0
22,1,1,0,0,0
23,1,1,0,1,0
15,1,1,0,0,0
32,1,1,0,0,0
18,1,1,0,0,0
19,1,1,0,0,0
26,1,1,0,1,0
21,1,1,0,0,0
18,1,1,0,0,0
24,1,1,0,0,0
21,1,1,0,1,0
18,1,1,0,0,0
17,1,1,0,0,0
22,1,1,0,0,0
24,1,1,0,0,0
22,1,1,0,0,0
23,1,1,0,0,0
20,1,1,0,0,0
18,1,1,0,0,0
17,1,1,0,0,0
22,1,1,0,0,0
20,1,1,0,0,0
18,1,2,0,0,0
22,1,1,0,0,0
21,1,1,0,0,0
24,1,1,0,0,0
19,1,1,0,0,0
20,1,1,0,0,0
27,1,1,0,0,0
18,1,1,0,0,0
22,1,1,0,1,0
21,1,1,0,0,0
18,1,1,0,0,0
20,1,1,0,0,0
18,1,1,0,1,0
21,1,1,0,0,0
20,1,1,0,0,0
19,1,1,0,0,0
22,1,1,0,0,0
19,1,1,0,0,0
23,1,1,0,0,0
21,1,1,0,0,0
22,1,1,0,0,0
17,1,1,0,0,0
28,1,1,0,0,0
20,1,1,0,0,0
37,1,1,0,0,0
24,1,2,0,0,0
17,1,1,0,0,0
19,1,1,0,0,0
19,1,1,0,0,0
22,1,1,0,0,0
18,1,1,0,0,0
22,1,1,0,0,0
29,1,1,0,0,0
19,1,1,0,0,0
20,1,1,0,0,0
19,1,1,0,0,0
22,1,1,0,0,0
20,1,2,0,0,0
23,1,1,0,0,0
20,1,1,0,1,0
17,1,1,0,0,0
25,1,1,0,1,0
19,1,1,0,0,0
19,1,1,0,0,0
26,1,1,0,1,0
25,1,1,0,0,0
23,1,1,0,0,0
24,1,1,0,0,0
26,1,1,0,0,0
15,1,1,0,0,0
24,1,1,0,1,0
22,1,1,0,0,0
23,1,1,0,1,0
23,1,1,0,1,0
23,1,1,0,0,0
24,1,1,0,0,0
20,1,2,0,0,0
18,1,1,0,0,0
20,1,1,0,0,0
18,1,1,0,0,0
27,1,1,0,0,0
19,1,1,0,0,0
19,1,1,0,1,0
23,1,1,0,0,0
17,1,1,0,1,0
21,1,1,0,0,0
25,1,1,0,0,0
22,1,1,0,0,0
14,1,1,0,0,0
20,1,1,0,0,0
21,1,1,0,0,0
24,1,1,0,0,0
25,1,1,0,0,0
25,1,2,0,0,0
33,1,1,0,0,0
17,1,1,0,0,0
22,1,1,0,1,0
19,1,1,0,0,0
31,1,1,0,0,0
18,1,1,0,0,0
19,1,1,0,0,0
22,1,2,0,0,0
27,1,1,0,0,0
22,1,1,0,0,0
22,1,1,0,0,0
30,1,1,0,0,0
21,1,1,0,1,0
14,1,1,0,0,0
17,1,1,0,0,0
22,1,1,0,0,0
19,1,1,0,0,0
19,1,1,0,0,0
19,1,1,0,0,0
20,1,1,0,0,0
25,1,1,0,0,0
22,1,1,0,0,0
25,1,2,0,0,0
17,1,1,0,0,0
27,1,1,0,0,0
20,1,1,0,0,0
28,1,1,0,1,0
22,1,1,0,0,0
31,1,2,0,0,0
23,1,1,0,1,0
18,1,1,0,0,0
15,1,1,0,0,0
24,1,1,0,0,0
18,1,1,0,0,0
18,1,2,0,0,0
20,1,1,0,0,0
24,1,1,0,0,0
17,1,2,0,0,0
18,1,1,0,0,0
26,1,1,0,0,0
19,1,1,0,0,0
23,1,1,0,0,0
23,1,1,0,0,0
21,1,1,0,0,0
21,1,1,0,0,0
26,1,1,0,0,0
27,1,1,0,0,0
23,1,2,0,0,0
22,1,1,0,0,0
25,1,2,0,1,0
24,1,1,0,0,0
18,1,1,0,0,0
25,1,1,0,0,0
22,1,1,0,1,0
31,1,1,0,0,0
14,1,1,0,0,0
18,1,2,0,0,0
24,1,2,0,0,0
27,1,1,0,0,0
21,1,1,0,0,0
26,1,1,0,0,0
23,1,1,0,1,0
22,1,1,0,0,0
27,1,1,0,0,0
21,1,2,0,0,0
15,1,1,0,0,0
22,1,1,0,0,0
27,1,1,0,0,0
19,1,1,0,0,0
21,1,1,0,0,0
32,1,1,0,0,0
27,1,1,0,0,0
17,1,1,0,0,0
18,1,1,0,0,0
26,1,1,0,0,0
28,1,1,0,1,0
26,1,2,0,0,0
21,1,2,0,0,0
36,1,1,0,0,0
20,1,1,0,0,0
22,1,1,0,0,0
24,1,1,0,0,0
23,1,1,0,1,0
24,1,1,0,0,0
26,1,1,0,0,0
18,1,2,0,0,0
28,1,1,0,0,0
28,1,2,0,0,0
24,1,1,0,0,0
23,1,1,0,0,0
17,1,1,0,0,0
26,1,1,0,1,0
17,1,1,0,0,0
18,1,1,0,0,0
17,1,1,0,0,0
20,1,1,0,0,0
26,1,1,0,0,0
18,1,1,0,0,0
17,1,1,0,0,0
20,1,1,0,0,0
23,1,1,0,0,0
23,1,1,0,1,0
19,1,1,0,0,0
33,1,2,0,0,0
23,1,1,0,0,0
24,1,2,0,0,0
15,1,1,0,0,0
21,1,1,0,0,0
21,1,1,0,0,0
26,1,1,0,0,0
28,1,1,0,0,0
20,1,1,0,1,0
26,1,1,0,0,0
17,1,1,0,0,0
23,1,1,0,0,0
16,1,1,0,0,0
21,1,1,0,0,0
23,1,1,0,0,0
19,1,1,0,0,0
21,1,1,0,0,0
19,1,1,0,0,0
17,1,1,0,0,0
19,1,1,0,0,0
21,1,1,0,0,0
14,1,1,0,0,0
16,1,1,0,0,0
24,1,1,0,0,0
18,1,1,0,0,0
28,1,1,0,0,0
25,1,1,0,0,0
28,1,1,0,0,0
19,1,1,0,1,0
23,1,2,0,0,0
27,1,1,0,0,0
22,1,1,0,0,0
18,1,1,0,0,0
21,1,1,0,0,0
19,1,1,0,0,0
18,1,1,0,0,0
20,1,1,0,0,0
17,1,1,0,0,0
27,1,2,0,1,0
39,1,2,0,1,0
16,1,1,0,0,0
18,1,2,0,0,0
24,1,1,0,0,0
19,1,1,0,0,0
26,1,1,0,0,0
26,1,1,0,0,0
36,1,1,0,0,0
22,1,1,0,0,0
24,1,2,0,0,0
18,1,1,0,0,0
26,1,1,0,0,0
22,1,1,0,0,0
26,1,2,0,0,0
21,1,1,0,0,0
16,1,1,0,0,0
21,1,1,0,0,0
23,1,1,0,0,0
19,1,1,0,0,0
23,1,2,0,0,0
15,1,1,0,0,0
17,1,1,0,0,0
23,1,1,0,1,0
16,1,1,0,1,0
24,1,1,0,0,0
19,1,1,0,0,0
22,1,1,0,0,0
24,1,1,0,1,0
16,1,1,0,0,0
17,1,1,0,0,0
27,1,1,0,1,0
25,1,1,0,0,0
21,1,1,0,0,0
16,1,1,0,0,0
17,1,1,0,0,0
24,1,1,0,0,0
19,1,2,0,0,0
18,1,1,0,0,0
18,1,1,0,0,0
23,1,1,0,0,0
22,1,1,0,0,0
30,1,1,0,0,0
21,1,1,0,0,0
17,1,1,0,0,0
32,1,1,0,0,0
17,1,1,0,0,0
21,1,2,0,0,0
18,1,1,0,0,0
14,1,1,0,0,0
18,1,1,0,0,0
20,1,1,0,0,0
23,1,1,0,0,0
20,1,1,0,0,0
17,1,1,0,0,0
21,1,1,0,0,0
18,1,1,0,1,0
22,1,1,0,0,0
21,1,1,0,0,0
19,1,1,0,0,0
24,1,1,0,1,0
16,1,1,0,0,0
24,1,1,0,1,0
15,1,1,0,0,0
15,1,1,0,0,0
22,1,1,0,0,0
15,1,1,0,0,0
20,1,2,0,0,0
16,1,1,0,0,0
19,1,1,0,0,0
25,1,1,0,0,0
16,1,1,0,0,0
19,1,1,0,1,0
18,1,1,0,0,0
22,1,1,0,0,0
21,1,1,0,1,0
15,1,1,0,0,0
29,1,1,0,0,0
16,1,1,0,0,0
29,1,1,0,0,0
15,1,1,0,0,0
21,1,2,0,0,0
17,1,1,0,0,0
27,1,1,0,0,0
14,1,1,0,0,0
17,1,1,0,0,0
18,1,1,0,0,0
22,1,2,0,0,0
18,1,2,0,0,0
16,1,1,0,0,0
19,1,1,0,1,0
29,1,2,0,0,0
19,1,1,0,0,0
23,1,1,0,0,0
17,1,1,0,0,0
19,1,1,0,0,0
22,1,1,0,0,0
16,1,1,0,0,0
18,1,1,0,0,0
19,1,1,0,0,0
26,1,2,0,1,0
22,1,1,0,0,0
24,1,1,0,0,0
20,1,1,0,0,0
25,1,1,0,0,0
18,1,2,0,0,0
18,1,1,0,0,0
22,1,1,0,1,0
19,1,1,0,0,0
22,1,1,0,0,0
17,1,1,0,0,0
27,1,1,0,0,0
22,1,1,0,0,0
15,1,1,0,0,0
25,1,1,0,2,0
20,1,1,0,0,0
14,1,1,0,0,0
22,1,2,0,0,0
30,1,1,0,0,0
32,1,1,0,0,0
18,1,2,0,0,0
19,1,2,0,0,0
20,1,1,0,0,0
28,1,1,0,0,0
18,1,1,0,0,0
23,1,1,0,0,0
20,1,1,0,0,0
21,1,1,0,0,0
27,1,1,0,0,0
18,1,1,0,0,0
16,1,1,0,0,0
20,1,1,0,0,0
21,1,1,0,0,0
21,1,1,0,0,0
17,1,1,0,0,0
23,1,1,0,0,0
25,1,1,0,0,0
20,1,1,0,0,0
21,1,1,0,0,0
16,1,1,0,0,0
20,1,1,0,0,0
26,1,2,0,0,0
18,1,1,0,0,0
24,1,1,0,0,0
27,1,1,0,0,0
16,1,1,0,0,0
21,1,1,0,0,0
22,1,1,0,0,0
18,1,1,0,0,0
15,1,1,0,0,0
22,1,1,0,0,0
15,1,1,0,0,0
20,1,1,0,0,0
21,1,1,0,0,0
20,1,1,0,1,0
16,1,1,0,0,0
25,1,1,0,0,0
28,1,1,0,0,0
24,1,1,0,1,0
22,1,1,0,0,0
21,1,1,0,1,0
36,1,2,0,1,0
22,1,1,0,0,0
24,1,2,0,0,0
19,1,1,0,0,0
31,1,1,0,0,0
24,1,1,0,0,0
17,1,1,0,0,0
23,1,1,0,0,0
18,1,1,0,0,0
21,1,1,0,0,0
25,1,2,0,1,0
16,1,1,0,0,0
29,1,1,0,0,0
20,1,1,0,0,0
29,1,1,0,0,0
18,1,1,0,0,0
25,1,1,0,0,0
24,1,1,0,0,0
20,1,1,0,1,0
25,1,2,0,0,0
20,1,1,0,0,0
25,1,1,0,0,0
22,1,1,0,0,0
25,1,1,0,1,0
22,1,1,0,0,0
19,1,2,0,0,0
21,1,1,0,0,0
24,1,1,0,1,0
19,1,1,0,0,0
25,1,1,0,1,0
23,1,2,0,0,0
22,1,1,0,1,0
18,1,2,0,0,0
23,1,1,0,0,0
18,1,1,0,0,0
21,1,1,0,0,0
22,1,2,0,0,0
28,1,1,0,2,0
21,1,1,0,0,0
23,1,1,0,1,0
20,1,1,0,0,0
17,1,1,0,0,0
24,1,1,0,0,0
29,1,1,0,1,0
18,1,1,0,0,0
25,1,1,0,0,0
34,1,2,0,0,0
22,1,1,0,0,0
29,1,1,0,0,0
20,1,1,0,0,0
22,1,1,0,0,0
24,1,1,0,0,0
22,1,1,0,0,0
22,1,2,0,0,0
22,1,1,0,0,0
25,1,1,0,0,0
16,1,1,0,0,0
23,1,1,0,0,0
19,1,1,0,0,0
22,1,1,0,0,0
26,1,2,0,0,0
28,1,1,0,0,0
25,1,1,0,0,0
16,1,1,0,0,0
19,1,1,0,0,0
21,1,1,0,0,0
19,1,1,0,0,0
27,1,2,0,0,0
17,1,1,0,0,0
18,1,1,0,0,0
16,1,1,0,0,0
21,1,1,0,0,0
23,1,1,0,0,0
23,1,2,0,1,0
30,1,1,0,0,0
18,1,1,0,0,0
18,1,1,0,0,0
29,1,2,0,0,0
25,1,1,0,0,0
22,1,1,0,0,0
27,1,1,0,0,0
24,1,2,0,0,0
17,1,1,0,0,0
23,1,1,0,0,0
31,1,1,0,0,0
26,1,1,0,0,0
21,1,1,0,0,0
21,1,1,0,0,0
18,1,1,0,0,0
29,1,1,0,0,0
24,1,1,0,0,0
17,1,1,0,0,0
18,1,1,0,0,0
19,1,1,0,0,0
21,1,1,0,0,0
21,1,1,0,0,0
17,1,1,0,0,0
26,1,1,0,1,0
29,1,1,0,0,0
18,1,1,0,0,0
18,1,1,0,0,0
26,1,1,0,0,0
16,1,1,0,0,0
16,1,1,0,0,0
25,1,1,0,0,0
25,1,1,0,0,0
15,1,1,0,0,0
20,1,1,0,0,0
20,1,1,0,0,0
23,1,1,0,0,0
26,1,1,0,0,0
18,1,1,0,0,0
18,1,1,0,0,0
27,1,1,0,0,0
24,1,1,0,1,0
19,1,1,0,0,0
20,1,1,0,0,0
23,1,1,0,0,0
19,1,1,0,0,0
22,1,1,0,0,0
21,1,2,0,0,0
26,1,1,0,0,0
27,1,2,0,1,0
26,1,1,0,0,0
18,1,1,0,0,0
21,1,1,0,0,0
16,1,1,0,0,0
22,1,1,0,0,0
21,1,2,0,0,0
21,1,1,0,0,0
21,1,2,0,0,0
20,1,1,0,0,0
20,1,1,0,0,0
20,1,1,0,0,0
36,1,1,0,2,0
27,1,1,0,0,0
21,1,1,0,0,0
21,1,1,0,0,0
20,1,3,0,0,0
25,1,1,0,1,0
20,1,1,0,0,0
30,1,1,0,0,0
28,1,1,0,0,0
19,1,1,0,0,0
24,1,1,0,0,0
16,1,1,0,0,0
31,1,1,0,1,0
23,1,1,0,0,0
27,1,1,0,0,0
20,1,1,0,0,0
17,1,1,0,0,0
16,1,1,0,2,0
22,1,2,0,0,0
25,1,1,0,0,0
17,1,1,0,0,0
22,1,1,0,0,0
25,1,2,0,0,0
18,1,1,0,0,0
22,1,1,0,0,0
14,1,1,0,0,0
34,1,1,0,0,0
18,1,1,0,1,0
15,1,1,0,0,0
20,1,1,0,0,0
26,1,1,0,0,0
21,1,2,0,0,0
26,1,1,0,0,0
18,1,1,0,0,0
15,1,1,0,0,0
17,1,1,0,0,0
18,1,1,0,0,0
30,1,2,0,1,0
18,1,1,0,0,0
21,1,1,0,1,0
31,1,1,0,0,0
20,1,1,0,0,0
18,1,1,0,1,0
19,1,1,0,0,0
16,1,1,0,0,0
18,1,2,0,0,0
21,1,1,0,0,0
20,1,1,0,0,0
19,1,1,0,0,0
24,1,1,0,0,0
23,1,1,0,0,0
14,1,1,0,0,0
15,1,1,0,0,0
20,1,1,0,0,0
33,1,1,0,0,0
18,1,1,0,1,0
19,1,1,0,0,0
26,1,2,0,0,0
15,1,1,0,0,0
17,1,1,0,0,0
17,1,1,0,0,0
17,1,2,0,0,0
14,1,1,0,0,0
20,1,2,0,0,0
20,1,1,0,0,0
17,1,1,0,0,0
18,1,1,0,0,0
21,1,1,0,0,0
25,1,1,0,0,0
18,1,1,0,0,0
20,1,1,0,0,0
21,1,1,0,0,0
23,1,1,0,0,0
17,1,1,0,0,0
18,1,2,0,0,0
19,1,1,0,0,0
22,1,1,0,0,0
28,1,1,0,0,0
20,1,1,0,0,0
34,1,1,0,0,0
20,1,1,0,0,0
19,1,1,0,0,0
27,1,2,0,0,0
28,1,1,0,1,0
26,1,1,0,0,0
19,1,1,0,0,0
17,1,1,0,0,0
19,1,1,0,0,0
25,1,1,0,1,0
19,1,1,0,1,0
26,1,1,0,0,0
24,1,1,0,0,0
19,1,1,0,0,0
19,1,2,0,0,0
28,1,2,0,0,0
29,1,1,0,1,0
17,1,1,0,0,0
24,1,1,0,0,0
15,1,1,0,0,0
27,1,1,0,1,0
24,1,1,0,0,0
30,1,1,0,1,0
33,1,1,0,0,0
30,1,1,0,0,0
16,1,1,0,0,0
31,1,1,0,1,0
19,1,1,0,0,0
16,1,1,0,0,0
18,1,1,0,0,0
18,1,1,0,0,0
42,1,1,0,0,0
24,1,1,0,0,0
23,1,2,0,0,0
21,1,1,0,0,0
16,1,1,0,0,0
22,1,1,0,0,0
19,1,1,0,0,0
19,1,1,0,0,0
28,1,1,0,0,0
24,1,1,0,1,0
18,1,1,0,0,0
22,1,1,0,0,0
17,1,1,0,0,0
18,1,1,0,0,0
19,1,2,0,0,0
14,1,1,0,0,0
22,1,2,0,0,0
18,1,1,0,0,0
23,1,1,0,0,0
27,1,1,0,0,0
25,1,1,0,0,0
17,1,1,0,0,0
22,1,1,0,0,0
18,1,1,0,0,0
18,1,1,0,0,0
18,1,1,0,0,0
19,1,1,0,0,0
25,1,1,0,0,0
28,1,1,0,0,0
23,1,2,0,0,0
24,1,1,0,1,0
26,1,2,0,0,0
26,1,2,0,0,0
20,1,1,0,0,0
17,1,1,0,0,0
17,1,1,0,0,0
21,1,1,0,0,0
19,1,1,0,0,0
16,1,1,0,0,0
21,1,1,0,0,0
20,1,1,0,0,0
24,1,1,0,0,0
24,1,1,0,0,0
24,1,1,0,0,0
16,1,1,0,0,0
22,1,1,0,0,0
23,1,1,0,0,0
19,1,2,0,0,0
16,1,1,0,0,0
25,1,1,0,0,0
19,1,1,0,0,0
21,1,2,0,0,0
24,1,1,0,0,0
21,1,2,0,0,0
22,1,1,0,1,0
29,1,1,0,0,0
18,1,1,0,1,0
26,1,1,0,0,0
17,1,1,0,0,0
21,1,1,0,1,0
28,1,1,0,0,0
24,1,2,0,0,0
21,1,1,0,0,0
28,1,1,0,0,0
18,1,1,0,0,0
20,1,1,0,0,0
24,1,1,0,0,0
19,1,2,0,1,0
16,1,1,0,0,0
14,1,1,0,0,0
21,1,2,0,0,0
21,1,1,0,0,0
17,1,1,0,0,0
16,1,1,0,0,0
29,1,1,0,0,0
23,1,1,0,0,0
22,1,1,0,0,0
41,1,1,0,0,0
26,1,1,0,0,0
22,1,2,0,0,0
18,1,1,0,0,0
18,1,1,0,0,0
16,1,1,0,0,0
19,1,2,0,0,0
29,1,1,0,1,0
22,1,1,0,0,0
24,1,1,0,0,0
19,1,1,0,0,0
18,1,1,0,0,0
17,1,1,0,0,0
29,1,1,0,0,0
22,1,2,0,0,0
28,1,1,0,0,0
27,1,1,0,0,0
17,1,1,0,0,0
20,1,1,0,0,0
20,1,1,0,0,0
24,1,1,0,0,0
22,1,1,0,0,0
23,1,1,0,0,0
23,1,1,0,1,0
16,1,1,0,0,0
20,1,1,0,1,0
36,1,1,0,0,0
27,1,1,0,0,0
19,1,1,0,0,0
27,1,1,0,1,0
22,1,1,0,1,0
21,1,1,0,0,0
16,1,1,0,0,0
28,1,1,0,0,0
20,1,1,0,0,0
16,1,1,0,0,0
19,1,1,0,0,0
26,1,1,0,0,0
19,1,1,0,0,0
15,1,1,0,0,0
17,1,1,0,0,0
19,1,2,0,0,0
35,1,1,0,0,0
24,1,2,0,1,0
18,1,1,0,0,0
22,1,1,0,0,0
22,1,1,0,0,0
20,1,1,0,0,0
16,1,1,0,0,0
21,1,1,0,0,0
16,1,1,0,0,0
29,1,2,0,0,0
23,1,1,0,0,0
25,1,1,0,0,0
24,1,1,0,0,0
18,1,1,0,0,0
18,1,1,0,0,0
24,1,1,0,0,0
29,1,1,0,0,0
15,1,1,0,0,0
25,1,1,0,0,0
18,1,1,0,0,0
27,1,2,0,0,0
24,1,2,0,0,0
20,1,1,0,0,0
16,1,1,0,0,0
24,1,1,0,0,0
31,1,1,0,0,0
21,1,1,0,1,0
23,1,1,0,0,0
18,1,2,0,0,0
23,1,1,0,1,0
18,1,1,0,0,0
24,1,1,0,0,0
20,1,1,0,1,0
26,1,1,0,0,0
27,1,1,0,0,0
17,1,1,0,0,0
19,1,1,0,0,0
27,1,2,0,0,0
21,1,1,0,0,0
30,1,1,0,0,0
24,1,1,0,1,0
19,1,1,0,0,0
22,1,1,0,0,0
24,1,1,0,0,0
19,1,1,0,0,0
18,1,1,0,1,0
17,1,1,0,0,0
21,1,1,0,0,0
19,1,1,0,0,0
27,1,1,0,2,0
16,1,1,0,0,0
21,1,1,0,0,0
22,1,2,0,0,0
20,1,1,0,0,0
29,1,1,0,0,0
17,1,1,0,0,0
21,1,2,0,0,0
21,1,1,0,0,0
37,1,1,0,4,0
22,1,1,0,0,0
18,1,1,0,0,0
21,1,1,0,0,0
19,1,1,0,0,0
22,1,1,0,1,0
27,1,1,0,0,0
21,1,2,0,0,0
20,1,1,0,0,0
20,1,1,0,0,0
17,1,1,0,0,0
24,1,1,0,0,0
19,1,1,0,0,0
17,1,1,0,0,0
21,1,1,0,0,0
17,1,1,0,0,0
16,1,1,0,0,0
24,1,1,0,0,0
30,1,1,0,0,0
30,1,1,0,0,0
20,1,1,0,0,0
15,1,1,0,0,0
22,1,1,0,0,0
19,1,1,0,0,0
22,1,1,0,0,0
24,1,1,0,0,0
16,1,1,0,0,0
23,1,1,0,0,0
21,1,1,0,1,0
18,1,1,0,0,0
20,1,1,0,1,0
21,1,1,0,0,0
20,1,1,0,0,0
29,1,1,0,0,0
21,1,1,0,0,0
24,1,1,0,0,0
21,1,2,0,0,0
25,1,1,0,0,0
20,1,1,0,0,0
23,1,1,0,0,0
20,1,1,0,0,0
27,1,1,0,0,0
20,1,1,0,0,0
20,1,1,0,0,0
21,1,2,0,0,0
26,1,2,0,0,0
25,1,1,0,0,0
22,1,1,0,0,0
21,1,1,0,0,0
16,1,1,0,0,0
25,1,1,0,0,0
21,1,2,0,0,0
20,1,1,0,0,0
22,1,1,0,1,0
18,1,1,0,0,0
24,1,1,0,0,0
16,1,1,0,0,0
22,1,2,0,0,0
16,1,1,0,0,0
22,1,1,0,1,0
27,1,1,0,0,0
30,1,1,0,1,0
24,1,1,0,0,0
17,1,1,0,0,0
20,1,1,0,0,0
22,1,2,0,0,0
26,1,1,0,0,0
33,1,1,0,0,0
25,1,1,0,0,0
22,1,1,0,0,0
20,1,1,0,0,0
30,1,1,0,5,0
22,1,1,0,0,0
22,1,1,0,0,0
19,1,2,0,0,0
28,1,1,0,0,0
28,1,2,0,0,0
28,1,2,0,0,0
24,1,1,0,0,0
25,1,1,0,0,0
24,1,1,0,1,0
28,1,1,0,0,0
21,1,2,0,0,0
22,1,1,0,0,0
27,1,1,0,0,0
18,1,1,0,0,0
20,1,1,0,1,0
23,1,1,0,0,0
24,1,1,0,0,0
22,1,1,0,0,0
22,1,1,0,0,0
17,1,1,0,0,0
22,1,1,0,0,0
17,1,1,0,0,0
22,1,1,0,0,0
19,1,1,0,0,0
27,1,1,0,0,0
18,1,1,0,0,0
17,1,1,0,0,0
18,1,1,0,0,0
27,1,1,0,0,0
24,1,1,0,0,0
25,1,1,0,0,0
22,1,1,0,0,0
29,1,2,0,1,0
24,1,1,0,0,0
25,1,1,0,0,0
23,1,2,0,1,0
27,1,1,0,0,0
20,1,2,0,0,0
20,1,1,0,0,0
20,1,1,0,0,0
20,1,1,0,0,0
29,1,1,0,1,0
15,1,1,0,0,0
26,1,1,0,0,0
16,1,1,0,0,0
26,1,1,0,0,0
19,1,2,0,0,0
23,1,1,0,0,0
16,1,1,0,0,0
13,1,1,0,0,0
26,1,1,0,0,0
29,1,1,0,2,0
22,1,1,0,0,0
16,1,1,0,0,0
23,1,1,0,0,0
21,1,1,0,0,0
17,1,1,0,0,0
29,1,1,0,0,0
19,1,1,0,0,0
24,1,1,0,0,0
28,1,1,0,0,0
25,1,1,0,0,0
18,1,1,0,0,0
19,1,1,0,0,0
23,1,1,0,0,0
22,1,1,0,0,0
26,1,1,0,1,0
17,1,1,0,0,0
31,1,1,0,0,0
26,1,1,0,0,0
18,1,1,0,0,0
15,1,1,0,0,0
15,1,1,0,0,0
24,1,2,0,0,0
27,1,1,0,0,0
24,1,1,0,0,0
22,1,1,0,0,0
29,1,1,0,0,0
27,1,1,0,0,0
18,1,1,0,0,0
22,1,1,0,0,0
16,1,1,0,0,0
17,1,1,0,0,0
21,1,1,0,0,0
22,1,1,0,0,0
22,1,1,0,0,0
22,1,1,0,0,0
21,1,2,0,0,0
18,1,1,0,0,0
23,1,1,0,0,0
24,1,1,0,0,0
24,1,1,0,0,0
18,1,1,0,0,0
23,1,1,0,0,0
23,1,1,0,0,0
20,1,1,0,0,0
20,1,1,0,0,0
21,1,1,0,1,0
28,1,1,0,0,0
22,1,1,0,0,0
28,1,1,0,0,0
19,1,1,0,0,0
19,1,1,0,0,0
23,1,1,0,0,0
22,1,1,0,0,0
18,1,1,0,0,0
15,1,1,0,0,0
26,1,1,0,0,0
25,1,2,0,1,0
20,1,1,0,0,0
27,1,1,0,0,0
19,1,1,0,0,0
22,1,1,0,0,0
19,1,1,0,0,0
26,1,1,0,0,0
19,1,1,0,0,0
19,1,1,0,1,0
31,1,2,0,0,0
16,1,1,0,0,0
22,1,2,0,0,0
20,1,1,0,0,0
24,1,2,0,0,0
29,1,1,0,0,0
39,1,1,0,0,0
20,1,1,0,0,0
18,1,1,0,0,0
20,1,2,0,0,0
26,1,1,0,0,0
15,1,1,0,0,0
17,1,1,0,0,0
27,1,1,0,0,0
30,1,2,0,0,0
18,1,1,0,0,0
27,1,1,0,0,0
28,1,1,0,0,0
22,1,1,0,0,0
16,1,1,0,0,0
20,1,2,0,1,0
21,1,1,0,0,0
21,1,1,0,0,0
22,1,1,0,0,0
17,1,1,0,0,0
22,1,1,0,0,0
18,1,1,0,0,0
24,1,1,0,0,0
16,1,1,0,0,0
20,1,1,0,0,0
17,1,1,0,0,0
37,1,2,0,0,0
25,1,1,0,0,0
28,1,2,0,0,0
27,1,1,0,0,0
29,1,1,0,0,0
24,1,1,0,0,0
19,1,1,0,0,0
20,1,1,0,1,0
20,1,1,0,0,0
22,1,1,0,0,0
27,1,1,0,0,0
20,1,2,0,0,0
23,1,1,0,0,0
20,1,1,0,0,0
17,1,1,0,0,0
23,1,1,0,0,0
26,1,1,0,0,0
29,1,2,0,0,0
22,1,1,0,0,0
21,1,1,0,0,0
20,1,1,0,0,0
24,1,1,0,1,0
16,1,1,0,0,0
17,1,1,0,0,0
18,1,1,0,1,0
23,1,1,0,0,0
14,1,1,0,0,0
22,1,1,0,0,0
17,1,1,0,0,0
26,1,1,0,0,0
19,1,1,0,0,0
20,1,1,0,0,0
27,1,1,0,0,0
15,1,1,0,0,0
21,1,1,0,0,0
25,1,1,0,0,0
18,1,1,0,0,0
15,1,1,0,0,0
23,1,1,0,0,0
23,1,1,0,0,0
27,1,1,0,1,0
25,1,1,0,0,0
24,1,1,0,0,0
15,1,1,0,0,0
19,1,1,0,0,0
24,1,1,0,0,0
22,1,1,0,0,0
15,1,1,0,0,0
26,1,1,0,0,0
23,1,1,0,0,0
18,1,1,0,0,0
21,1,1,0,1,0
17,1,1,0,0,0
15,1,1,0,0,0
22,1,1,0,0,0
24,1,1,0,0,0
30,1,2,0,0,0
21,1,2,0,0,0
23,1,1,0,0,0
18,1,1,0,0,0
28,1,1,0,0,0
21,1,1,0,0,0
20,1,1,0,0,0
21,1,1,0,1,0
25,1,1,0,0,0
18,1,1,0,0,0
31,1,1,0,0,0
15,1,1,0,1,0
24,1,1,0,1,0
28,1,1,0,0,0
21,1,1,0,0,0
27,1,1,0,0,0
22,1,2,0,0,0
19,1,1,0,0,0
29,1,1,0,0,0
19,1,1,0,0,0
25,1,1,0,0,0
21,1,1,0,0,0
26,1,2,0,0,0
14,1,1,0,0,0
18,1,1,0,0,0
25,1,2,0,0,0
24,1,1,0,0,0
22,1,1,0,0,0
24,1,1,0,0,0
22,1,1,0,0,0
16,1,1,0,1,0
24,1,1,0,0,0
21,1,1,0,1,0
25,1,1,0,0,0
19,1,1,0,1,0
19,1,1,0,0,0
18,1,2,0,0,0
20,1,1,0,0,0
30,1,1,0,0,0
19,1,1,0,0,0
21,1,1,0,0,0
24,1,1,0,1,0
22,1,1,0,0,0
19,1,1,0,0,0
20,1,1,0,0,0
21,1,1,0,0,0
21,1,1,0,0,0
29,1,1,0,0,0
19,1,1,0,0,0
28,1,2,0,0,0
18,1,1,0,0,0
18,1,1,0,0,0
18,1,1,0,0,0
24,1,1,0,1,0
23,1,1,0,0,0
17,1,1,0,0,0
23,1,2,0,0,0
21,1,1,0,0,0
24,1,2,0,0,0
23,1,1,0,0,0
21,1,1,0,0,0
20,1,1,0,0,0
17,1,1,0,0,0
26,1,1,0,0,0
28,1,1,0,0,0
21,1,1,0,0,0
22,1,1,0,1,0
25,1,1,0,0,0
20,1,1,0,1,0
24,1,1,0,1,0
24,1,2,0,1,0
20,1,1,0,0,0
24,1,1,0,2,0
25,1,1,0,1,0
27,1,1,0,0,0
20,1,1,0,0,0
28,1,1,0,0,0
17,1,1,0,0,0
21,1,1,0,0,0
21,1,1,0,0,0
17,1,1,0,0,0
25,1,1,0,1,0
22,1,1,0,0,0
21,1,1,0,0,0
26,1,1,0,0,0
21,1,1,0,0,0
20,1,2,0,0,0
19,1,1,0,0,0
22,1,1,0,0,0
23,1,1,0,0,0
18,1,1,0,0,0
18,1,2,0,0,0
22,1,1,0,0,0
27,1,1,0,0,0
18,1,1,0,0,0
26,1,1,0,1,0
23,1,1,0,0,0
14,1,1,0,0,0
14,1,1,0,0,0
23,1,1,0,1,0
16,1,1,0,0,0
22,1,1,0,0,0
26,1,1,0,1,0
24,1,1,0,0,0
22,1,1,0,2,0
19,1,1,0,0,0
23,1,1,0,0,0
21,1,1,0,0,0
24,1,1,0,1,0
21,1,1,0,0,0
19,1,1,0,0,0
24,1,1,0,0,0
14,1,1,0,0,0
26,1,1,0,1,0
21,1,1,0,1,0
17,1,1,0,0,0
17,1,1,0,0,0
25,1,1,0,0,0
26,1,1,0,1,0
26,1,1,0,0,0
18,1,1,0,0,0
24,1,1,0,0,0
25,1,1,0,0,0
19,1,2,0,0,0
38,1,1,0,0,0
14,1,1,0,0,0
23,1,1,0,0,0
17,1,1,0,0,0
23,1,1,0,0,0
23,1,1,0,1,0
25,1,1,0,0,0
17,1,1,0,0,0
20,1,1,0,0,0
26,1,1,0,0,0
23,1,1,0,0,0
29,1,1,0,1,0
23,1,1,0,0,0
17,1,1,0,0,0
18,1,1,0,0,0
23,1,1,0,1,0
23,1,1,0,0,0
29,1,1,0,1,0
25,1,1,0,0,0
19,1,1,0,0,0
17,1,1,0,0,0
33,1,2,0,0,0
20,1,1,0,0,0
25,1,1,0,0,0
19,1,1,0,0,0
27,1,1,0,0,0
25,1,1,0,0,0
26,1,1,0,0,0
23,1,1,0,0,0
21,1,1,0,0,0
26,1,1,0,0,0
21,1,1,0,0,0
20,1,1,0,0,0
26,1,1,0,0,0
19,1,1,0,0,0
20,1,1,0,1,0
24,1,1,0,0,0
20,1,1,0,0,0
27,1,1,0,0,0
23,1,1,0,1,0
24,1,1,0,1,0
28,1,1,0,0,0
29,1,1,0,0,0
16,1,1,0,0,0
23,1,1,0,0,0
22,1,1,0,0,0
16,1,1,0,0,0
23,1,1,0,0,0
34,1,1,0,0,0
19,1,1,0,0,0
28,1,1,0,0,0
15,1,1,0,0,0
26,1,1,0,0,0
16,1,1,0,0,0
16,1,1,0,0,0
24,1,1,0,0,0
19,1,1,0,0,0
22,1,1,0,0,0
21,1,1,0,0,0
24,1,2,0,0,0
29,1,1,0,1,0
21,1,1,0,0,0
17,1,1,0,0,0
15,1,1,0,0,0
25,1,1,0,0,0
22,1,1,0,0,0
21,1,1,0,0,0
21,1,1,0,0,0
28,1,1,0,0,0
33,1,1,0,0,0
19,1,1,0,0,0
21,1,1,0,0,0
16,1,1,0,0,0
23,1,1,0,0,0
25,1,1,0,0,0
21,1,1,0,0,0
16,1,1,0,0,0
25,1,1,0,0,0
26,1,2,0,0,0
25,1,1,0,0,0
20,1,1,0,0,0
27,1,1,0,0,0
34,1,1,0,0,0
19,1,1,0,0,0
19,1,1,0,0,0
23,1,1,0,0,0
24,1,1,0,0,0
23,1,1,0,0,0
20,1,1,0,0,0
19,1,1,0,0,0
22,1,1,0,0,0
16,1,1,0,0,0
21,1,2,0,0,0
30,1,1,0,0,0
21,1,1,0,0,0
28,1,2,0,0,0
25,1,1,0,0,0
19,1,2,0,0,0
19,1,1,0,0,0
20,1,1,0,0,0
18,1,1,0,0,0
23,1,1,0,0,0
17,1,2,0,0,0
22,1,1,0,0,0
15,1,1,0,0,0
20,1,1,0,0,0
18,1,1,0,0,0
17,1,1,0,0,0
15,1,1,0,0,0
22,1,1,0,0,0
22,1,1,0,0,0
19,1,1,0,0,0
19,1,1,0,0,0
21,1,1,0,0,0
22,1,1,0,0,0
18,1,1,0,0,0
20,1,1,0,0,0
19,1,1,0,0,0
27,1,2,0,1,0
15,1,1,0,0,0
24,1,1,0,0,0
19,1,2,0,0,0
28,1,1,0,1,0
18,1,1,0,0,0
22,1,1,0,0,0
25,1,1,0,0,0
23,1,1,0,0,0
20,1,1,0,0,0
17,1,2,0,0,0
19,1,1,0,0,0
16,1,1,0,0,0
18,1,1,0,0,0
21,1,1,0,0,0
18,1,1,0,0,0
18,1,1,0,0,0
21,1,2,0,0,0
21,1,1,0,0,0
22,1,1,0,0,0
20,1,1,0,0,0
21,1,1,0,0,0
18,1,1,0,0,0
17,1,1,0,0,0
18,1,2,0,0,0
20,1,1,0,0,0
28,1,1,0,1,0
19,1,1,0,0,0
24,1,1,0,0,0
28,1,1,0,0,0
16,1,1,0,0,0
27,1,1,0,0,0
20,1,1,0,0,0
21,1,1,0,0,0
25,1,1,0,0,0
22,1,1,0,0,0
19,1,1,0,0,0
18,1,1,0,0,0
25,1,1,0,0,0
24,1,2,0,0,0
24,1,1,0,1,0
18,1,1,0,0,0
21,1,1,0,0,0
21,1,1,0,0,0
22,1,1,0,0,0
32,1,1,0,0,0
19,1,1,0,0,0
19,1,1,0,0,0
16,1,1,0,0,0
20,1,1,0,0,0
18,1,1,0,0,0
20,1,1,0,0,0
20,1,1,0,0,0
18,1,1,0,0,0
24,1,1,0,0,0
28,1,2,0,0,0
19,1,1,0,0,0
21,1,1,0,0,0
24,1,1,0,1,0
22,1,1,0,0,0
28,1,2,0,0,0
24,1,1,0,1,0
18,1,1,0,0,0
18,1,1,0,0,0
17,1,1,0,0,0
24,1,2,0,0,0
20,1,1,0,0,0
23,1,2,0,0,0
20,1,1,0,0,0
18,1,1,0,0,0
19,1,1,0,0,0
18,1,2,0,0,0
19,1,1,0,0,0
22,1,2,0,0,0
34,1,1,0,0,0
22,1,1,0,0,0
19,1,1,0,0,0
22,1,1,0,0,0
18,1,1,0,0,0
19,1,1,0,0,0
14,1,1,0,0,0
23,1,2,0,0,0
27,1,1,0,1,0
17,1,1,0,0,0
18,1,1,0,0,0
21,1,1,0,0,0
18,1,2,0,0,0
24,1,2,0,0,0
29,1,1,0,0,0
19,1,1,0,0,0
23,1,1,0,0,0
21,1,1,0,0,0
22,1,1,0,1,0
17,1,2,0,0,0
19,1,1,0,0,0
22,1,1,0,0,0
27,1,1,0,0,0
23,1,1,0,0,0
30,1,1,0,3,0
31,1,1,0,0,0
27,1,1,0,2,0
22,1,2,0,1,0
21,1,2,0,0,0
24,1,1,0,0,0
16,1,1,0,0,0
15,1,1,0,0,0
26,1,1,0,0,0
30,1,1,0,0,0
15,1,1,0,0,0
25,1,1,0,0,0
18,1,1,0,0,0
20,1,1,0,0,0
17,1,1,0,0,0
23,1,1,0,0,0
34,1,2,0,0,0
26,1,2,0,0,0
29,1,1,0,0,0
25,1,1,0,1,0
30,1,1,0,0,0
20,1,1,0,0,0
22,1,2,0,0,0
26,1,1,0,0,0
23,1,1,0,0,0
28,1,1,0,1,0
18,1,1,0,0,0
18,1,1,0,0,0
22,1,1,0,0,0
21,1,1,0,0,0
28,1,2,0,0,0
18,1,2,0,0,0
23,1,1,0,0,0
17,1,1,0,0,0
18,1,1,0,0,0
19,1,1,0,0,0
22,1,1,0,0,0
27,1,1,0,1,0
18,1,1,0,0,0
17,1,1,0,1,0
21,1,1,0,0,0
20,1,1,0,0,0
27,1,2,0,0,0
25,1,1,0,0,0
20,1,1,0,0,0
28,1,1,0,0,0
21,1,1,0,0,0
19,1,1,0,0,0
19,1,1,0,0,0
20,1,1,0,0,0
27,1,1,0,0,0
16,1,1,0,0,0
21,1,2,0,0,0
16,1,1,0,0,0
19,1,1,0,0,0
22,1,1,0,0,0
21,1,1,0,0,0
23,1,1,0,0,0
24,1,1,0,0,0
34,1,2,0,0,0
19,1,1,0,0,0
22,1,1,0,0,0
25,1,1,0,0,0
23,1,1,0,0,0
26,1,2,0,0,0
18,1,1,0,0,0
19,1,1,0,0,0
16,1,1,0,0,0
27,1,1,0,0,0
24,1,1,0,0,0
23,1,1,0,0,0
22,1,1,0,0,0
23,1,1,0,0,0
24,1,1,0,0,0
27,1,1,0,0,0
15,1,1,0,0,0
27,1,1,0,1,0
21,1,1,0,0,0
22,1,1,0,1,0
18,1,1,0,0,0
20,1,1,0,0,0
20,1,1,0,0,0
20,1,1,0,0,0
37,1,1,0,0,0
25,1,1,0,0,0
22,1,1,0,0,0
26,1,1,0,0,0
17,1,1,0,0,0
20,1,1,0,0,0
35,1,1,0,1,0
25,1,1,0,0,0
34,1,2,0,0,0
29,1,1,0,0,0
23,1,1,0,0,0
22,1,1,0,0,0
22,1,1,0,0,0
33,1,1,0,0,0
21,1,1,0,0,0
26,1,1,0,0,0
23,1,1,0,0,0
21,1,1,0,0,0
27,1,1,0,0,0
24,1,1,0,0,0
23,1,1,0,0,0
20,1,1,0,0,0
24,1,1,0,1,0
20,1,1,0,0,0
19,1,1,0,0,0
22,1,1,0,1,0
25,1,2,0,0,0
29,1,1,0,0,0
19,1,1,0,0,0
19,1,1,0,0,0
21,1,1,0,0,0
20,1,1,0,0,0
17,1,1,0,0,0
22,1,1,0,0,0
24,1,1,0,0,0
35,1,1,0,0,0
22,1,2,0,0,0
26,1,1,0,0,0
20,1,1,0,0,0
18,1,1,0,0,0
15,1,1,0,0,0
19,1,1,0,0,0
23,1,1,0,1,0
20,1,1,0,0,0
27,1,1,0,0,0
16,1,1,0,0,0
26,1,1,0,0,0
16,1,1,0,0,0
27,1,2,0,0,0
22,1,1,0,0,0
19,1,1,0,0,0
22,1,1,0,0,0
21,1,1,0,0,0
19,1,1,0,0,0
27,1,2,0,0,0
18,1,1,0,0,0
20,1,2,0,0,0
22,1,1,0,0,0
21,1,1,0,0,0
21,1,1,0,0,0
19,1,1,0,1,0
21,1,1,0,0,0
20,1,1,0,0,0
26,1,2,0,1,0
23,1,3,0,0,0
17,1,1,0,0,0
17,1,1,0,0,0
18,1,1,0,0,0
16,1,1,0,0,0
20,1,1,0,0,0
20,1,1,0,0,0
20,1,1,0,0,0
22,1,1,0,0,0
22,1,2,0,0,0
20,1,1,0,0,0
21,1,1,0,0,0
25,1,1,0,0,0
28,1,1,0,0,0
17,1,1,0,0,0
24,1,1,0,0,0
17,1,1,0,0,0
19,1,2,0,0,0
25,1,2,0,0,0
22,1,1,0,0,0
25,1,1,0,0,0
23,1,1,0,0,0
23,1,2,0,0,0
28,1,1,0,0,0
15,1,1,0,0,0
31,1,1,0,0,0
16,1,1,0,0,0
18,1,1,0,0,0
22,1,1,0,0,0
22,1,1,0,0,0
24,1,1,0,0,0
26,1,1,0,0,0
21,1,1,0,0,0
19,1,1,0,0,0
33,1,1,0,0,0
28,1,1,0,0,0
27,1,1,0,0,0
22,1,1,0,0,0
20,1,1,0,0,0
25,1,1,0,0,0
22,1,1,0,0,0
19,1,2,0,0,0
23,1,1,0,0,0
23,1,1,0,0,0
20,1,1,0,0,0
25,1,1,0,0,0
17,1,1,0,0,0
24,1,1,0,1,0
28,1,2,0,0,0
21,1,1,0,0,0
25,1,1,0,0,0
22,1,1,0,1,0
20,1,2,0,0,0
28,1,1,0,0,0
21,1,1,0,0,0
25,1,1,0,0,0
33,1,1,0,4,0
24,1,1,0,0,0
25,1,1,0,1,0
20,1,1,0,0,0
22,1,1,0,0,0
19,1,1,0,0,0
25,1,1,0,1,0
25,1,1,0,0,0
18,1,1,0,0,0
21,1,1,0,0,0
25,1,1,0,0,0
28,1,1,0,0,0
23,1,2,0,0,0
24,1,1,0,0,0
19,1,2,0,0,0
14,1,1,0,0,0
22,1,1,0,1,0
25,1,1,0,1,0
17,1,1,0,0,0
27,1,1,0,1,0
21,1,1,0,0,0
25,1,1,0,0,0
26,1,1,0,0,0
15,1,1,0,0,0
23,1,1,0,0,0
16,1,1,0,0,0
27,1,2,0,0,0
20,1,1,0,0,0
29,1,1,0,1,0
24,1,1,0,0,0
20,1,1,0,0,0
18,1,2,0,0,0
16,1,1,0,0,0
21,1,1,0,0,0
24,1,2,0,0,0
23,1,1,0,0,0
16,1,1,0,0,0
20,1,1,0,0,0
33,1,1,0,0,0
30,1,1,0,0,0
16,1,1,0,0,0
26,1,1,0,0,0
17,1,1,0,0,0
20,1,1,0,0,0
14,1,1,0,0,0
30,1,1,0,0,0
20,1,1,0,0,0
19,1,1,0,0,0
28,1,1,0,0,0
21,1,2,0,0,0
21,1,1,0,0,0
29,1,1,0,0,0
19,1,1,0,0,0
18,1,2,0,0,0
26,1,1,0,0,0
19,1,1,0,0,0
20,1,1,0,0,0
24,1,1,0,0,0
22,1,2,0,0,0
26,1,2,0,0,0
19,1,1,0,0,0
14,1,1,0,0,0
21,1,1,0,0,0
20,1,1,0,0,0
20,1,1,0,0,0
33,1,1,0,0,0
25,1,1,0,0,0
26,1,1,0,0,0
31,1,2,0,0,0
24,1,1,0,0,0
25,1,1,0,1,0
28,1,1,0,0,0
27,1,1,0,0,0
20,1,1,0,1,0
22,1,1,0,0,0
20,1,1,0,0,0
21,1,2,0,0,0
21,1,1,0,0,0
25,1,1,0,0,0
17,1,1,0,0,0
21,1,2,0,0,0
22,1,1,0,1,0
16,1,1,0,0,0
21,1,1,0,0,0
24,1,1,0,0,0
15,1,1,0,0,0
24,1,1,0,0,0
19,1,1,0,0,0
17,1,1,0,0,0
19,1,1,0,0,0
18,1,1,0,0,0
16,1,1,0,0,0
25,1,1,0,1,0
15,1,1,0,0,0
22,1,1,0,1,0
26,1,1,0,0,0
28,1,1,0,0,0
17,1,1,0,0,0
17,1,1,0,0,0
24,1,1,0,0,0
21,1,1,0,0,0
21,1,1,0,0,0
22,1,1,0,0,0
13,1,1,0,0,0
18,1,1,0,0,0
17,1,1,0,0,0
16,1,1,0,0,0
19,1,1,0,0,0
20,1,1,0,0,0
18,1,1,0,0,0
17,1,1,0,0,0
19,1,1,0,0,0
31,1,1,0,0,0
19,1,1,0,0,0
37,1,1,0,3,0
15,1,1,0,0,0
20,1,1,0,0,0
20,1,1,0,0,0
24,1,1,0,0,0
23,1,1,0,0,0
28,1,1,0,1,0
18,1,2,0,0,0
25,1,1,0,0,0
24,1,1,0,0,0
20,1,1,0,1,0
23,1,1,0,0,0
18,1,1,0,0,0
21,1,1,0,0,0
19,1,1,0,0,0
18,1,2,0,0,0
21,1,1,0,0,0
19,1,1,0,0,0
14,1,1,0,0,0
24,1,1,0,0,0
19,1,1,0,0,0
31,1,1,0,0,0
19,1,1,0,0,0
18,1,1,0,0,0
26,1,1,0,0,0
25,1,1,0,0,0
22,1,1,0,0,0
18,1,1,0,0,0
17,1,1,0,0,0
13,1,1,0,0,0
19,1,1,0,1,0
16,1,1,0,0,0
27,1,1,0,0,0
25,1,2,0,0,0
22,1,1,0,0,0
28,1,2,0,0,0
21,1,1,0,0,0
21,1,1,0,0,0
19,1,1,0,0,0
18,1,1,0,0,0
24,1,1,0,1,0
22,1,1,0,0,0
18,1,1,0,0,0
19,1,1,0,0,0
22,1,1,0,0,0
27,1,1,0,0,0
20,1,1,0,0,0
21,1,1,0,0,0
21,1,1,0,1,0
17,1,1,0,0,0
28,1,1,0,0,0
23,1,1,0,0,0
19,1,1,0,0,0
31,1,1,0,0,0
23,1,1,0,0,0
22,1,1,0,0,0
28,1,1,0,2,0
26,1,2,0,0,0
27,1,1,0,1,0
17,1,1,0,0,0
17,1,1,0,0,0
18,1,1,0,0,0
19,1,1,0,0,0
27,1,1,0,1,0
21,1,1,0,0,0
31,1,1,0,0,0
17,1,1,0,0,0
20,1,1,0,0,0
20,1,1,0,1,0
22,1,1,0,0,0
21,1,1,0,0,0
21,1,1,0,0,0
25,1,1,0,0,0
23,1,1,0,0,0
28,1,1,0,0,0
22,1,1,0,0,0
18,1,1,0,0,0
20,1,2,0,0,0
20,1,1,0,0,0
20,1,1,0,0,0
20,1,1,0,0,0
21,1,1,0,0,0
18,1,1,0,0,0
25,1,1,0,0,0
15,1,1,0,0,0
19,1,1,0,1,0
25,1,1,0,0,0
21,1,1,0,0,0
27,1,2,0,0,0
17,1,1,0,0,0
22,1,1,0,0,0
20,1,1,0,0,0
26,1,1,0,1,0
23,1,1,0,0,0
15,1,1,0,0,0
27,1,1,0,0,0
15,1,1,0,0,0
21,1,1,0,0,0
30,1,1,0,0,0
21,1,2,0,0,0
24,1,3,0,0,0
20,1,1,0,0,0
22,1,1,0,0,0
20,1,1,0,1,0
17,1,1,0,0,0
15,1,1,0,0,0
19,1,2,0,0,0
21,1,1,0,0,0
23,1,1,0,0,0
22,1,1,0,0,0
25,1,1,0,0,0
17,1,1,0,0,0
29,1,2,0,0,0
19,1,1,0,0,0
28,1,1,0,0,0
22,1,1,0,0,0
25,1,1,0,0,0
18,1,1,0,0,0
22,1,1,0,0,0
24,1,1,0,0,0
19,1,1,0,0,0
16,1,1,0,0,0
29,1,1,0,1,0
28,1,1,0,0,0
18,1,1,0,0,0
20,1,1,0,0,0
16,1,1,0,0,0
23,1,1,0,0,0
22,1,1,0,0,0
22,1,2,0,0,0
15,1,1,0,0,0
22,1,1,0,0,0
25,1,1,0,0,0
26,1,1,0,0,0
22,1,1,0,0,0
22,1,1,0,1,0
27,1,2,0,0,0
21,1,1,0,0,0
18,1,1,0,0,0
28,1,1,0,1,0
26,1,1,0,0,0
26,1,1,0,0,0
27,1,1,0,0,0
16,1,1,0,0,0
24,1,1,0,0,0
14,1,1,0,0,0
20,1,1,0,0,0
22,1,1,0,0,0
23,1,1,0,0,0
21,1,1,0,1,0
18,1,1,0,0,0
19,1,1,0,0,0
32,1,1,0,1,0
16,1,1,0,0,0
15,1,1,0,0,0
24,1,1,0,1,0
22,1,1,0,0,0
17,1,1,0,0,0
19,1,1,0,0,0
17,1,1,0,0,0
17,1,1,0,0,0
27,1,1,0,1,0
24,1,2,0,0,0
24,1,1,0,0,0
21,1,1,0,0,0
20,1,1,0,0,0
21,1,1,0,0,0
21,1,1,0,0,0
20,1,1,0,0,0
18,1,1,0,0,0
18,1,1,0,0,0
29,1,1,0,0,0
26,1,1,0,0,0
17,1,1,0,0,0
22,1,1,0,0,0
26,1,1,0,1,0
23,1,1,0,0,0
17,1,1,0,0,0
20,1,1,0,0,0
23,1,1,0,0,0
22,1,1,0,0,0
29,1,1,0,0,0
25,1,1,0,0,0
26,1,1,0,1,0
20,1,1,0,0,0
22,1,1,0,0,0
16,1,1,0,0,0
28,1,1,0,0,0
22,1,1,0,0,0
22,1,1,0,0,0
21,1,2,0,0,0
22,1,1,0,0,0
24,1,1,0,0,0
24,1,1,0,0,0
19,1,1,0,0,0
23,1,1,0,0,0
19,1,1,0,0,0
19,1,2,0,0,0
23,1,1,0,1,0
22,1,1,0,0,0
25,1,1,0,2,0
18,1,1,0,0,0
18,1,1,0,0,0
24,1,1,0,0,0
16,1,1,0,0,0
15,1,1,0,0,0
22,1,1,0,0,0
18,1,1,0,0,0
17,1,1,0,0,0
28,1,1,0,0,0
20,1,1,0,0,0
16,1,1,0,0,0
18,1,1,0,0,0
17,1,1,0,0,0
20,1,1,0,0,0
17,1,1,0,0,0
21,1,1,0,0,0
15,1,1,0,0,0
15,1,1,0,0,0
25,1,1,0,0,0
22,1,1,0,0,0
29,1,1,0,0,0
20,1,1,0,0,0
23,1,1,0,0,0
21,1,1,0,1,0
27,1,1,0,0,0
21,1,1,0,0,0
18,1,1,0,0,0
37,1,1,0,3,0
24,1,1,0,0,0
15,1,1,0,0,0
18,1,1,0,0,0
23,1,1,0,0,0
28,1,1,0,0,0
28,1,1,0,2,0
16,1,1,0,0,0
20,1,1,0,0,0
20,1,1,0,0,0
26,1,1,0,0,0
45,1,1,0,6,0
20,1,1,0,0,0
19,1,1,0,0,0
21,1,2,0,0,0
18,1,1,0,0,0
17,1,1,0,0,0
24,1,1,0,0,0
15,1,1,0,0,0
20,1,1,0,0,0
19,1,1,0,0,0
23,1,1,0,0,0
20,1,2,0,0,0
19,1,1,0,0,0
19,1,1,0,0,0
26,1,1,0,0,0
21,1,1,0,0,0
26,1,1,0,0,0
22,1,1,0,0,0
15,1,1,0,0,0
24,1,1,0,0,0
20,1,1,0,0,0
21,1,1,0,0,0
21,1,1,0,0,0
25,1,1,0,0,0
20,1,1,0,0,0
20,1,2,0,0,0
23,1,1,0,0,0
20,1,1,0,0,0
19,1,1,0,0,0
22,1,1,0,0,0
21,1,1,0,0,0
18,1,1,0,0,0
18,1,1,0,0,0
20,1,1,0,0,0
16,1,1,0,0,0
18,1,1,0,0,0
25,1,2,0,0,0
32,1,1,0,2,0
27,1,2,0,0,0
16,1,1,0,0,0
18,1,1,0,0,0
18,1,1,0,0,0
19,1,1,0,0,0
22,1,1,0,0,0
25,1,1,0,0,0
19,1,1,0,0,0
21,1,1,0,0,0
25,1,1,0,0,0
27,1,1,0,0,0
16,1,1,0,0,0
19,1,1,0,0,0
26,1,1,0,0,0
27,1,1,0,0,0
23,1,2,0,0,0
24,1,1,0,0,0
19,1,1,0,0,0
19,1,1,0,0,0
29,1,1,0,0,0
21,1,1,0,0,0
22,1,2,0,0,0
18,1,1,0,0,0
23,1,1,0,1,0
19,1,1,0,0,0
20,1,1,0,0,0
19,1,1,0,0,0
19,1,1,0,0,0
18,1,1,0,0,0
22,1,1,0,0,0
29,1,1,0,0,0
18,1,1,0,0,0
22,1,1,0,0,0
23,1,1,0,0,0
24,1,1,0,0,0
23,1,2,0,0,0
18,1,1,0,1,0
19,1,1,0,0,0
22,1,1,0,0,0
28,1,2,0,0,0
19,1,1,0,0,0
17,1,1,0,0,0
25,1,1,0,0,0
21,1,1,0,0,0
22,1,1,0,0,0
27,1,1,0,0,0
15,1,1,0,0,0
21,1,1,0,0,0
18,1,1,0,1,0
28,1,1,0,2,0
28,1,1,0,1,0
19,1,1,0,0,0
34,1,1,0,0,0
18,1,1,0,0,0
26,1,1,0,1,0
17,1,1,0,0,0
17,1,1,0,1,0
28,1,1,0,0,0
17,1,1,0,1,0
23,1,1,0,0,0
24,1,1,0,0,0
21,1,1,0,0,0
20,1,1,0,0,0
28,1,1,0,0,0
18,1,1,0,0,0
16,1,1,0,0,0
30,1,1,0,1,0
21,1,1,0,0,0
25,1,1,0,1,0
18,1,1,0,0,0
23,1,2,0,1,0
30,1,1,0,2,0
24,1,1,0,0,0
20,1,1,0,0,0
27,1,2,0,0,0
20,1,1,0,0,0
16,1,1,0,0,0
20,1,1,0,0,0
28,1,1,0,1,0
27,1,1,0,0,0
22,1,1,0,0,0
25,1,1,0,0,0
17,1,1,0,0,0
20,1,1,0,1,0
20,1,1,0,0,0
20,1,1,0,0,0
21,1,1,0,0,0
24,1,1,0,0,0
26,1,1,0,0,0
17,1,1,0,0,0
20,1,1,0,0,0
25,1,1,0,0,0
30,1,1,0,1,0
21,1,1,0,0,0
16,1,1,0,0,0
24,1,1,0,0,0
19,1,1,0,0,0
21,1,1,0,0,0
32,1,1,0,0,0
15,1,1,0,0,0
20,1,1,0,0,0
24,1,2,0,0,0
19,1,1,0,0,0
23,1,1,0,0,0
28,1,1,0,0,0
16,1,1,0,0,0
18,1,1,0,0,0
18,1,1,0,0,0
20,1,1,0,0,0
27,1,1,0,1,0
17,1,1,0,0,0
16,1,1,0,0,0
26,1,1,0,0,0
21,1,1,0,0,0
16,1,1,0,0,0
25,1,1,0,0,0
20,1,1,0,0,0
16,1,1,0,0,0
16,1,1,0,0,0
25,1,1,0,0,0
13,1,1,0,0,0
18,1,1,0,0,0
33,1,2,0,0,0
21,1,1,0,0,0
21,1,1,0,0,0
24,1,1,0,1,0
23,1,1,0,0,0
18,1,1,0,0,0
30,1,1,0,0,0
20,1,1,0,0,0
21,1,1,0,0,0
25,1,2,0,0,0
31,1,2,0,0,0
22,1,1,0,0,0
21,1,2,0,0,0
20,1,1,0,0,0
20,1,2,0,0,0
17,1,1,0,0,0
24,1,2,0,0,0
28,1,1,0,0,0
20,1,1,0,0,0
20,1,1,0,0,0
21,1,1,0,0,0
24,1,1,0,0,0
21,1,1,0,0,0
23,1,1,0,0,0
27,1,1,0,3,0
17,1,1,0,0,0
27,1,1,0,0,0
25,1,1,0,0,0
23,1,2,0,0,0
17,1,1,0,0,0
21,1,1,0,0,0
17,1,1,0,0,0
33,1,1,0,0,0
15,1,1,0,0,0
24,1,2,0,0,0
21,1,1,0,0,0
17,1,1,0,0,0
32,1,1,0,0,0
19,1,1,0,0,0
21,1,1,0,0,0
20,1,2,0,1,0
23,1,1,0,0,0
20,1,1,0,0,0
34,1,1,0,4,0
17,1,1,0,0,0
18,1,1,0,0,0
20,1,1,0,0,0
21,1,1,0,0,0
22,1,1,0,1,0
24,1,1,0,0,0
21,1,1,0,1,0
33,1,1,0,0,0
19,1,1,0,0,0
19,1,2,0,0,0
28,1,1,0,1,0
22,1,1,0,0,0
20,1,1,0,0,0
33,1,1,0,0,0
22,1,1,0,0,0
21,1,1,0,0,0
21,1,1,0,0,0
21,1,1,0,0,0
21,1,1,0,0,0
20,1,1,0,0,0
19,1,2,0,0,0
23,1,1,0,1,0
21,1,1,0,0,0
16,1,1,0,0,0
21,1,1,0,0,0
17,1,1,0,1,0
16,1,1,0,0,0
21,1,2,0,0,0
26,1,1,0,2,0
22,1,1,0,0,0
21,1,1,0,0,0
22,1,1,0,0,0
16,1,1,0,0,0
26,1,1,0,0,0
23,1,1,0,0,0
32,1,1,0,0,0
28,1,1,0,1,0
17,1,1,0,0,0
21,1,1,0,0,0
22,1,1,0,0,0
26,1,1,0,0,0
22,1,1,0,0,0
23,1,1,0,0,0
22,1,1,0,0,0
26,1,1,0,0,0
19,1,1,0,0,0
18,1,1,0,0,0
16,1,1,0,0,0
25,1,1,0,0,0
23,1,1,0,0,0
22,1,1,0,0,0
33,1,2,0,1,0
29,1,1,0,0,0
20,1,1,0,0,0
17,1,1,0,0,0
21,1,1,0,0,0
19,1,2,0,0,0
21,1,1,0,0,0
21,1,1,0,0,0
16,1,1,0,0,0
16,1,1,0,0,0
28,1,1,0,0,0
20,1,1,0,0,0
23,1,1,0,1,0
25,1,2,0,0,0
20,1,1,0,0,0
23,1,1,0,0,0
27,1,1,0,0,0
31,1,1,0,0,0
26,1,2,0,0,0
21,1,1,0,1,0
19,1,1,0,0,0
24,1,1,0,1,0
24,1,1,0,0,0
25,1,2,0,0,0
19,1,1,0,0,0
18,1,1,0,0,0
24,1,2,0,0,0
19,1,1,0,0,0
28,1,1,0,0,0
24,1,1,0,0,0
22,1,1,0,0,0
27,1,1,0,0,0
21,1,1,0,0,0
23,1,1,0,0,0
20,1,1,0,0,0
20,1,1,0,0,0
23,1,1,0,0,0
28,1,1,0,0,0
17,1,1,0,0,0
24,1,1,0,0,0
23,1,1,0,0,0
22,1,1,0,0,0
20,1,1,0,0,0
24,1,1,0,0,0
24,1,1,0,0,0
14,1,1,0,0,0
39,1,1,0,3,0
24,1,1,0,1,0
30,1,1,0,0,0
20,1,1,0,0,0
26,1,1,0,1,0
18,1,1,0,0,0
17,1,1,0,0,0
25,1,2,0,0,0
32,1,1,0,2,0
19,1,1,0,0,0
19,1,1,0,0,0
34,1,1,0,0,0
20,1,1,0,0,0
19,1,1,0,0,0
20,1,1,0,1,0
20,1,1,0,0,0
15,1,1,0,0,0
19,1,1,0,0,0
27,1,1,0,0,0
30,1,1,0,0,0
20,1,1,0,0,0
20,1,1,0,0,0
23,1,1,0,0,0
28,1,1,0,0,0
17,1,1,0,0,0
28,1,1,0,1,0
18,1,1,0,0,0
22,1,1,0,0,0
22,1,1,0,0,0
21,1,2,0,0,0
24,1,2,0,0,0
21,1,1,0,0,0
49,1,1,0,0,0
21,1,1,0,0,0
23,1,1,0,0,0
23,1,1,0,0,0
20,1,1,0,1,0
18,1,1,0,0,0
27,1,1,0,1,0
17,1,1,0,0,0
23,1,1,0,0,0
17,1,1,0,0,0
19,1,1,0,0,0
22,1,1,0,0,0
16,1,1,0,0,0
18,1,1,0,0,0
19,1,1,0,0,0
20,1,1,0,0,0
16,1,1,0,0,0
15,1,1,0,0,0
27,1,1,0,0,0
25,1,1,0,0,0
23,1,1,0,0,0
20,1,2,0,0,0
29,1,1,0,1,0
21,1,2,0,0,0
25,1,2,0,0,0
21,1,2,0,0,0
22,1,2,0,0,0
15,1,1,0,0,0
16,1,1,0,0,0
26,1,2,0,0,0
20,1,1,0,0,0
22,1,1,0,0,0
17,1,1,0,0,0
28,1,1,0,0,0
19,1,1,0,0,0
18,1,1,0,0,0
22,1,1,0,0,0
20,1,1,0,0,0
27,1,1,0,0,0
22,1,1,0,0,0
21,1,1,0,0,0
21,1,2,0,0,0
19,1,1,0,0,0
17,1,1,0,0,0
26,1,1,0,1,0
24,1,1,0,1,0
17,1,1,0,0,0
18,1,1,0,0,0
20,1,1,0,0,0
19,1,1,0,0,0
23,1,1,0,1,0
22,1,1,0,0,0
23,1,1,0,0,0
19,1,1,0,0,0
14,1,1,0,0,0
28,1,2,0,1,0
21,1,1,0,1,0
22,1,1,0,0,0
21,1,1,0,1,0
24,1,1,0,0,0
18,1,1,0,0,0
18,1,2,0,0,0
24,1,2,0,0,0
27,1,1,0,0,0
18,1,2,0,0,0
19,1,1,0,0,0
29,1,1,0,0,0
21,1,1,0,1,0
23,1,1,0,0,0
24,1,1,0,0,0
23,1,1,0,0,0
20,1,2,0,0,0
37,1,1,0,2,0
21,1,1,0,0,0
18,1,1,0,1,0
23,1,1,0,0,0
22,1,2,0,0,0
24,1,1,0,0,0
16,1,1,0,0,0
21,1,1,0,0,0
19,1,1,0,0,0
24,1,1,0,0,0
21,1,1,0,0,0
22,1,1,0,0,0
25,1,1,0,0,0
28,1,1,0,0,0
24,1,2,0,0,0
28,1,1,0,0,0
22,1,1,0,0,0
20,1,1,0,1,0
22,1,1,0,0,0
21,1,1,0,0,0
24,1,1,0,0,0
18,1,1,0,0,0
21,1,2,0,0,0
25,1,1,0,0,0
24,1,2,0,0,0
25,1,1,0,0,0
22,1,1,0,0,0
23,1,1,0,0,0
28,1,1,0,0,0
13,1,1,0,0,0
27,1,1,0,0,0
26,1,1,0,0,0
24,1,2,0,0,0
21,1,1,0,0,0
18,1,1,0,0,0
22,1,1,0,0,0
15,1,1,0,0,0
25,1,1,0,1,0
19,1,1,0,0,0
29,1,1,0,0,0
21,1,1,0,0,0
19,1,1,0,0,0
20,1,1,0,0,0
20,1,1,0,0,0
25,1,1,0,2,0
24,1,1,0,0,0
19,1,1,0,0,0
19,1,1,0,0,0
18,1,1,0,0,0
24,1,1,0,0,0
14,1,1,0,0,0
17,1,1,0,0,0
19,1,1,0,0,0
26,1,1,0,0,0
18,1,1,0,0,0
25,1,1,0,0,0
21,1,2,0,0,0
17,1,1,0,0,0
23,1,1,0,0,0
28,1,1,0,0,0
20,1,1,0,0,0
25,1,1,0,0,0
20,1,1,0,0,0
18,1,2,0,0,0
18,1,1,0,0,0
19,1,1,0,0,0
19,1,1,0,0,0
20,1,1,0,0,0
22,1,1,0,0,0
19,1,1,0,0,0
25,1,1,0,1,0
19,1,1,0,0,0
27,1,1,0,0,0
27,1,1,0,0,0
22,1,1,0,0,0
16,1,1,0,0,0
20,1,1,0,0,0
20,1,2,0,0,0
20,1,1,0,0,0
21,1,1,0,0,0
23,1,1,0,0,0
15,1,1,0,0,0
30,1,1,0,0,0
19,1,1,0,0,0
35,1,1,0,0,0
20,1,1,0,1,0
23,1,1,0,0,0
16,1,1,0,0,0
21,1,1,0,0,0
20,1,1,0,0,0
23,1,1,0,0,0
18,1,1,0,0,0
23,1,1,0,0,0
23,1,1,0,0,0
22,1,1,0,1,0
20,1,1,0,0,0
21,1,1,0,0,0
23,1,1,0,0,0
24,1,2,0,0,0
21,1,1,0,0,0
28,1,1,0,0,0
19,1,1,0,0,0
24,1,1,0,0,0
20,1,1,0,1,0
23,1,1,0,0,0
26,1,1,0,0,0
18,1,1,0,0,0
21,1,1,0,0,0
18,1,1,0,0,0
20,1,1,0,0,0
32,1,2,0,0,0
19,1,1,0,0,0
22,1,1,0,0,0
15,1,1,0,0,0
37,1,1,0,0,0
20,1,1,0,1,0
15,1,1,0,0,0
26,1,1,0,0,0
34,1,2,0,1,0
18,1,1,0,0,0
32,1,1,0,0,0
21,1,1,0,0,0
27,1,1,0,1,0
19,1,1,0,0,0
24,1,1,0,0,0
18,1,1,0,0,0
26,1,1,0,0,0
21,1,1,0,0,0
23,1,1,0,0,0
25,1,1,0,1,0
21,1,1,0,1,0
18,1,1,0,0,0
20,1,1,0,0,0
24,1,1,0,0,0
15,1,1,0,0,0
21,1,1,0,0,0
17,1,1,0,0,0
19,1,1,0,0,0
22,1,1,0,0,0
28,1,1,0,0,0
15,1,1,0,0,0
31,1,1,0,0,0
19,1,1,0,0,0
20,1,1,0,1,0
28,1,1,0,0,0
18,1,1,0,0,0
24,1,1,0,1,0
21,1,1,0,0,0
21,1,1,0,0,0
15,1,1,0,0,0
17,1,1,0,0,0
14,1,1,0,0,0
33,1,1,0,0,0
24,1,1,0,0,0
27,1,1,0,0,0
28,1,1,0,1,0
18,1,2,0,0,0
20,1,1,0,0,0
25,1,1,0,0,0
23,1,1,0,0,0
26,1,1,0,0,0
27,1,1,0,0,0
21,1,1,0,0,0
19,1,1,0,0,0
20,1,1,0,0,0
38,1,1,0,0,0
20,1,1,0,0,0
29,1,2,0,0,0
25,1,1,0,0,0
25,1,1,0,0,0
23,1,2,0,1,0
19,1,2,0,0,0
16,1,1,0,0,0
17,1,1,0,0,0
25,1,1,0,0,0
28,1,1,0,0,0
17,1,1,0,0,0
24,1,1,0,0,0
23,1,1,0,0,0
21,1,1,0,0,0
30,1,1,0,0,0
20,1,1,0,0,0
19,1,1,0,0,0
18,1,2,0,0,0
21,1,1,0,0,0
21,1,1,0,0,0
23,1,1,0,0,0
20,1,1,0,0,0
22,1,1,0,0,0
20,1,1,0,0,0
27,1,2,0,1,0
25,1,2,0,0,0
22,1,1,0,0,0
24,1,1,0,1,0
17,1,1,0,0,0
27,1,1,0,0,0
25,1,1,0,0,0
29,1,1,0,0,0
18,1,1,0,0,0
23,1,1,0,0,0
23,1,1,0,0,0
20,1,1,0,0,0
19,1,1,0,0,0
16,1,1,0,0,0
20,1,2,0,0,0
16,1,1,0,0,0
19,1,1,0,0,0
34,1,1,0,0,0
16,1,1,0,0,0
19,1,1,0,0,0
21,1,1,0,0,0
21,1,1,0,0,0
26,1,2,0,0,0
20,1,1,0,0,0
20,1,1,0,0,0
18,1,1,0,0,0
24,1,1,0,0,0
17,1,1,0,0,0
19,1,1,0,0,0
21,1,1,0,0,0
17,1,1,0,0,0
28,1,1,0,0,0
16,1,1,0,0,0
33,1,1,0,0,0
26,1,1,0,0,0
23,1,1,0,0,0
19,1,1,0,1,0
26,1,1,0,0,0
21,1,1,0,1,0
23,1,1,0,0,0
17,1,1,0,0,0
25,1,1,0,0,0
20,1,1,0,0,0
18,1,1,0,0,0
22,1,1,0,0,0
21,1,1,0,0,0
16,1,1,0,0,0
22,1,2,0,0,0
25,1,1,0,0,0
21,1,1,0,0,0
22,1,2,0,0,0
22,1,1,0,0,0
16,1,1,0,0,0
28,1,1,0,0,0
18,1,1,0,0,0
23,1,2,0,0,0
21,1,1,0,0,0
18,1,1,0,0,0
21,1,1,0,0,0
37,1,1,0,3,0
21,1,1,0,0,0
19,1,1,0,0,0
21,1,1,0,1,0
20,1,1,0,0,0
25,1,1,0,0,0
32,1,1,0,0,0
24,1,1,0,0,0
22,1,1,0,0,0
17,1,2,0,0,0
20,1,1,0,0,0
20,1,1,0,1,0
20,1,1,0,0,0
21,1,1,0,0,0
22,1,1,0,0,0
18,1,1,0,0,0
18,1,1,0,0,0
20,1,1,0,0,0
21,1,1,0,0,0
24,1,1,0,0,0
19,1,1,0,0,0
20,1,1,0,0,0
17,1,1,0,0,0
15,1,1,0,0,0
29,1,1,0,0,0
19,1,1,0,0,0
25,1,1,0,1,0
25,1,1,0,0,0
17,1,1,0,0,0
17,1,1,0,0,0
23,1,1,0,0,0
21,1,1,0,0,0
17,1,1,0,0,0
23,1,1,0,1,0
14,1,1,0,0,0
28,1,1,0,0,0
16,1,1,0,0,0
22,1,1,0,0,0
32,1,1,0,0,0
20,1,1,0,0,0
19,1,1,0,0,0
20,1,1,0,0,0
17,1,1,0,0,0
23,1,1,0,1,0
20,1,1,0,1,0
21,1,1,0,0,0
16,1,1,0,0,0
20,1,1,0,0,0
26,1,1,0,0,0
16,1,1,0,0,0
24,1,1,0,0,0
21,1,1,0,0,0
26,1,1,0,0,0
24,1,1,0,0,0
19,1,1,0,0,0
24,1,1,0,0,0
21,1,1,0,0,0
21,1,1,0,0,0
18,1,1,0,0,0
24,1,1,0,0,0
17,1,1,0,0,0
27,1,1,0,0,0
24,1,1,0,1,0
27,1,1,0,0,0
28,1,1,0,0,0
14,1,1,0,0,0
29,1,1,0,0,0
22,1,1,0,0,0
17,1,1,0,0,0
16,1,1,0,1,0
23,1,1,0,0,0
22,1,1,0,0,0
17,1,1,0,0,0
18,1,1,0,0,0
17,1,1,0,0,0
21,1,1,0,0,0
23,1,1,0,1,0
19,1,1,0,0,0
22,1,1,0,1,0
19,1,1,0,0,0
18,1,1,0,0,0
21,1,1,0,0,0
20,1,1,0,0,0
18,1,1,0,0,0
40,1,2,0,0,0
20,1,1,0,0,0
20,1,1,0,0,0
19,1,1,0,0,0
19,1,1,0,0,0
18,1,1,0,0,0
33,1,2,0,0,0
26,1,1,0,0,0
19,1,2,0,0,0
19,1,1,0,0,0
22,1,1,0,0,0
26,1,1,0,1,0
19,1,1,0,0,0
17,1,2,0,0,0
20,1,1,0,0,0
19,1,1,0,0,0
27,1,1,0,0,0
20,1,1,0,0,0
20,1,1,0,0,0
18,1,1,0,0,0
33,1,1,0,0,0
18,1,1,0,0,0
20,1,1,0,0,0
16,1,1,0,0,0
20,1,1,0,0,0
22,1,1,0,0,0
18,1,1,0,0,0
18,1,1,0,0,0
26,1,1,0,0,0
17,1,1,0,0,0
20,1,1,0,0,0
19,1,1,0,0,0
15,1,1,0,0,0
26,1,1,0,1,0
21,1,1,0,0,0
26,1,1,0,0,0
19,1,1,0,0,0
29,1,2,0,0,0
28,1,1,0,0,0
26,1,1,0,0,0
21,1,1,0,0,0
25,1,1,0,0,0
20,1,1,0,0,0
31,1,1,0,0,0
21,1,1,0,0,0
15,1,1,0,0,0
26,1,1,0,0,0
22,1,1,0,0,0
25,1,1,0,0,0
30,1,1,0,1,0
13,1,1,0,0,0
24,1,1,0,0,0
20,1,1,0,0,0
16,1,1,0,0,0
17,1,1,0,0,0
34,1,1,0,2,0
27,1,1,0,0,0
22,1,1,0,1,0
25,1,1,0,0,0
33,1,1,0,0,0
27,1,1,0,0,0
21,1,2,0,0,0
26,1,1,0,0,0
24,1,2,0,0,0
20,1,1,0,0,0
29,1,1,0,0,0
21,1,1,0,0,0
17,1,1,0,0,0
22,1,1,0,0,0
30,1,1,0,0,0
18,1,1,0,0,0
24,1,2,0,0,0
19,1,1,0,0,0
23,1,2,0,0,0
20,1,1,0,0,0
26,1,2,0,0,0
22,1,1,0,0,0
17,1,1,0,0,0
18,1,1,0,1,0
23,1,1,0,0,0
21,1,1,0,0,0
20,1,1,0,0,0
14,1,1,0,0,0
21,1,1,0,0,0
18,1,2,0,0,0
19,1,2,0,0,0
23,1,1,0,0,0
22,1,1,0,0,0
23,1,1,0,0,0
22,1,1,0,0,0
33,1,1,0,1,0
22,1,1,0,0,0
20,1,2,0,0,0
25,1,1,0,0,0
35,1,1,0,0,0
20,1,1,0,0,0
19,1,1,0,0,0
28,1,1,0,0,0
19,1,1,0,0,0
22,1,2,0,0,0
22,1,1,0,0,0
21,1,1,0,0,0
21,1,1,0,0,0
18,1,1,0,0,0
21,1,1,0,0,0
18,1,1,0,0,0
27,1,1,0,0,0
20,1,1,0,0,0
15,1,1,0,0,0
16,1,1,0,0,0
27,1,1,0,0,0
32,1,1,0,3,0
18,1,1,0,0,0
16,1,1,0,0,0
19,1,1,0,0,0
19,1,1,0,0,0
23,1,1,0,0,0
22,1,1,0,0,0
16,1,1,0,0,0
22,1,1,0,0,0
23,1,1,0,0,0
34,1,1,0,0,0
21,1,1,0,0,0
33,1,2,0,1,0
22,1,1,0,1,0
27,1,1,0,0,0
21,1,1,0,0,0
20,1,1,0,0,0
19,1,1,0,0,0
24,1,1,0,0,0
20,1,1,0,0,0
27,1,1,0,0,0
19,1,2,0,0,0
29,1,1,0,2,0
21,1,1,0,0,0
20,1,1,0,0,0
19,1,2,0,0,0
20,1,2,0,0,0
26,1,1,0,1,0
20,1,1,0,0,0
17,1,1,0,0,0
17,1,1,0,0,0
29,1,1,0,0,0
28,1,1,0,0,0
29,1,1,0,1,0
20,1,1,0,0,0
18,1,1,0,0,0
28,1,1,0,0,0
32,1,2,0,0,0
23,1,1,0,0,0
21,1,1,0,0,0
20,1,2,0,0,0
20,1,1,0,1,0
28,1,1,0,0,0
26,1,1,0,1,0
19,1,1,0,0,0
18,1,1,0,0,0
19,1,1,0,0,0
20,1,2,0,0,0
17,1,1,0,0,0
26,1,1,0,0,0
21,1,1,0,0,0
26,1,1,0,0,0
18,1,2,0,0,0
27,1,1,0,0,0
15,1,1,0,0,0
19,1,1,0,0,0
19,1,1,0,0,0
17,1,1,0,0,0
29,1,1,0,0,0
24,1,1,0,0,0
19,1,1,0,0,0
25,1,1,0,0,0
15,1,1,0,0,0
21,1,1,0,0,0
19,1,1,0,0,0
17,1,2,0,0,0
23,1,2,0,0,0
20,1,1,0,0,0
24,1,1,0,0,0
22,1,1,0,0,0
23,1,1,0,0,0
19,1,2,0,0,0
18,1,1,0,0,0
22,1,1,0,0,0
21,1,1,0,0,0
19,1,1,0,0,0
21,1,1,0,0,0
19,1,1,0,0,0
23,1,1,0,0,0
23,1,1,0,0,0
26,1,1,0,0,0
20,1,2,0,0,0
23,1,1,0,0,0
21,1,1,0,0,0
23,1,1,0,0,0
21,1,2,0,0,0
21,1,1,0,0,0
15,1,1,0,0,0
19,1,1,0,0,0
19,1,1,0,0,0
19,1,1,0,0,0
22,1,1,0,0,0
21,1,2,0,0,0
18,1,1,0,0,0
16,1,1,0,0,0
19,1,1,0,0,0
21,1,1,0,0,0
22,1,1,0,0,0
21,1,1,0,0,0
19,1,1,0,0,0
19,1,1,0,0,0
21,1,1,0,0,0
18,1,2,0,0,0
23,1,2,0,0,0
19,1,1,0,0,0
17,1,1,0,0,0
18,1,1,0,0,0
36,1,1,0,0,0
27,1,1,0,0,0
24,1,1,0,0,0
20,1,1,0,0,0
21,1,1,0,0,0
21,1,1,0,0,0
20,1,1,0,0,0
19,1,1,0,0,0
24,1,1,0,1,0
17,1,1,0,0,0
23,1,2,0,0,0
19,1,1,0,0,0
21,1,1,0,1,0
25,1,1,0,1,0
28,1,1,0,0,0
18,1,1,0,0,0
23,1,1,0,0,0
23,1,1,0,0,0
15,1,1,0,0,0
21,1,1,0,0,0
20,1,1,0,0,0
20,1,2,0,0,0
26,1,1,0,0,0
19,1,1,0,1,0
16,1,1,0,0,0
17,1,1,0,0,0
23,1,1,0,0,0
27,1,1,0,0,0
23,1,1,0,0,0
24,1,1,0,0,0
23,1,1,0,0,0
18,1,1,0,0,0
23,1,1,0,0,0
19,1,1,0,0,0
22,1,1,0,0,0
18,1,1,0,0,0
19,1,1,0,0,0
24,1,1,0,0,0
19,1,1,0,0,0
17,1,1,0,0,0
21,1,1,0,0,0
20,1,1,0,0,0
17,1,1,0,0,0
21,1,1,0,0,0
30,1,1,0,2,0
24,1,1,0,0,0
18,1,1,0,0,0
34,1,1,0,2,0
23,1,1,0,1,0
20,1,1,0,0,0
24,1,1,0,0,0
24,1,2,0,0,0
17,1,1,0,0,0
23,1,1,0,0,0
18,1,2,0,0,0
22,1,1,0,1,0
18,1,2,0,0,0
17,1,1,0,0,0
25,1,2,0,0,0
29,1,1,0,0,0
20,1,1,0,0,0
15,1,1,0,0,0
14,1,1,0,0,0
20,1,1,0,0,0
21,1,1,0,0,0
21,1,1,0,0,0
20,1,1,0,0,0
20,1,1,0,0,0
16,1,1,0,0,0
22,1,1,0,0,0
19,1,1,0,0,0
25,1,1,0,0,0
22,1,1,0,1,0
24,1,1,0,0,0
21,1,1,0,0,0
22,1,1,0,0,0
23,1,1,0,0,0
23,1,1,0,0,0
21,1,1,0,0,0
27,1,1,0,0,0
19,1,1,0,0,0
20,1,1,0,1,0
20,1,1,0,0,0
30,1,1,0,0,0
29,1,2,0,0,0
16,1,1,0,0,0
20,1,1,0,0,0
23,1,1,0,1,0
23,1,1,0,0,0
20,1,1,0,0,0
19,1,1,0,0,0
20,1,1,0,0,0
22,1,1,0,0,0
19,1,1,0,0,0
24,1,1,0,0,0
20,1,1,0,0,0
20,1,1,0,0,0
19,1,1,0,0,0
22,1,1,0,0,0
17,1,1,0,0,0
20,1,1,0,0,0
20,1,1,0,0,0
23,1,1,0,0,0
22,1,2,0,0,0
17,1,1,0,0,0
23,1,2,0,0,0
22,1,1,0,2,0
20,1,1,0,0,0
25,1,1,0,0,0
25,1,1,0,0,0
21,1,1,0,0,0
16,1,1,0,0,0
41,1,1,0,3,0
23,1,1,0,0,0
22,1,1,0,0,0
21,1,1,0,0,0
15,1,1,0,0,0
20,1,1,0,0,0
27,1,1,0,0,0
20,1,2,0,0,0
17,1,1,0,0,0
25,1,1,0,0,0
17,1,1,0,0,0
22,1,1,0,0,0
19,1,1,0,1,0
24,1,1,0,0,0
18,1,1,0,0,0
25,1,1,0,0,0
25,1,1,0,0,0
22,1,1,0,0,0
18,1,1,0,0,0
22,1,1,0,0,0
18,1,1,0,0,0
19,1,1,0,0,0
20,1,1,0,0,0
20,1,1,0,0,0
15,1,1,0,0,0
24,1,1,0,0,0
16,1,1,0,0,0
19,1,1,0,0,0
18,1,1,0,0,0
24,1,1,0,0,0
17,1,1,0,0,0
18,1,1,0,0,0
18,1,1,0,0,0
22,1,1,0,0,0
19,1,1,0,0,0
25,1,1,0,0,0
18,1,1,0,0,0
25,1,1,0,0,0
19,1,1,0,0,0
16,1,1,0,0,0
22,1,1,0,0,0
15,1,1,0,0,0
20,1,1,0,0,0
16,1,1,0,0,0
26,1,1,0,0,0
28,1,1,0,0,0
21,1,2,0,0,0
18,1,1,0,0,0
23,1,1,0,0,0
18,1,1,0,0,0
25,1,2,0,0,0
19,1,1,0,0,0
22,1,2,0,0,0
17,1,1,0,0,0
30,1,1,0,0,0
19,1,2,0,0,0
21,1,1,0,0,0
26,1,1,0,0,0
24,1,1,0,0,0
22,1,1,0,0,0
22,1,2,0,0,0
20,1,1,0,0,0
17,1,1,0,0,0
27,1,1,0,0,0
20,1,1,0,1,0
23,1,1,0,0,0
30,1,2,0,0,0
17,1,1,0,0,0
26,1,2,0,0,0
20,1,2,0,0,0
26,1,1,0,0,0
31,1,1,0,0,0
24,1,1,0,0,0
24,1,2,0,0,0
20,1,1,0,0,0
22,1,1,0,0,0
22,1,1,0,0,0
20,1,1,0,0,0
27,1,1,0,1,0
28,1,1,0,0,0
20,1,1,0,2,0
22,1,1,0,0,0
19,1,1,0,0,0
20,1,1,0,0,0
20,1,1,0,0,0
17,1,1,0,0,0
16,1,1,0,0,0
27,1,1,0,1,0
22,1,1,0,0,0
25,1,1,0,0,0
23,1,1,0,0,0
17,1,1,0,0,0
16,1,1,0,0,0
22,1,2,0,0,0
23,1,1,0,0,0
17,1,1,0,0,0
18,1,1,0,0,0
24,1,1,0,0,0
23,1,2,0,0,0
20,1,1,0,0,0
29,1,1,0,0,0
17,1,1,0,0,0
25,1,1,0,1,0
18,1,1,0,0,0
26,1,1,0,0,0
21,1,2,0,0,0
22,1,1,0,1,0
21,1,1,0,0,0
24,1,1,0,0,0
28,1,1,0,0,0
17,1,1,0,0,0
21,1,1,0,0,0
22,1,1,0,0,0
17,1,1,0,0,0
24,1,1,0,0,0
20,1,2,0,1,0
27,1,1,0,0,0
16,1,1,0,0,0
17,1,1,0,0,0
23,1,1,0,0,0
29,1,1,0,0,0
21,1,1,0,0,0
20,1,1,0,0,0
32,1,1,0,0,0
24,1,1,0,0,0
14,1,1,0,0,0
36,1,1,0,0,0
26,1,1,0,0,0
18,1,1,0,0,0
24,1,1,0,0,0
24,1,1,0,0,0
27,1,1,0,1,0
26,1,1,0,0,0
20,1,2,0,0,0
20,1,1,0,0,0
20,1,1,0,0,0
31,1,1,0,0,0
18,1,1,0,0,0
23,1,1,0,0,0
16,1,1,0,0,0
22,1,1,0,0,0
26,1,1,0,1,0
19,1,1,0,0,0
27,1,1,0,0,0
25,1,1,0,1,0
19,1,1,0,0,0
18,1,1,0,0,0
26,1,2,0,0,0
18,1,2,0,0,0
20,1,1,0,0,0
22,1,1,0,1,0
18,1,1,0,0,0
22,1,1,0,0,0
19,1,1,0,0,0
18,1,1,0,0,0
19,1,1,0,0,0
22,1,2,0,0,0
17,1,1,0,0,0
19,1,1,0,0,0
20,1,1,0,0,0
24,1,1,0,0,0
19,1,1,0,0,0
22,1,1,0,0,0
32,1,1,0,0,0
19,1,1,0,0,0
19,1,1,0,0,0
20,1,1,0,1,0
24,1,1,0,0,0
17,1,1,0,0,0
23,1,1,0,0,0
21,1,1,0,0,0
20,1,1,0,0,0
24,1,1,0,0,0
23,1,1,0,0,0
19,1,2,0,0,0
18,1,2,0,0,0
19,1,1,0,0,0
28,1,1,0,0,0
18,1,1,0,0,0
22,1,1,0,0,0
31,1,1,0,1,0
25,1,1,0,1,0
27,1,1,0,0,0
21,1,1,0,1,0
21,1,1,0,0,0
18,1,1,0,1,0
18,1,1,0,1,0
18,1,1,0,0,0
15,1,1,0,0,0
19,1,1,0,0,0
21,1,1,0,0,0
28,1,1,0,0,0
21,1,1,0,0,0
18,1,1,0,0,0
23,1,1,0,1,0
20,1,1,0,0,0
21,1,1,0,1,0
19,1,1,0,0,0
19,1,1,0,0,0
19,1,1,0,0,0
15,1,1,0,0,0
24,1,1,0,0,0
22,1,1,0,0,0
22,1,1,0,0,0
27,1,2,0,0,0
27,1,1,0,1,0
20,1,1,0,0,0
26,1,1,0,0,0
26,1,1,0,0,0
16,1,1,0,0,0
18,1,1,0,0,0
24,1,1,0,0,0
15,1,1,0,0,0
29,1,1,0,2,0
18,1,1,0,0,0
19,1,1,0,0,0
26,1,1,0,0,0
20,1,1,0,0,0
20,1,1,0,0,0
20,1,1,0,0,0
34,1,1,0,0,0
20,1,1,0,0,0
19,1,1,0,0,0
26,1,1,0,0,0
18,1,1,0,0,0
23,1,1,0,0,0
26,1,1,0,0,0
28,1,1,0,0,0
16,1,1,0,0,0
18,1,1,0,0,0
29,1,1,0,0,0
21,1,1,0,0,0
19,1,1,0,0,0
24,1,1,0,0,0
25,1,1,0,0,0
23,1,1,0,0,0
27,1,1,0,0,0
26,1,1,0,0,0
16,1,1,0,0,0
20,1,1,0,0,0
17,1,1,0,0,0
16,1,1,0,0,0
19,1,1,0,0,0
25,1,1,0,0,0
21,1,1,0,0,0
20,1,1,0,0,0
16,1,1,0,0,0
20,1,1,0,0,0
22,1,1,0,0,0
23,1,1,0,0,0
30,1,1,0,0,0
28,1,1,0,0,0
23,1,1,0,0,0
20,1,1,0,0,0
19,1,1,0,0,0
20,1,1,0,1,0
20,1,1,0,0,0
21,1,1,0,0,0
28,1,1,0,2,0
20,1,1,0,0,0
23,1,1,0,0,0
21,1,1,0,0,0
23,1,2,0,0,0
17,1,1,0,0,0
20,1,1,0,0,0
24,1,1,0,0,0
20,1,2,0,0,0
20,1,1,0,0,0
25,1,1,0,1,0
25,1,1,0,0,0
25,1,1,0,0,0
18,1,1,0,0,0
24,1,1,0,0,0
16,1,1,0,0,0
22,1,1,0,1,0
14,1,1,0,0,0
22,1,1,0,0,0
34,1,2,0,0,0
25,1,1,0,0,0
21,1,1,0,0,0
28,1,1,0,0,0
22,1,1,0,0,0
18,1,1,0,0,0
16,1,1,0,0,0
22,1,1,0,0,0
20,1,1,0,0,0
20,1,1,0,0,0
25,1,1,0,0,0
16,1,1,0,0,0
18,1,1,0,0,0
19,1,1,0,0,0
16,1,1,0,0,0
22,1,1,0,1,0
25,1,1,0,0,0
25,1,1,0,0,0
22,1,1,0,0,0
21,1,1,0,0,0
26,1,1,0,0,0
36,1,1,0,2,0
18,1,1,0,0,0
30,1,1,0,0,0
24,1,1,0,0,0
32,1,1,0,0,0
23,1,1,0,0,0
17,1,1,0,0,0
24,1,1,0,1,0
23,1,1,0,0,0
17,1,1,0,0,0
27,1,1,0,1,0
14,1,1,0,0,0
21,1,1,0,0,0
19,1,1,0,0,0
15,1,1,0,0,0
17,1,1,0,1,0
17,1,1,0,0,0
20,1,1,0,0,0
19,1,1,0,0,0
26,1,1,0,0,0
21,1,1,0,0,0
33,1,1,0,0,0
23,1,1,0,0,0
18,1,1,0,0,0
17,1,1,0,0,0
17,1,1,0,0,0
20,1,1,0,0,0
16,1,1,0,0,0
20,1,1,0,0,0
27,1,1,0,0,0
26,1,1,0,0,0
16,1,1,0,0,0
23,1,1,0,0,0
16,1,1,0,0,0
19,1,1,0,0,0
26,1,1,0,1,0
18,1,1,0,0,0
22,1,1,0,0,0
15,1,1,0,0,0
21,1,1,0,1,0
20,1,1,0,0,0
25,1,1,0,0,0
18,1,1,0,0,0
18,1,1,0,0,0
20,1,1,0,0,0
21,1,1,0,0,0
20,1,1,0,0,0
23,1,1,0,0,0
20,1,1,0,0,0
18,1,1,0,0,0
26,1,1,0,0,0
20,1,1,0,0,0
17,1,1,0,0,0
15,1,1,0,0,0
18,1,1,0,0,0
17,1,1,0,0,0
16,1,1,0,0,0
27,1,1,0,0,0
22,1,2,0,0,0
23,1,1,0,0,0
22,1,1,0,1,0
14,1,1,0,0,0
25,1,1,0,0,0
26,1,1,0,0,0
17,1,1,0,2,0
19,1,1,0,0,0
18,1,1,0,0,0
23,1,1,0,0,0
20,1,1,0,0,0
29,1,1,0,0,0
17,1,1,0,0,0
21,1,1,0,0,0
26,1,1,0,0,0
22,1,1,0,0,0
26,1,1,0,0,0
25,1,1,0,1,0
19,1,1,0,0,0
30,1,2,0,0,0
17,1,1,0,0,0
22,1,1,0,0,0
17,1,1,0,0,0
27,1,1,0,1,0
20,1,1,0,0,0
17,1,1,0,0,0
25,1,1,0,0,0
19,1,1,0,0,0
21,1,1,0,0,0
23,1,1,0,0,0
24,1,1,0,0,0
22,1,1,0,1,0
22,1,1,0,0,0
18,1,1,0,0,0
41,1,2,0,2,0
15,1,1,0,0,0
20,1,1,0,0,0
18,1,1,0,0,0
29,1,2,0,0,0
18,1,1,0,0,0
29,1,1,0,0,0
19,1,1,0,0,0
27,1,2,0,0,0
24,1,1,0,0,0
23,1,2,0,0,0
19,1,1,0,1,0
19,1,1,0,0,0
21,1,1,0,0,0
22,1,1,0,0,0
25,1,1,0,0,0
24,1,1,0,0,0
22,1,1,0,0,0
26,1,1,0,0,0
22,1,1,0,0,0
27,1,2,0,0,0
21,1,1,0,0,0
32,1,1,0,0,0
21,1,1,0,0,0
23,1,1,0,0,0
19,1,1,0,0,0
16,1,1,0,0,0
22,1,1,0,0,0
25,1,1,0,0,0
22,1,1,0,1,0
19,1,1,0,0,0
21,1,1,0,0,0
21,1,1,0,0,0
21,1,1,0,0,0
17,1,1,0,0,0
18,1,1,0,0,0
27,1,1,0,0,0
28,1,1,0,0,0
17,1,1,0,0,0
20,1,1,0,0,0
23,1,1,0,2,0
23,1,2,0,0,0
23,1,1,0,1,0
23,1,2,0,0,0
21,1,1,0,0,0
23,1,1,0,0,0
21,1,1,0,0,0
22,1,1,0,0,0
24,1,1,0,1,0
30,1,2,0,0,0
23,1,1,0,0,0
24,1,1,0,0,0
23,1,1,0,0,0
19,1,1,0,0,0
25,1,1,0,0,0
19,1,1,0,1,0
18,1,1,0,0,0
24,1,1,0,0,0
22,1,1,0,0,0
20,1,1,0,0,0
21,1,1,0,0,0
21,1,2,0,0,0
21,1,2,0,0,0
17,1,1,0,0,0
24,1,1,0,0,0
18,1,1,0,0,0
17,1,1,0,0,0
27,1,1,0,0,0
27,1,2,0,0,0
18,1,1,0,0,0
31,1,2,0,0,0
24,1,1,0,0,0
25,1,1,0,0,0
20,1,1,0,0,0
30,1,1,0,0,0
14,1,1,0,0,0
17,1,1,0,0,0
21,1,1,0,0,0
17,1,2,0,0,0
24,1,1,0,1,0
28,1,1,0,1,0
26,1,1,0,1,0
16,1,1,0,0,0
22,1,1,0,1,0
18,1,1,0,1,0
15,1,1,0,0,0
25,1,1,0,0,0
25,1,1,0,0,0
15,1,1,0,0,0
20,1,1,0,0,0
31,1,1,0,0,0
27,1,1,0,0,0
20,1,1,0,0,0
27,1,1,0,0,0
20,1,1,0,0,0
19,1,1,0,0,0
18,1,1,0,0,0
19,1,1,0,0,0
19,1,1,0,1,0
18,1,2,0,0,0
24,1,2,0,0,0
26,1,1,0,0,0
22,1,1,0,0,0
20,1,1,0,0,0
21,1,1,0,0,0
23,1,1,0,0,0
19,1,1,0,0,0
33,1,1,0,1,0
28,1,1,0,0,0
20,1,1,0,0,0
18,1,1,0,0,0
19,1,1,0,0,0
24,1,1,0,0,0
17,1,1,0,0,0
19,1,1,0,0,0
22,1,1,0,1,0
17,1,1,0,0,0
22,1,1,0,0,0
26,1,1,0,0,0
21,1,1,0,0,0
24,1,2,0,0,0
26,1,2,0,1,0
22,1,1,0,0,0
19,1,1,0,0,0
19,1,1,0,0,0
27,1,1,0,0,0
26,1,1,0,0,0
27,1,1,0,0,0
18,1,1,0,0,0
16,1,1,0,0,0
20,1,1,0,0,0
24,1,1,0,0,0
25,1,1,0,0,0
14,1,1,0,0,0
18,1,1,0,0,0
25,1,1,0,0,0
31,1,1,0,0,0
19,1,1,0,0,0
30,1,1,0,0,0
22,1,2,0,0,0
20,1,1,0,1,0
26,1,1,0,2,0
23,1,1,0,0,0
26,1,1,0,0,0
21,1,1,0,0,0
18,1,1,0,0,0
25,1,2,0,0,0
20,1,1,0,0,0
18,1,1,0,0,0
23,1,1,0,0,0
18,1,1,0,0,0
25,1,1,0,0,0
23,1,1,0,0,0
24,1,2,0,0,0
24,1,1,0,0,0
23,1,1,0,0,0
31,1,1,0,1,0
21,1,1,0,0,0
28,1,2,0,0,0
24,1,1,0,0,0
25,1,1,0,1,0
23,1,1,0,0,0
24,1,1,0,0,0
31,1,2,0,0,0
25,1,1,0,0,0
17,1,1,0,0,0
22,1,1,0,0,0
22,1,1,0,0,0
25,1,1,0,1,0
30,1,2,0,1,0
19,1,1,0,0,0
40,0,3,1,0,1
29,0,3,1,0,1
32,0,3,1,0,1
64,1,3,1,0,1
31,0,3,1,0,1
80,1,2,0,0,1
28,0,3,1,0,1
23,0,3,1,0,1
70,0,3,1,0,1
29,0,3,1,0,1
34,1,2,0,0,1
44,0,3,1,0,1
30,0,3,1,0,1
33,0,3,1,0,1
27,0,3,1,0,1
30,0,3,1,0,1
33,0,3,1,0,1
29,0,3,1,0,1
25,1,2,0,0,1
54,1,1,0,0,1
49,0,2,0,0,1
29,0,3,1,0,1
32,0,3,1,0,1
30,0,3,1,0,1
44,0,3,1,0,1
29,0,3,1,0,1
33,0,3,1,0,1
28,0,3,1,0,1
51,1,1,0,1,1
36,0,3,1,0,1
33,0,3,1,0,1
28,0,3,1,0,1
28,0,3,1,0,1
26,0,3,1,0,1
29,0,3,1,0,1
33,0,3,1,0,1
29,0,3,1,0,1
31,0,3,1,0,1
29,0,3,1,0,1
68,0,3,1,0,1
46,1,1,0,0,1
29,0,3,1,0,1
34,0,3,1,0,1
111,1,3,0,0,1
34,0,3,1,0,1
29,0,3,1,0,1
37,0,3,1,0,1
29,0,3,1,0,1
34,0,3,1,0,1
27,0,3,1,0,1
28,0,3,1,0,1
27,0,3,1,0,1
23,0,3,1,0,1
42,1,2,0,0,1
33,0,3,1,0,1
29,0,3,1,0,1
29,0,3,1,0,1
28,0,3,1,0,1
26,0,3,1,0,1
26,0,3,1,0,1
36,0,3,1,0,1
35,0,3,1,0,1
35,0,3,1,0,1
29,0,3,1,0,1
33,0,3,1,0,1
30,0,3,1,0,1
39,0,3,1,0,1
29,0,3,1,0,1
32,0,3,1,0,1
26,0,3,1,0,1
35,0,3,1,0,1
29,0,3,1,0,1
33,0,3,1,0,1
34,0,3,1,0,1
59,0,2,0,0,1
29,0,3,1,0,1
27,0,3,1,0,1
35,0,3,1,0,1
33,0,3,1,0,1
80,1,2,0,0,1
26,1,2,0,0,1
29,0,3,1,0,1
42,1,2,0,0,1
34,0,3,1,0,1
42,0,3,1,0,1
52,1,1,0,0,1
34,0,3,1,0,1
34,0,3,1,0,1
32,0,3,1,0,1
36,0,3,1,0,1
32,0,3,1,0,1
30,0,3,1,0,1
29,0,3,1,0,1
28,0,3,1,0,1
32,0,3,1,0,1
31,0,3,1,0,1
28,0,1,0,0,1
32,0,3,1,0,1
29,0,3,1,0,1
40,0,3,1,0,1
30,0,3,1,0,1
28,0,3,1,0,1
34,0,3,1,0,1
33,0,3,1,0,1
30,0,3,1,0,1
29,0,3,1,0,1
33,0,3,1,0,1
32,0,3,1,0,1
28,0,3,1,0,1
42,1,2,0,0,1
31,0,3,1,0,1
28,0,3,1,0,1
32,0,3,1,0,1
29,0,3,1,0,1
27,0,3,1,0,1
74,1,2,0,0,1
35,0,3,1,0,1
31,0,3,1,0,1
35,0,3,1,0,1
34,0,3,1,0,1
35,1,2,0,2,1
33,0,3,1,0,1
42,0,2,0,0,1
34,0,3,1,0,1
28,0,3,1,0,1
28,0,3,1,0,1
30,0,3,1,0,1
64,1,3,1,0,1
34,0,3,1,0,1
28,0,3,1,0,1
37,0,3,1,0,1
43,0,3,1,0,1
26,0,3,1,0,1
34,0,3,1,0,1
33,0,3,1,0,1
29,0,3,1,0,1
68,0,3,1,0,1
33,0,3,1,0,1
27,0,3,1,0,1
33,0,3,1,0,1
45,1,1,0,0,1
34,0,3,1,0,1
33,0,3,1,0,1
27,0,3,1,0,1
29,0,3,1,0,1
35,0,3,1,0,1
25,1,2,0,0,1
32,0,3,1,0,1
35,0,3,1,0,1
30,0,3,1,0,1
34,0,3,1,0,1
29,0,3,1,0,1
33,0,3,1,0,1
28,0,3,1,0,1
34,0,3,1,0,1
27,0,3,1,0,1
27,0,3,1,0,1
80,1,2,0,0,1
29,0,3,1,0,1
26,0,3,1,0,1
33,0,3,1,0,1
29,0,3,1,0,1
25,1,2,0,0,1
104,1,3,1,0,1
55,0,3,0,4,1
34,0,3,1,0,1
80,0,3,1,0,1
50,1,2,0,0,1
33,0,3,1,0,1
27,0,3,1,0,1
32,0,3,1,0,1
52,1,1,0,0,1
32,0,3,1,0,1
33,0,3,1,0,1
30,0,3,1,0,1
32,0,3,1,0,1
28,0,3,1,0,1
26,0,3,1,0,1
30,0,3,1,0,1
49,0,2,0,0,1
30,0,3,1,0,1
34,0,3,1,0,1
29,0,3,1,0,1
49,0,2,0,0,1
35,0,3,1,0,1
35,0,3,1,0,1
34,0,3,1,0,1
29,0,3,1,0,1
29,0,3,1,0,1
27,0,3,1,0,1
34,0,3,1,0,1
35,0,3,1,0,1
29,0,3,1,0,1
27,0,3,1,0,1
35,0,3,1,0,1
30,0,3,1,0,1
30,0,3,1,0,1
32,0,3,1,0,1
28,0,3,1,0,1
27,0,3,1,0,1
29,0,3,1,0,1
35,0,3,1,0,1
33,0,3,1,0,1
29,0,3,1,0,1
38,0,1,0,0,1
34,0,3,1,0,1
38,0,2,0,0,1
29,0,3,1,0,1
32,0,3,1,0,1
27,0,3,1,0,1
29,0,3,1,0,1
34,0,3,1,0,1
29,0,3,1,0,1
29,0,3,1,0,1
29,0,3,1,0,1
61,1,1,0,0,1
33,0,3,1,0,1
29,0,3,1,0,1
33,0,3,1,0,1
49,1,1,0,0,1
32,0,3,1,0,1
30,0,3,1,0,1
27,0,3,1,0,1
33,0,3,1,0,1
35,0,3,1,0,1
30,0,3,1,0,1
32,0,3,1,0,1
29,0,3,1,0,1
33,0,3,1,0,1
36,0,3,1,0,1
29,0,3,1,0,1
34,0,3,1,0,1
25,1,1,0,1,1
29,0,3,1,0,1
27,0,3,1,0,1
27,0,3,1,0,1
29,0,3,1,0,1
37,0,2,0,0,1
28,1,1,0,0,1
64,1,3,1,0,1
28,0,3,1,0,1
34,0,3,1,0,1
46,0,3,1,0,1
31,0,3,1,0,1
27,0,3,1,0,1
27,0,3,1,0,1
25,0,3,1,0,1
31,0,3,1,0,1
30,0,3,1,0,1
62,1,2,0,5,1
30,0,3,1,0,1
30,0,3,1,0,1
34,0,3,1,0,1
29,0,3,1,0,1
21,0,1,0,0,1
35,0,3,1,0,1
32,0,3,1,0,1
34,0,3,1,0,1
29,0,3,1,0,1
58,1,3,0,3,1
32,0,3,1,0,1
68,0,3,1,0,1
25,0,3,1,0,1
29,0,3,1,0,1
28,0,3,1,0,1
29,0,3,1,0,1
34,0,3,1,0,1
28,0,1,0,0,1
27,0,3,1,0,1
30,0,3,1,0,1
34,0,3,1,0,1
32,0,3,1,0,1
29,0,3,1,0,1
33,0,3,1,0,1
28,0,3,1,0,1
34,0,3,1,0,1
27,0,3,1,0,1
34,0,3,1,0,1
27,0,3,1,0,1
30,0,3,1,0,1
27,0,3,1,0,1
36,0,3,1,0,1
35,0,3,1,0,1
33,0,3,1,0,1
29,0,3,1,0,1
39,0,3,1,0,1
30,0,3,1,0,1
30,0,3,1,0,1
32,0,3,1,0,1
34,0,3,1,0,1
27,0,3,1,0,1
34,0,3,1,0,1
34,0,3,1,0,1
29,0,3,1,0,1
43,0,3,1,0,1
29,0,3,1,0,1
29,0,3,1,0,1
75,1,2,0,0,1
32,0,3,1,0,1
34,0,3,1,0,1
64,1,3,1,0,1
36,0,3,1,0,1
26,0,3,1,0,1
34,0,3,1,0,1
29,0,3,1,0,1
28,0,3,1,0,1
31,0,3,1,0,1
32,0,3,1,0,1
29,0,3,1,0,1
30,0,3,1,0,1
34,0,3,1,0,1
45,1,3,0,1,1
30,0,3,1,0,1
34,0,3,1,0,1
80,1,2,0,0,1
28,0,3,1,0,1
33,0,3,1,0,1
27,0,3,1,0,1
28,0,3,1,0,1
94,1,2,0,1,1
43,1,3,1,0,1
31,0,3,1,0,1
35,0,3,1,0,1
29,0,3,1,0,1
34,0,3,1,0,1
29,0,3,1,0,1
31,0,3,1,0,1
33,0,3,1,0,1
30,0,1,0,0,1
33,0,3,1,0,1
34,0,3,1,0,1
29,0,3,1,0,1
28,0,3,1,0,1
28,0,3,1,0,1
29,0,3,1,0,1
33,0,3,1,0,1
27,0,3,1,0,1
29,0,3,1,0,1
28,0,3,1,0,1
24,0,3,1,0,1
35,0,3,1,0,1
33,0,3,1,0,1
28,0,3,1,0,1
33,0,3,1,0,1
31,0,3,1,0,1
28,0,3,1,0,1
34,0,3,1,0,1
35,0,3,1,0,1
28,0,3,1,0,1
34,0,3,1,0,1
32,0,3,1,0,1
32,0,3,1,0,1
36,0,3,1,0,1
32,0,3,1,0,1
28,0,3,1,0,1
29,0,3,1,0,1
35,0,3,1,0,1
72,1,2,0,0,1
35,0,3,1,0,1
44,0,3,1,0,1
33,0,3,1,0,1
29,0,3,1,0,1
33,0,3,1,0,1
30,0,3,1,0,1
36,0,3,1,0,1
43,0,3,1,0,1
50,1,1,0,0,1
66,1,2,0,1,1
30,0,3,1,0,1
38,1,2,0,0,1
34,0,3,1,0,1
31,0,3,1,0,1
30,0,3,1,0,1
31,0,3,1,0,1
32,0,3,1,0,1
30,0,3,1,0,1
49,0,3,1,0,1
29,0,3,1,0,1
29,0,3,1,0,1
34,0,3,1,0,1
28,0,3,1,0,1
28,0,3,1,0,1
27,0,3,1,0,1
28,0,3,1,0,1
30,0,3,1,0,1
29,0,3,1,0,1
29,0,3,1,0,1
27,0,3,1,0,1
33,0,3,1,0,1
29,0,2,0,0,1
29,0,3,1,0,1
42,0,3,1,0,1
29,0,3,1,0,1
33,0,3,1,0,1
26,0,3,1,0,1
28,0,3,1,0,1
40,0,3,1,0,1
28,0,3,1,0,1
41,1,1,0,0,1
47,0,2,0,0,1
26,0,3,1,0,1
33,0,3,1,0,1
26,0,3,1,0,1
30,0,3,1,0,1
30,0,3,1,0,1
34,0,3,1,0,1
30,0,3,1,0,1
40,0,3,1,0,1
32,0,3,1,0,1
29,0,3,1,0,1
51,1,1,0,0,1
27,0,3,1,0,1
29,0,3,1,0,1
28,0,3,1,0,1
34,0,3,1,0,1
29,0,3,1,0,1
34,0,3,1,0,1
37,0,3,0,0,1
38,0,3,1,0,1
23,0,3,1,0,1
29,0,3,1,0,1
27,0,3,1,0,1
32,0,3,1,0,1
32,0,3,1,0,1
41,0,1,0,0,1
31,0,3,1,0,1
35,0,3,1,0,1
27,0,3,1,0,1
79,0,3,1,0,1
32,0,3,1,0,1
24,1,2,0,0,1
28,0,3,1,0,1
28,0,3,1,0,1
32,0,3,1,0,1
28,0,3,1,0,1
27,0,3,1,0,1
27,0,3,1,0,1
30,0,3,1,0,1
30,0,3,1,0,1
43,0,3,1,0,1
29,0,3,1,0,1
43,0,3,1,0,1
30,0,3,1,0,1
34,0,3,1,0,1
39,1,1,0,0,1
26,0,3,1,0,1
35,0,3,1,0,1
33,0,3,1,0,1
49,1,1,0,0,1
54,1,3,0,0,1
29,0,3,1,0,1
34,0,3,1,0,1
62,1,2,0,0,1
32,0,3,1,0,1
33,0,3,1,0,1
33,1,2,0,0,1
34,0,3,1,0,1
34,0,3,1,0,1
38,1,1,0,0,1
28,0,3,1,0,1
32,0,3,1,0,1
29,0,3,1,0,1
30,0,3,1,0,1
35,0,3,1,0,1
44,0,3,1,0,1
28,0,3,1,0,1
27,0,3,1,0,1
29,0,3,1,0,1
30,0,3,1,0,1
58,1,3,0,0,1
27,0,3,1,0,1
41,0,2,0,0,1
30,0,3,1,0,1
34,0,3,1,0,1
25,0,3,1,0,1
68,0,3,1,0,1
35,0,3,1,0,1
68,0,3,1,0,1
55,1,2,0,0,1
31,0,3,1,0,1
31,0,3,1,0,1
29,0,3,1,0,1
31,0,3,1,0,1
30,0,3,1,0,1
68,0,3,1,0,1
58,1,1,0,0,1
30,0,3,1,0,1
146,1,2,0,0,1
54,1,1,0,0,1
28,0,3,1,0,1
29,0,3,1,0,1
33,0,3,1,0,1
32,0,3,1,0,1
41,0,3,1,0,1
34,0,3,1,0,1
39,0,3,0,0,1
28,1,1,0,0,1
28,0,3,1,0,1
35,0,3,1,0,1
32,0,3,1,0,1
57,0,2,0,0,1
27,0,3,1,0,1
25,0,3,1,0,1
36,0,3,1,0,1
49,0,3,1,0,1
38,0,2,0,0,1
77,0,3,1,0,1
34,0,3,1,0,1
30,0,3,1,0,1
25,0,3,1,0,1
34,0,2,0,1,1
29,0,3,1,0,1
50,1,2,0,0,1
49,0,2,0,0,1
30,0,3,1,0,1
34,0,3,1,0,1
45,1,2,0,0,1
29,0,3,1,0,1
28,0,3,1,0,1
28,0,3,1,0,1
33,0,3,1,0,1
26,0,3,1,0,1
33,0,3,1,0,1
32,0,3,1,0,1
32,0,3,1,0,1
29,0,3,1,0,1
26,0,3,1,0,1
29,0,3,1,0,1
33,0,3,1,0,1
102,1,2,0,0,1
75,1,2,0,0,1
32,0,3,1,0,1
28,0,3,1,0,1
26,0,3,1,0,1
35,0,3,1,0,1
29,0,3,1,0,1
23,0,3,1,0,1
27,0,3,1,0,1
43,0,3,1,0,1
33,0,3,1,0,1
36,0,3,1,0,1
34,0,3,1,0,1
24,0,3,1,0,1
32,0,3,1,0,1
33,0,3,1,0,1
35,0,3,1,0,1
28,0,3,1,0,1
28,0,3,1,0,1
53,1,2,0,0,1
35,0,3,1,0,1
29,0,3,1,0,1
31,0,3,1,0,1
27,0,3,1,0,1
29,0,3,1,0,1
27,0,3,1,0,1
33,0,3,1,0,1
29,0,3,1,0,1
35,0,3,1,0,1
27,0,3,1,0,1
33,0,3,1,0,1
30,0,3,1,0,1
34,0,3,1,0,1
33,0,3,1,0,1
68,0,3,1,0,1
33,0,3,1,0,1
29,0,3,1,0,1
42,0,2,0,0,1
31,0,1,0,0,1
26,0,3,1,0,1
34,0,3,1,0,1
25,0,3,1,0,1
24,0,3,1,0,1
28,0,3,1,0,1
33,0,3,1,0,1
29,0,3,1,0,1
28,0,3,1,0,1
28,0,3,1,0,1
45,0,2,0,0,1
32,0,3,1,0,1
34,0,3,1,0,1
34,0,3,1,0,1
65,1,2,0,1,1
34,0,3,1,0,1
28,0,3,1,0,1
29,0,3,1,0,1
26,0,3,1,0,1
28,0,3,1,0,1
29,0,3,1,0,1
29,0,3,1,0,1
23,0,3,1,0,1
46,0,2,0,0,1
28,0,3,1,0,1
34,0,3,1,0,1
27,0,3,1,0,1
25,0,3,1,0,1
32,0,3,1,0,1
49,1,2,0,1,1
28,0,3,1,0,1
30,0,3,1,0,1
25,0,3,1,0,1
27,0,3,1,0,1
32,0,3,1,0,1
66,1,3,0,3,1
34,0,3,1,0,1
31,0,3,1,0,1
64,1,3,1,0,1
27,0,3,1,0,1
35,0,3,1,0,1
35,0,3,1,0,1
27,0,3,1,0,1
33,0,3,1,0,1
34,0,3,1,0,1
30,0,3,1,0,1
44,1,1,0,0,1
44,0,2,0,0,1
36,0,3,1,0,1
28,0,3,1,0,1
59,1,1,0,0,1
28,0,3,1,0,1
28,0,3,1,0,1
29,0,3,1,0,1
31,0,2,0,0,1
29,0,3,1,0,1
34,0,3,1,0,1
32,0,3,1,0,1
30,0,3,1,0,1
32,0,3,1,0,1
33,0,3,1,0,1
33,0,3,1,0,1
55,0,2,0,0,1
26,0,3,1,0,1
35,0,3,1,0,1
29,0,2,0,0,1
29,0,3,1,0,1
34,0,3,1,0,1
27,0,3,1,0,1
32,0,3,1,0,1
33,0,3,1,0,1
34,0,3,1,0,1
34,0,3,1,0,1
28,0,3,1,0,1
24,0,1,0,0,1
64,1,3,1,0,1
33,0,3,1,0,1
26,0,3,1,0,1
28,0,3,1,0,1
30,0,3,1,0,1
28,0,3,1,0,1
34,0,3,1,0,1
26,0,3,1,0,1
36,1,1,0,0,1
34,0,3,1,0,1
35,0,3,1,0,1
36,0,3,1,0,1
28,0,3,1,0,1
33,0,3,1,0,1
28,0,3,1,0,1
26,0,3,1,0,1
28,0,3,1,0,1
30,0,3,1,0,1
32,0,3,1,0,1
29,0,3,1,0,1
33,0,3,1,0,1
30,0,3,1,0,1
27,0,3,1,0,1
64,1,3,1,0,1
35,0,3,1,0,1
26,0,3,1,0,1
35,0,3,1,0,1
39,0,2,0,0,1
35,0,3,1,0,1
35,0,3,1,0,1
46,0,3,1,0,1
30,0,3,1,0,1
29,0,3,1,0,1
34,0,3,1,0,1
29,0,3,1,0,1
27,0,3,1,0,1
34,0,3,1,0,1
26,0,3,1,0,1
29,0,3,1,0,1
32,0,3,1,0,1
30,0,3,1,0,1
29,0,3,1,0,1
30,0,3,1,0,1
30,0,3,1,0,1
38,0,3,1,0,1
30,0,3,1,0,1
33,0,3,1,0,1
64,1,3,1,0,1
25,0,3,1,0,1
35,0,3,1,0,1
29,0,3,1,0,1
30,0,3,1,0,1
64,1,3,1,0,1
28,0,3,1,0,1
27,0,3,1,0,1
29,0,3,1,0,1
30,0,3,1,0,1
34,0,3,1,0,1
28,0,3,1,0,1
31,0,3,1,0,1
28,0,3,1,0,1
31,0,3,1,0,1
27,0,3,1,0,1
28,0,3,1,0,1
33,0,3,1,0,1
34,0,3,1,0,1
26,0,3,1,0,1
31,0,1,0,0,1
46,1,2,0,0,1
31,0,3,1,0,1
34,0,3,0,1,1
28,0,3,1,0,1
34,0,3,1,0,1
29,0,3,1,0,1
29,0,3,1,0,1
28,0,3,1,0,1
29,0,3,1,0,1
32,0,3,1,0,1
27,0,3,1,0,1
30,0,3,1,0,1
26,0,3,1,0,1
51,0,3,1,0,1
22,0,1,0,0,1
35,0,3,1,0,1
47,1,2,0,0,1
30,0,3,1,0,1
30,0,3,1,0,1
28,0,3,1,0,1
35,0,3,1,0,1
33,0,3,1,0,1
27,1,3,1,0,1
30,0,3,1,0,1
26,0,3,1,0,1
28,0,3,1,0,1
28,0,3,1,0,1
29,0,3,1,0,1
35,0,3,1,0,1
90,1,2,0,0,1
33,0,3,1,0,1
33,0,3,1,0,1
29,0,3,1,0,1
54,0,3,1,0,1
44,0,3,1,0,1
41,1,1,0,0,1
29,0,3,1,0,1
35,0,3,1,0,1
34,0,3,1,0,1
36,1,1,0,0,1
34,0,3,1,0,1
28,0,3,1,0,1
43,1,2,0,0,1
28,0,3,1,0,1
28,0,3,1,0,1
28,0,3,1,0,1
29,0,3,1,0,1
33,0,3,1,0,1
28,0,3,1,0,1
28,0,3,1,0,1
26,0,1,0,0,1
27,0,3,1,0,1
68,0,3,1,0,1
27,0,3,1,0,1
33,0,3,1,0,1
28,0,3,1,0,1
28,0,3,1,0,1
29,0,3,1,0,1
33,0,3,1,0,1
34,0,3,1,0,1
28,0,3,1,0,1
36,0,2,0,0,1
28,0,3,1,0,1
29,0,3,1,0,1
34,0,3,1,0,1
35,0,3,1,0,1
30,0,3,1,0,1
64,1,3,0,3,1
29,0,1,0,0,1
29,0,3,1,0,1
35,0,3,1,0,1
29,0,3,1,0,1
30,0,3,1,0,1
28,0,3,1,0,1
30,0,3,1,0,1
32,0,3,1,0,1
35,0,3,1,0,1
34,0,3,1,0,1
27,1,1,0,0,1
33,0,3,1,0,1
28,0,3,1,0,1
31,0,3,1,0,1
26,1,2,0,0,1
34,0,3,1,0,1
32,1,1,0,0,1
34,0,3,1,0,1
30,0,3,1,0,1
32,0,3,1,0,1
28,0,3,1,0,1
41,0,3,1,0,1
29,0,3,1,0,1
46,0,3,1,0,1
33,0,3,1,0,1
28,0,3,1,0,1
29,0,3,1,0,1
34,0,3,1,0,1
34,0,3,1,0,1
23,0,3,1,0,1
65,1,3,0,3,1
34,0,3,1,0,1
29,0,3,1,0,1
35,0,3,1,0,1
27,0,3,1,0,1
35,0,3,1,0,1
28,0,3,1,0,1
89,1,2,0,0,1
34,0,3,1,0,1
28,0,3,1,0,1
82,1,1,0,0,1
47,0,3,1,0,1
26,0,3,1,0,1
33,1,1,0,0,1
33,0,3,1,0,1
28,0,3,1,0,1
29,0,3,1,0,1
29,0,3,1,0,1
64,1,3,1,0,1
35,0,3,1,0,1
33,0,3,1,0,1
35,0,3,1,0,1
32,0,3,1,0,1
26,0,3,1,0,1
40,0,3,1,0,1
33,0,3,1,0,1
26,0,3,1,0,1
32,0,3,1,0,1
27,0,3,1,0,1
33,0,3,1,0,1
128,0,3,1,0,1
29,0,3,1,0,1
19,0,1,0,0,1
28,0,3,1,0,1
29,0,3,1,0,1
28,0,3,1,0,1
27,0,3,1,0,1
28,0,3,1,0,1
33,0,3,1,0,1
32,0,3,1,0,1
34,0,3,1,0,1
31,0,3,1,0,1
28,0,3,1,0,1
33,0,3,1,0,1
33,0,3,1,0,1
29,0,3,1,0,1
34,0,3,1,0,1
29,0,3,1,0,1
29,0,3,1,0,1
33,0,3,1,0,1
29,0,3,1,0,1
29,0,3,1,0,1
37,0,3,1,0,1
28,0,3,1,0,1
32,0,3,1,0,1
26,0,3,1,0,1
29,0,3,1,0,1
29,0,3,1,0,1
35,0,3,1,0,1
64,1,3,0,2,1
27,0,3,1,0,1
28,0,3,1,0,1
34,0,3,1,0,1
34,0,3,1,0,1
27,0,3,1,0,1
32,0,3,1,0,1
40,0,3,1,0,1
33,0,3,1,0,1
27,0,3,1,0,1
30,0,3,1,0,1
80,1,2,0,0,1
33,0,3,1,0,1
29,0,3,1,0,1
75,1,2,0,0,1
30,0,3,1,0,1
30,0,3,1,0,1
49,0,3,1,0,1
28,0,3,1,0,1
29,0,3,1,0,1
41,0,3,1,0,1
27,0,3,1,0,1
29,0,3,1,0,1
35,0,3,1,0,1
34,0,3,1,0,1
35,0,3,1,0,1
33,0,3,1,0,1
34,0,3,1,0,1
28,0,3,1,0,1
29,0,3,1,0,1
35,0,3,1,0,1
34,0,3,1,0,1
26,0,3,1,0,1
28,0,3,1,0,1
49,0,3,1,0,1
34,0,3,1,0,1
28,0,3,1,0,1
27,0,3,1,0,1
27,0,3,1,0,1
28,0,3,1,0,1
28,0,3,1,0,1
28,0,3,1,0,1
28,0,3,1,0,1
38,0,3,1,0,1
33,0,3,1,0,1
31,0,3,1,0,1
28,0,3,1,0,1
29,0,3,1,0,1
28,0,3,1,0,1
28,0,3,1,0,1
35,0,3,1,0,1
29,0,3,1,0,1
27,0,3,1,0,1
33,0,3,1,0,1
49,0,3,1,0,1
34,0,3,1,0,1
26,0,3,1,0,1
36,0,3,1,0,1
44,1,1,0,0,1
31,0,3,1,0,1
29,0,3,1,0,1
80,1,2,0,0,1
32,0,3,1,0,1
34,0,3,1,0,1
52,0,3,1,0,1
39,0,1,0,0,1
35,0,3,1,0,1
28,0,3,1,0,1
34,0,3,1,0,1
30,0,3,1,0,1
29,0,3,1,0,1
29,0,3,1,0,1
28,0,3,1,0,1
34,0,3,1,0,1
35,0,2,0,0,1
27,0,3,1,0,1
27,0,3,1,0,1
30,0,3,1,0,1
43,1,3,1,0,1
29,0,3,1,0,1
40,0,3,0,0,1
35,0,3,1,0,1
27,0,3,1,0,1
27,0,3,1,0,1
29,0,3,1,0,1
27,0,3,1,0,1
56,1,3,1,0,1
28,0,3,1,0,1
89,0,3,1,0,1
30,0,3,1,0,1
34,0,3,1,0,1
33,0,3,1,0,1
146,1,3,0,0,1
30,0,3,1,0,1
48,0,3,1,0,1
24,0,3,1,0,1
71,0,3,1,0,1
34,0,3,1,0,1
32,0,3,1,0,1
35,0,3,1,0,1
35,0,3,1,0,1
26,0,3,1,0,1
28,0,3,1,0,1
85,1,1,0,0,1
33,0,3,1,0,1
30,0,3,1,0,1
28,0,3,1,0,1
33,0,3,1,0,1
29,0,3,1,0,1
29,0,3,1,0,1
33,0,3,1,0,1
36,0,3,1,0,1
44,0,2,0,0,1
35,0,3,1,0,1
33,0,3,1,0,1
37,0,1,0,0,1
29,0,2,0,0,1
44,0,2,0,0,1
34,0,3,1,0,1
42,1,2,0,0,1
29,0,3,1,0,1
35,0,3,1,0,1
33,0,3,1,0,1
33,0,3,1,0,1
37,0,3,0,0,1
95,1,1,0,0,1
35,0,3,1,0,1
68,0,3,1,0,1
39,1,2,0,2,1
66,1,2,0,0,1
33,0,3,1,0,1
32,0,3,1,0,1
34,0,3,1,0,1
67,1,2,0,1,1
36,0,3,1,0,1
34,0,3,1,0,1
27,0,3,1,0,1
30,0,3,1,0,1
68,0,3,1,0,1
28,0,3,1,0,1
37,0,3,1,0,1
26,0,3,1,0,1
33,0,3,1,0,1
31,0,3,1,0,1
75,1,2,0,0,1
29,0,3,1,0,1
28,0,3,1,0,1
34,0,3,1,0,1
34,0,3,1,0,1
68,0,3,1,0,1
28,0,3,1,0,1
42,0,3,1,0,1
49,0,2,0,0,1
28,0,3,1,0,1
35,0,3,1,0,1
32,0,3,1,0,1
33,0,3,1,0,1
40,0,3,1,0,1
28,0,3,1,0,1
26,0,3,1,0,1
26,0,3,1,0,1
80,1,2,0,0,1
30,0,3,1,0,1
34,0,3,1,0,1
27,0,3,1,0,1
28,0,3,1,0,1
33,0,3,1,0,1
30,0,3,1,0,1
41,0,3,1,0,1
31,0,3,1,0,1
32,0,3,1,0,1
33,0,3,1,0,1
43,0,3,1,0,1
49,1,1,0,0,1
27,1,3,1,0,1
29,0,3,1,0,1
38,0,3,1,0,1
35,0,3,1,0,1
25,0,3,1,0,1
42,0,3,1,0,1
29,0,3,1,0,1
26,0,3,1,0,1
33,0,3,1,0,1
30,0,3,1,0,1
28,0,3,1,0,1
34,0,3,1,0,1
29,0,3,1,0,1
105,0,3,1,0,1
33,0,3,1,0,1
28,0,3,1,0,1
33,0,3,1,0,1
29,0,3,1,0,1
28,0,3,1,0,1
29,0,3,1,0,1
33,0,3,1,0,1
29,0,3,1,0,1
28,0,3,1,0,1
80,1,2,0,0,1
30,0,3,1,0,1
33,0,3,1,0,1
29,0,3,1,0,1
29,0,3,1,0,1
29,0,3,1,0,1
33,0,3,1,0,1
27,0,3,1,0,1
32,0,3,1,0,1
27,0,3,1,0,1
32,0,3,1,0,1
67,0,3,1,0,1
33,0,3,1,0,1
32,0,3,1,0,1
26,0,3,1,0,1
27,0,3,1,0,1
27,0,3,1,0,1
30,0,3,1,0,1
42,0,3,1,0,1
32,0,3,1,0,1
27,0,3,1,0,1
34,0,3,1,0,1
27,0,3,1,0,1
68,0,3,1,0,1
29,0,3,1,0,1
40,0,2,0,0,1
34,0,3,1,0,1
21,1,1,0,0,1
34,0,3,1,0,1
29,0,3,1,0,1
68,0,3,1,0,1
29,0,3,1,0,1
28,0,3,1,0,1
34,0,3,1,0,1
29,0,3,1,0,1
33,0,3,1,0,1
30,0,3,1,0,1
25,0,3,1,0,1
27,0,3,1,0,1
37,1,1,0,1,1
30,0,3,1,0,1
28,0,3,1,0,1
38,0,3,1,0,1
30,0,3,1,0,1
31,0,3,1,0,1
27,0,3,1,0,1
28,0,3,1,0,1
34,0,3,1,0,1
27,0,3,1,0,1
34,0,3,1,0,1
32,0,3,1,0,1
61,1,1,0,0,1
24,0,3,1,0,1
33,0,3,1,0,1
30,0,3,1,0,1
82,1,2,0,0,1
28,0,3,1,0,1
27,0,3,1,0,1
25,0,3,1,0,1
33,0,3,1,0,1
29,0,3,1,0,1
36,1,2,0,0,1
32,0,3,1,0,1
33,0,3,1,0,1
32,0,3,1,0,1
29,0,3,1,0,1
30,0,3,1,0,1
28,0,3,1,0,1
34,0,3,1,0,1
27,0,3,1,0,1
31,0,3,1,0,1
27,0,3,1,0,1
29,0,3,1,0,1
22,0,1,0,0,1
29,0,3,1,0,1
32,0,3,1,0,1
38,0,3,1,0,1
34,0,3,1,0,1
36,0,3,1,0,1
29,0,3,1,0,1
30,0,3,1,0,1
33,0,3,1,0,1
60,1,3,1,0,1
30,0,3,1,0,1
28,0,3,1,0,1
26,0,3,1,0,1
31,0,3,1,0,1
27,0,3,1,0,1
52,0,3,1,0,1
31,0,1,0,0,1
27,0,3,1,0,1
28,0,3,1,0,1
26,0,3,1,0,1
34,0,3,1,0,1
34,0,3,1,0,1
34,0,3,1,0,1
29,0,3,1,0,1
29,0,3,1,0,1
28,0,3,1,0,1
30,0,3,1,0,1
29,0,3,1,0,1
30,0,3,1,0,1
38,0,2,0,0,1
34,0,3,1,0,1
34,0,3,1,0,1
32,0,3,1,0,1
29,0,3,1,0,1
29,0,3,1,0,1
29,0,3,1,0,1
34,0,3,1,0,1
27,0,3,1,0,1
29,0,3,1,0,1
39,0,3,1,0,1
28,0,3,1,0,1
26,0,3,1,0,1
28,0,3,1,0,1
31,0,3,1,0,1
29,0,3,1,0,1
27,0,3,1,0,1
33,0,3,1,0,1
26,0,3,1,0,1
30,0,3,1,0,1
33,0,3,1,0,1
28,0,3,1,0,1
29,0,3,1,0,1
24,0,3,1,0,1
35,1,1,0,0,1
28,0,3,1,0,1
34,0,3,1,0,1
28,0,3,1,0,1
28,0,3,1,0,1
35,0,3,1,0,1
29,0,3,1,0,1
28,0,3,1,0,1
45,1,3,1,0,1
25,0,3,1,0,1
30,0,3,1,0,1
31,0,2,0,0,1
28,0,3,1,0,1
33,0,3,1,0,1
25,0,3,1,0,1
24,0,3,1,0,1
25,0,3,1,0,1
28,0,3,1,0,1
28,0,3,1,0,1
67,1,2,0,1,1
24,0,3,1,0,1
28,0,3,1,0,1
28,0,3,1,0,1
45,0,2,0,0,1
86,1,1,0,0,1
28,0,3,1,0,1
34,0,3,1,0,1
28,0,3,1,0,1
31,0,3,1,0,1
35,0,3,1,0,1
31,0,1,0,0,1
29,0,3,1,0,1
28,0,3,1,0,1
48,0,3,1,0,1
29,0,3,1,0,1
28,0,3,1,0,1
46,0,3,1,0,1
34,0,3,1,0,1
33,0,3,1,0,1
28,0,3,1,0,1
66,1,1,0,0,1
28,0,3,1,0,1
29,0,3,1,0,1
55,1,1,0,0,1
29,0,3,1,0,1
28,0,3,1,0,1
33,0,3,1,0,1
27,0,3,1,0,1
28,0,3,1,0,1
30,0,3,1,0,1
27,0,3,1,0,1
26,0,3,1,0,1
30,0,3,1,0,1
28,0,3,1,0,1
35,0,3,1,0,1
28,0,3,1,0,1
26,0,3,1,0,1
29,0,3,1,0,1
29,0,3,1,0,1
29,0,3,1,0,1
27,0,3,1,0,1
49,0,2,0,0,1
35,0,3,1,0,1
29,0,3,1,0,1
30,0,3,1,0,1
31,0,3,1,0,1
34,0,3,1,0,1
28,0,3,1,0,1
45,0,1,0,0,1
44,0,2,0,0,1
34,0,3,1,0,1
30,0,3,1,0,1
29,0,3,1,0,1
34,0,3,1,0,1
27,0,3,1,0,1
34,0,3,1,0,1
30,0,3,1,0,1
28,0,3,1,0,1
34,0,3,1,0,1
32,0,3,1,0,1
26,0,3,1,0,1
30,0,3,1,0,1
31,0,3,1,0,1
34,0,3,1,0,1
28,0,3,1,0,1
24,0,3,1,0,1
31,0,3,1,0,1
191,1,2,0,0,1
27,0,3,1,0,1
35,0,3,1,0,1
34,0,3,1,0,1
68,0,3,1,0,1
35,0,3,1,0,1
34,0,3,1,0,1
38,0,1,0,0,1
68,0,3,1,0,1
28,0,3,1,0,1
35,0,3,1,0,1
27,0,3,1,0,1
28,0,3,1,0,1
35,0,3,1,0,1
30,0,3,1,0,1
27,0,3,1,0,1
51,0,3,1,0,1
30,0,3,1,0,1
33,0,3,1,0,1
34,0,3,1,0,1
32,0,3,1,0,1
30,0,3,1,0,1
29,0,3,1,0,1
33,0,3,1,0,1
30,0,3,1,0,1
43,0,3,1,0,1
29,0,3,1,0,1
59,0,2,0,1,1
28,0,3,1,0,1
68,0,3,1,0,1
35,0,2,0,0,1
112,1,2,0,0,1
27,0,3,1,0,1
41,0,3,1,0,1
28,0,3,1,0,1
29,0,3,1,0,1
27,0,3,1,0,1
29,0,3,1,0,1
33,0,3,1,0,1
28,0,3,1,0,1
84,1,2,0,0,1
29,0,3,1,0,1
31,0,3,1,0,1
30,1,1,0,0,1
27,0,3,1,0,1
29,0,3,1,0,1
27,0,3,1,0,1
26,0,3,1,0,1
29,0,3,1,0,1
45,0,3,1,0,1
29,0,3,1,0,1
28,0,3,1,0,1
30,0,3,1,0,1
33,0,3,1,0,1
32,0,3,1,0,1
64,1,3,1,0,1
34,0,3,1,0,1
44,1,2,0,0,1
34,0,3,1,0,1
30,0,3,1,0,1
24,0,3,1,0,1
31,0,3,1,0,1
34,0,3,1,0,1
43,0,3,0,3,1
32,0,3,1,0,1
35,0,3,1,0,1
47,1,2,0,0,1
33,0,3,1,0,1
34,0,3,1,0,1
34,0,3,1,0,1
33,0,3,1,0,1
34,0,3,1,0,1
42,1,2,0,1,1
27,0,3,1,0,1
29,0,3,1,0,1
50,0,3,1,0,1
33,0,3,1,0,1
30,0,3,1,0,1
30,0,3,1,0,1
27,0,3,1,0,1
35,0,3,1,0,1
24,1,1,0,0,1
29,0,3,1,0,1
32,0,3,1,0,1
46,0,2,0,0,1
43,0,3,1,0,1
34,0,3,1,0,1
30,0,3,1,0,1
26,0,3,1,0,1
27,0,3,1,0,1
35,0,3,1,0,1
56,1,3,1,0,1
29,0,3,1,0,1
28,0,3,1,0,1
29,0,3,1,0,1
28,0,3,1,0,1
29,0,3,1,0,1
49,0,3,1,0,1
30,0,3,1,0,1
30,0,3,1,0,1
108,1,2,0,0,1
28,0,3,1,0,1
45,1,2,0,0,1
28,0,3,1,0,1
28,0,3,1,0,1
28,0,3,1,0,1
35,0,3,1,0,1
29,0,3,1,0,1
27,0,3,1,0,1
27,0,3,1,0,1
52,0,3,1,0,1
28,0,3,1,0,1
26,0,3,1,0,1
33,0,3,1,0,1
31,0,3,1,0,1
30,0,3,1,0,1
28,0,3,1,0,1
26,0,3,1,0,1
49,0,2,0,0,1
27,0,3,1,0,1
27,0,3,1,0,1
50,0,3,1,0,1
33,0,3,1,0,1
29,0,3,1,0,1
47,0,3,1,0,1
48,0,3,1,0,1
36,0,3,1,0,1
34,0,3,1,0,1
39,0,3,1,0,1
33,0,3,1,0,1
39,0,2,0,0,1
26,0,3,1,0,1
28,0,3,1,0,1
27,0,3,1,0,1
34,0,3,1,0,1
43,1,3,1,0,1
33,0,3,1,0,1
33,0,3,1,0,1
35,0,3,1,0,1
29,0,3,1,0,1
29,0,3,1,0,1
32,0,3,1,0,1
34,0,3,1,0,1
36,0,3,1,0,1
32,0,3,1,0,1
34,0,3,1,0,1
27,0,3,1,0,1
33,0,3,1,0,1
68,0,3,1,0,1
27,0,3,1,0,1
60,1,2,0,1,1
31,0,3,1,0,1
27,0,3,1,0,1
29,0,3,1,0,1
27,0,3,1,0,1
29,0,3,1,0,1
34,0,3,1,0,1
28,0,3,1,0,1
30,0,3,1,0,1
34,0,3,1,0,1
64,1,1,0,0,1
30,0,3,1,0,1
33,0,3,1,0,1
33,0,3,1,0,1
33,0,3,1,0,1
59,1,2,0,1,1
49,1,1,0,0,1
28,0,3,1,0,1
34,0,3,1,0,1
32,0,3,1,0,1
28,0,3,1,0,1
31,0,3,1,0,1
25,0,3,1,0,1
30,0,3,1,0,1
34,0,3,1,0,1
26,0,3,1,0,1
28,0,3,1,0,1
29,0,3,1,0,1
29,0,3,1,0,1
30,0,3,1,0,1
27,0,3,1,0,1
34,0,3,1,0,1
29,0,3,1,0,1
34,0,3,1,0,1
34,0,3,1,0,1
78,1,1,0,0,1
44,0,2,0,0,1
35,0,3,1,0,1
29,0,3,1,0,1
28,0,3,1,0,1
27,0,3,1,0,1
32,0,3,1,0,1
47,1,3,0,0,1
35,0,3,1,0,1
46,0,3,1,0,1
49,0,3,1,0,1
34,0,3,1,0,1
33,0,3,1,0,1
57,0,3,1,0,1
34,0,3,1,0,1
28,0,3,1,0,1
35,0,3,1,0,1
58,1,2,0,0,1
28,0,3,1,0,1
33,0,3,1,0,1
29,0,3,1,0,1
34,0,3,1,0,1
59,1,3,0,2,1
28,0,3,1,0,1
32,0,3,1,0,1
32,0,3,1,0,1
29,0,3,1,0,1
27,0,3,1,0,1
28,0,3,1,0,1
86,1,2,0,0,1
31,0,3,1,0,1
28,0,3,1,0,1
27,0,3,1,0,1
39,0,3,1,0,1
28,0,3,1,0,1
28,0,3,1,0,1
29,0,3,1,0,1
35,0,3,1,0,1
30,0,3,1,0,1
26,0,3,1,0,1
27,0,3,1,0,1
34,0,3,1,0,1
32,0,3,1,0,1
55,1,1,0,0,1
95,1,2,0,0,1
33,0,3,1,0,1
33,0,3,1,0,1
27,0,3,1,0,1
34,0,3,1,0,1
39,0,2,0,0,1
35,0,3,1,0,1
30,0,3,1,0,1
36,0,3,1,0,1
31,0,3,1,0,1
36,0,2,0,0,1
29,0,3,1,0,1
33,0,3,1,0,1
36,0,3,1,0,1
41,1,1,0,0,1
31,0,3,1,0,1
29,0,3,1,0,1
33,0,3,1,0,1
28,0,3,1,0,1
34,0,3,1,0,1
30,0,3,1,0,1
27,0,3,1,0,1
25,0,3,1,0,1
27,0,3,1,0,1
30,0,3,1,0,1
84,1,2,0,0,1
49,0,3,1,0,1
35,0,3,1,0,1
29,0,3,1,0,1
39,0,3,1,0,1
149,1,2,0,0,1
29,0,3,1,0,1
28,0,3,1,0,1
41,0,3,1,0,1
34,0,3,1,0,1
60,1,1,0,0,1
33,0,3,1,0,1
34,0,3,1,0,1
31,0,3,1,0,1
38,1,1,0,0,1
28,0,3,1,0,1
27,0,3,1,0,1
35,0,3,1,0,1
35,0,3,1,0,1
29,0,3,1,0,1
44,1,2,0,0,1
27,0,3,1,0,1
28,0,3,1,0,1
34,0,3,1,0,1
85,1,2,0,0,1
29,0,3,1,0,1
43,0,3,1,0,1
28,0,3,1,0,1
23,0,1,0,0,1
33,0,3,1,0,1
34,0,3,1,0,1
52,1,2,0,0,1
33,0,3,1,0,1
33,0,3,1,0,1
28,0,3,1,0,1
33,0,3,1,0,1
73,1,2,0,0,1
35,0,2,0,0,1
34,0,3,1,0,1
64,1,3,1,0,1
35,0,3,1,0,1
34,0,3,1,0,1
34,0,3,1,0,1
27,0,3,1,0,1
34,0,3,1,0,1
33,0,3,1,0,1
57,0,3,1,0,1
34,0,3,1,0,1
35,0,3,1,0,1
28,0,3,1,0,1
33,0,3,1,0,1
33,0,3,1,0,1
57,1,2,0,1,1
32,0,3,1,0,1
38,0,3,1,0,1
28,0,3,1,0,1
33,0,3,1,0,1
38,1,1,0,1,1
27,0,3,1,0,1
54,0,3,0,4,1
28,0,3,1,0,1
29,0,3,1,0,1
28,0,1,0,0,1
28,0,3,1,0,1
27,0,3,1,0,1
30,0,3,1,0,1
28,0,3,1,0,1
55,1,2,0,0,1
26,0,3,1,0,1
42,1,1,0,0,1
27,0,3,1,0,1
27,0,3,1,0,1
28,0,3,1,0,1
27,0,3,1,0,1
27,0,3,1,0,1
28,0,3,1,0,1
32,0,3,1,0,1
31,0,3,1,0,1
30,0,3,1,0,1
40,0,3,1,0,1
68,0,3,1,0,1
32,0,3,1,0,1
33,0,3,1,0,1
109,1,2,0,0,1
49,0,3,1,0,1
19,1,1,0,0,1
34,0,3,1,0,1
28,0,3,1,0,1
34,0,3,1,0,1
30,0,3,1,0,1
27,0,3,1,0,1
85,1,1,0,2,1
25,0,3,1,0,1
52,0,3,1,0,1
45,1,2,0,0,1
35,0,3,1,0,1
33,0,3,1,0,1
33,0,3,1,0,1
29,0,3,1,0,1
28,0,3,1,0,1
28,0,3,1,0,1
35,0,3,1,0,1
27,0,3,1,0,1
31,0,3,1,0,1
41,0,3,0,0,1
35,0,3,1,0,1
64,1,3,1,0,1
28,0,3,1,0,1
27,0,3,1,0,1
33,0,3,1,0,1
34,0,3,1,0,1
27,0,3,1,0,1
29,0,3,1,0,1
27,0,3,1,0,1
28,0,3,1,0,1
29,0,3,1,0,1
28,0,3,1,0,1
38,1,1,0,0,1
65,1,2,0,0,1
33,0,3,1,0,1
36,0,3,1,0,1
28,0,3,1,0,1
34,0,3,1,0,1
27,0,3,1,0,1
33,0,3,1,0,1
85,1,2,0,0,1
68,0,3,1,0,1
34,0,3,1,0,1
31,0,3,1,0,1
27,0,3,1,0,1
33,0,3,1,0,1
30,0,3,1,0,1
31,0,3,1,0,1
34,0,3,1,0,1
33,0,3,1,0,1
29,0,3,1,0,1
27,0,3,1,0,1
27,0,3,1,0,1
25,0,3,1,0,1
35,1,2,0,0,1
29,0,3,1,0,1
28,0,3,1,0,1
36,0,3,1,0,1
30,0,3,1,0,1
33,0,3,1,0,1
34,0,3,1,0,1
30,0,3,1,0,1
42,0,3,1,0,1
46,0,3,1,0,1
32,0,3,1,0,1
29,0,3,1,0,1
34,0,3,1,0,1
31,0,3,1,0,1
35,0,3,1,0,1
34,0,3,1,0,1
34,0,3,1,0,1
29,0,3,1,0,1
33,0,3,1,0,1
30,0,3,1,0,1
35,0,3,1,0,1
33,0,3,1,0,1
39,0,3,1,0,1
43,0,3,1,0,1
32,0,3,1,0,1
28,0,3,1,0,1
31,0,3,1,0,1
24,0,3,1,0,1
29,0,3,1,0,1
34,0,3,1,0,1
34,0,3,1,0,1
28,0,3,1,0,1
29,0,3,1,0,1
34,0,3,1,0,1
29,0,3,1,0,1
29,0,3,1,0,1
39,1,1,0,0,1
27,0,3,1,0,1
29,0,3,1,0,1
43,0,3,1,0,1
34,0,3,1,0,1
29,0,3,1,0,1
29,0,3,1,0,1
33,0,3,1,0,1
51,0,3,1,0,1
31,0,3,1,0,1
29,0,3,1,0,1
30,0,3,1,0,1
29,0,3,1,0,1
29,0,3,1,0,1
90,1,1,0,0,1
42,0,3,0,3,1
34,0,3,1,0,1
44,1,1,0,0,1
34,0,3,1,0,1
28,0,3,1,0,1
31,0,3,1,0,1
54,0,3,1,0,1
28,0,3,1,0,1
29,0,3,1,0,1
29,0,3,1,0,1
34,0,3,1,0,1
32,0,3,1,0,1
35,0,3,1,0,1
34,0,3,1,0,1
34,0,3,1,0,1
27,0,3,1,0,1
28,0,3,1,0,1
27,0,3,1,0,1
60,0,2,0,1,1
30,0,3,1,0,1
30,0,3,1,0,1
33,0,3,1,0,1
45,0,3,1,0,1
68,0,3,1,0,1
31,0,3,1,0,1
32,0,3,1,0,1
25,0,3,1,0,1
38,1,1,0,0,1
24,0,3,1,0,1
33,0,3,1,0,1
34,0,3,1,0,1
35,0,3,1,0,1
33,0,3,1,0,1
34,0,3,1,0,1
116,1,2,0,0,1
28,0,3,1,0,1
34,0,3,1,0,1
27,0,3,1,0,1
29,0,3,1,0,1
34,0,3,1,0,1
28,0,3,1,0,1
49,0,3,1,0,1
32,0,3,1,0,1
29,0,3,1,0,1
33,0,3,1,0,1
28,0,3,1,0,1
28,0,3,1,0,1
29,0,3,1,0,1
59,1,3,0,3,1
32,0,3,1,0,1
32,0,3,1,0,1
28,0,3,1,0,1
33,0,3,1,0,1
37,0,3,1,0,1
27,0,3,1,0,1
25,0,3,1,0,1
49,0,2,0,0,1
30,0,3,1,0,1
28,0,3,1,0,1
35,0,3,1,0,1
41,1,2,0,0,1
26,0,3,1,0,1
30,0,3,1,0,1
35,0,3,1,0,1
38,0,1,0,0,1
28,0,3,1,0,1
35,0,3,1,0,1
23,0,3,1,0,1
29,0,3,1,0,1
33,0,3,1,0,1
31,0,3,1,0,1
36,1,2,0,0,1
33,0,3,1,0,1
28,0,3,1,0,1
23,0,3,1,0,1
49,1,1,0,1,1
42,1,1,0,1,1
37,1,2,0,0,1
34,0,3,1,0,1
27,0,3,1,0,1
23,0,1,0,0,1
34,0,3,1,0,1
27,0,3,1,0,1
29,0,3,1,0,1
39,0,2,0,0,1
34,0,3,1,0,1
29,0,3,1,0,1
29,0,3,1,0,1
80,1,2,0,0,1
32,0,3,1,0,1
29,0,3,1,0,1
34,0,3,1,0,1
52,1,1,0,0,1
36,0,3,1,0,1
35,0,2,0,0,1
34,0,3,1,0,1
37,0,3,1,0,1
29,0,3,1,0,1
27,0,3,1,0,1
30,0,3,1,0,1
28,0,3,1,0,1
28,0,3,1,0,1
49,1,1,0,0,1
30,0,3,1,0,1
28,0,3,1,0,1
27,0,3,1,0,1
24,0,3,1,0,1
34,0,3,1,0,1
34,0,3,1,0,1
32,1,2,0,0,1
30,0,3,1,0,1
33,0,3,1,0,1
34,0,3,1,0,1
30,0,3,1,0,1
35,0,3,1,0,1
30,0,3,1,0,1
25,0,3,1,0,1
30,0,3,1,0,1
31,0,3,1,0,1
27,0,3,1,0,1
29,0,3,1,0,1
35,0,3,1,0,1
30,0,3,1,0,1
29,0,3,1,0,1
27,0,3,1,0,1
28,0,3,1,0,1
35,0,3,1,0,1
32,0,3,1,0,1
30,0,3,1,0,1
34,0,3,1,0,1
33,0,3,1,0,1
33,0,3,1,0,1
28,0,3,1,0,1
28,0,3,1,0,1
55,1,1,0,0,1
57,1,3,1,0,1
32,0,3,1,0,1
34,0,3,1,0,1
33,0,3,1,0,1
27,0,3,1,0,1
29,0,3,1,0,1
28,0,3,1,0,1
28,0,3,1,0,1
33,0,3,1,0,1
46,0,2,0,3,1
28,0,3,1,0,1
85,1,1,0,2,1
24,0,3,1,0,1
46,0,2,0,0,1
29,0,3,1,0,1
33,0,3,1,0,1
34,0,3,1,0,1
35,0,3,1,0,1
36,0,3,1,0,1
35,0,3,1,0,1
28,0,3,1,0,1
25,0,3,1,0,1
27,0,3,1,0,1
43,1,1,0,0,1
33,0,3,1,0,1
28,0,3,1,0,1
46,0,3,1,0,1
28,0,3,1,0,1
33,0,3,1,0,1
29,0,3,1,0,1
46,1,1,0,0,1
34,0,3,1,0,1
25,0,3,1,0,1
33,0,3,1,0,1
47,1,1,0,0,1
27,0,3,1,0,1
35,0,3,1,0,1
28,0,3,1,0,1
28,0,3,1,0,1
33,0,3,1,0,1
30,0,3,1,0,1
43,0,3,1,0,1
27,0,3,1,0,1
57,1,1,0,0,1
32,0,3,1,0,1
34,0,3,1,0,1
24,0,3,1,0,1
75,1,2,0,0,1
29,0,3,1,0,1
35,0,3,1,0,1
35,0,3,1,0,1
27,0,3,1,0,1
26,0,3,1,0,1
30,0,3,1,0,1
29,0,3,1,0,1
29,0,3,1,0,1
30,0,3,1,0,1
32,0,3,1,0,1
34,0,3,1,0,1
35,0,3,1,0,1
25,0,3,1,0,1
31,0,3,1,0,1
29,0,3,1,0,1
28,0,3,1,0,1
40,0,3,1,0,1
32,0,3,1,0,1
34,0,3,1,0,1
29,0,3,1,0,1
99,1,4,0,2,1
39,1,1,0,0,1
44,0,3,1,0,1
49,0,3,1,0,1
28,0,3,1,0,1
27,0,3,1,0,1
35,0,3,1,0,1
31,0,3,1,0,1
27,0,3,1,0,1
35,0,3,1,0,1
33,0,3,1,0,1
32,0,3,1,0,1
37,0,3,1,0,1
33,0,3,1,0,1
33,1,2,0,0,1
43,0,2,0,0,1
37,0,1,0,2,1
33,0,3,1,0,1
30,0,3,1,0,1
35,0,3,1,0,1
30,0,3,1,0,1
34,0,3,1,0,1
29,0,3,1,0,1
64,1,3,1,0,1
34,0,3,1,0,1
31,0,3,1,0,1
29,1,3,1,0,1
29,0,3,1,0,1
28,0,3,1,0,1
35,0,3,1,0,1
27,0,3,1,0,1
34,0,3,1,0,1
30,0,3,1,0,1
28,0,3,1,0,1
29,0,3,1,0,1
29,0,3,1,0,1
33,0,3,1,0,1
30,0,3,1,0,1
27,0,3,1,0,1
29,0,3,1,0,1
28,0,3,1,0,1
32,0,3,1,0,1
30,0,3,1,0,1
27,0,3,1,0,1
30,0,3,1,0,1
39,0,3,1,0,1
38,0,3,1,0,1
29,0,3,1,0,1
35,0,3,1,0,1
30,0,3,1,0,1
30,0,3,1,0,1
29,0,3,1,0,1
36,0,2,0,0,1
29,0,3,1,0,1
34,0,3,1,0,1
25,0,3,1,0,1
25,0,1,0,0,1
32,0,3,1,0,1
27,0,3,1,0,1
33,1,2,0,0,1
89,0,3,1,0,1
33,0,3,1,0,1
68,0,3,1,0,1
32,0,3,1,0,1
30,0,3,1,0,1
30,0,3,1,0,1
32,0,3,1,0,1
30,1,1,0,0,1
157,1,1,0,0,1
41,1,1,0,0,1
36,1,1,0,0,1
28,1,3,1,0,1
61,0,3,1,0,1
35,0,3,1,0,1
28,0,3,1,0,1
30,0,3,1,0,1
33,0,3,1,0,1
31,0,3,1,0,1
31,0,3,1,0,1
34,0,3,1,0,1
36,0,3,1,0,1
28,0,3,1,0,1
35,0,3,1,0,1
30,0,3,1,0,1
31,0,3,1,0,1
27,0,3,1,0,1
35,0,3,1,0,1
64,1,3,1,0,1
32,0,3,1,0,1
41,0,2,0,0,1
26,0,3,1,0,1
30,0,3,1,0,1
32,0,3,1,0,1
29,0,3,1,0,1
26,0,3,1,0,1
33,0,3,1,0,1
68,0,3,1,0,1
34,0,3,1,0,1
30,0,3,1,0,1
34,0,3,1,0,1
31,0,3,1,0,1
70,1,2,0,1,1
33,0,3,1,0,1
28,0,3,1,0,1
29,0,3,1,0,1
30,0,3,1,0,1
33,0,3,1,0,1
68,0,3,1,0,1
29,0,3,1,0,1
63,1,2,0,1,1
33,0,3,1,0,1
35,0,3,1,0,1
28,1,1,0,1,1
73,0,3,1,0,1
67,0,3,1,0,1
29,0,3,1,0,1
29,0,3,1,0,1
33,0,3,1,0,1
29,0,3,1,0,1
28,0,3,1,0,1
34,0,3,1,0,1
28,0,3,1,0,1
28,0,3,1,0,1
28,0,3,1,0,1
29,0,3,1,0,1
29,0,3,1,0,1
27,0,3,1,0,1
68,0,3,1,0,1
35,0,3,1,0,1
35,0,3,1,0,1
62,1,1,0,0,1
31,0,3,1,0,1
34,0,3,1,0,1
28,0,3,1,0,1
28,0,3,1,0,1
29,1,1,0,0,1
29,0,3,1,0,1
23,0,3,1,0,1
27,0,3,1,0,1
29,0,3,1,0,1
33,0,3,1,0,1
25,0,3,1,0,1
34,0,3,1,0,1
28,0,1,0,0,1
35,0,3,1,0,1
38,0,3,1,0,1
27,0,3,1,0,1
30,0,3,1,0,1
32,0,3,1,0,1
28,0,3,1,0,1
35,0,3,1,0,1
64,1,3,1,0,1
32,0,3,1,0,1
40,0,3,1,0,1
30,0,3,1,0,1
28,0,3,1,0,1
31,0,3,0,1,1
28,0,3,1,0,1
30,0,3,1,0,1
30,0,3,1,0,1
34,0,3,1,0,1
30,0,3,1,0,1
32,0,3,1,0,1
46,0,3,1,0,1
28,0,3,1,0,1
34,0,3,1,0,1
32,0,3,1,0,1
34,0,3,1,0,1
27,0,3,1,0,1
36,0,2,0,0,1
30,0,3,1,0,1
26,0,3,1,0,1
27,0,3,1,0,1
30,0,3,1,0,1
38,0,3,1,0,1
31,0,3,1,0,1
33,0,3,1,0,1
34,0,3,1,0,1
34,0,3,1,0,1
26,0,3,1,0,1
31,0,3,1,0,1
37,1,2,0,0,1
47,0,2,0,0,1
27,0,3,1,0,1
29,0,3,1,0,1
33,0,3,1,0,1
36,0,3,1,0,1
29,0,3,1,0,1
30,0,3,1,0,1
80,1,2,0,0,1
33,0,3,1,0,1
30,0,3,1,0,1
29,0,3,1,0,1
34,0,3,1,0,1
34,0,3,1,0,1
34,0,3,1,0,1
43,0,3,1,0,1
27,0,3,1,0,1
28,0,3,1,0,1
34,1,2,0,0,1
34,0,3,1,0,1
32,0,3,1,0,1
28,0,3,1,0,1
34,0,3,1,0,1
66,1,2,0,1,1
33,0,3,1,0,1
68,0,3,1,0,1
34,0,3,1,0,1
34,0,3,1,0,1
33,0,3,1,0,1
27,0,3,1,0,1
56,0,2,0,3,1
29,0,3,1,0,1
30,0,3,1,0,1
27,0,3,1,0,1
35,0,3,1,0,1
29,0,3,1,0,1
26,0,3,1,0,1
35,0,3,1,0,1
34,0,3,1,0,1
33,0,3,1,0,1
80,0,3,0,0,1
47,0,2,0,0,1
60,1,1,0,0,1
32,0,3,1,0,1
28,0,3,1,0,1
26,0,3,1,0,1
33,1,1,0,0,1
61,1,1,0,0,1
32,0,3,1,0,1
29,0,3,1,0,1
27,0,3,1,0,1
32,0,1,0,0,1
30,0,3,1,0,1
28,0,3,1,0,1
29,0,3,1,0,1
35,1,1,0,1,1
43,0,3,1,0,1
27,0,3,1,0,1
64,1,3,1,0,1
32,0,3,1,0,1
28,0,3,1,0,1
43,0,3,1,0,1
34,0,3,1,0,1
26,0,3,1,0,1
68,0,3,1,0,1
29,0,3,1,0,1
28,0,3,1,0,1
32,0,3,1,0,1
33,0,3,1,0,1
28,0,3,1,0,1
28,0,3,1,0,1
29,0,3,1,0,1
35,0,3,1,0,1
44,0,3,1,0,1
34,0,3,1,0,1
28,0,3,1,0,1
34,0,3,1,0,1
27,0,3,1,0,1
29,0,3,1,0,1
33,0,3,1,0,1
28,0,3,1,0,1
29,0,3,1,0,1
30,0,3,1,0,1
34,0,3,1,0,1
68,0,3,1,0,1
35,0,3,1,0,1
29,0,3,1,0,1
33,0,3,1,0,1
29,0,3,1,0,1
33,0,3,1,0,1
26,0,3,1,0,1
30,0,3,1,0,1
28,0,3,1,0,1
33,0,3,1,0,1
39,0,3,1,0,1
34,0,3,1,0,1
27,0,3,1,0,1
29,0,3,1,0,1
35,0,3,1,0,1
35,0,3,1,0,1
28,0,3,1,0,1
34,0,3,1,0,1
38,0,3,1,0,1
35,0,3,1,0,1
30,0,3,1,0,1
35,0,3,1,0,1
30,0,3,1,0,1
55,0,3,0,1,1
33,0,3,1,0,1
27,0,3,1,0,1
54,1,1,0,0,1
33,0,3,1,0,1
34,0,3,1,0,1
28,0,3,1,0,1
30,0,3,1,0,1
29,0,3,1,0,1
35,0,3,1,0,1
40,0,2,0,0,1
38,1,1,0,0,1
35,0,3,1,0,1
29,0,3,1,0,1
28,0,3,1,0,1
33,0,3,1,0,1
34,0,3,1,0,1
28,0,3,1,0,1
33,0,3,1,0,1
35,0,3,1,0,1
28,0,3,1,0,1
164,1,3,0,0,1
24,0,3,1,0,1
30,0,3,1,0,1
30,0,3,1,0,1
30,0,3,1,0,1
27,0,3,1,0,1
34,0,3,1,0,1
30,0,3,1,0,1
35,0,3,1,0,1
27,0,3,1,0,1
28,0,3,1,0,1
29,0,3,1,0,1
29,0,3,1,0,1
28,0,3,1,0,1
28,0,3,1,0,1
32,0,3,1,0,1
51,0,3,1,0,1
29,0,3,1,0,1
39,1,1,0,0,1
27,0,3,1,0,1
33,0,3,1,0,1
29,0,3,1,0,1
29,0,3,1,0,1
34,0,3,1,0,1
26,0,3,1,0,1
34,0,3,1,0,1
41,1,1,0,0,1
30,0,3,1,0,1
30,0,3,1,0,1
30,0,3,1,0,1
34,0,3,1,0,1
106,0,3,1,0,1
34,0,3,1,0,1
33,0,3,1,0,1
32,0,3,1,0,1
31,0,3,1,0,1
33,0,3,1,0,1
53,0,3,0,4,1
28,0,3,1,0,1
33,0,3,1,0,1
34,0,3,1,0,1
34,0,3,1,0,1
28,0,3,1,0,1
28,0,3,1,0,1
23,0,3,1,0,1
30,0,3,1,0,1
59,1,2,0,6,1
33,0,3,1,0,1
48,0,2,0,0,1
73,0,3,1,0,1
30,0,3,1,0,1
34,0,3,1,0,1
34,0,3,1,0,1
27,0,3,1,0,1
33,0,3,1,0,1
28,0,3,1,0,1
35,0,3,1,0,1
29,0,3,1,0,1
48,0,2,0,0,1
26,0,3,1,0,1
29,0,3,1,0,1
44,0,2,0,0,1
29,0,3,1,0,1
29,0,3,1,0,1
34,0,3,1,0,1
33,0,3,1,0,1
33,0,3,1,0,1
35,1,3,1,0,1
68,0,3,1,0,1
28,0,3,1,0,1
28,0,3,1,0,1
27,0,3,1,0,1
26,0,3,1,0,1
29,0,3,1,0,1
28,0,3,1,0,1
76,0,3,1,0,1
27,0,3,1,0,1
34,0,3,1,0,1
30,0,3,1,0,1
68,0,3,1,0,1
30,0,3,1,0,1
26,0,3,1,0,1
44,0,2,0,0,1
40,0,3,1,0,1
29,0,3,1,0,1
33,0,3,1,0,1
34,0,3,1,0,1
28,0,3,1,0,1
31,0,3,1,0,1
29,0,3,1,0,1
68,0,3,1,0,1
35,0,3,1,0,1
29,0,3,1,0,1
30,0,3,1,0,1
31,0,3,1,0,1
32,0,3,1,0,1
27,0,3,1,0,1
30,0,3,1,0,1
33,0,1,0,0,1
57,1,1,0,0,1
68,0,3,1,0,1
31,0,3,1,0,1
28,0,3,1,0,1
29,0,3,1,0,1
78,1,2,0,0,1
34,0,3,1,0,1
70,1,2,0,0,1
35,0,3,1,0,1
31,0,3,1,0,1
53,1,1,0,0,1
29,0,3,1,0,1
30,0,3,1,0,1
28,0,3,1,0,1
43,0,2,0,0,1
28,0,3,1,0,1
36,0,3,1,0,1
28,0,3,1,0,1
27,0,3,1,0,1
52,0,3,0,4,1
29,0,3,1,0,1
27,0,3,1,0,1
68,0,3,1,0,1
49,0,2,0,0,1
29,0,3,1,0,1
33,0,3,1,0,1
31,0,3,1,0,1
28,0,3,1,0,1
30,0,3,1,0,1
35,0,3,1,0,1
33,0,3,1,0,1
28,0,3,1,0,1
30,0,3,1,0,1
28,0,3,1,0,1
43,0,3,1,0,1
34,0,3,1,0,1
37,0,3,1,0,1
28,0,3,1,0,1
29,0,3,1,0,1
35,0,3,1,0,1
30,0,3,1,0,1
80,1,2,0,0,1
26,0,3,1,0,1
28,0,3,1,0,1
32,0,3,1,0,1
33,0,3,1,0,1
32,0,3,1,0,1
26,0,3,1,0,1
85,1,1,0,2,1
35,0,3,1,0,1
33,0,3,1,0,1
27,0,3,1,0,1
45,0,3,1,0,1
55,1,3,1,0,1
33,0,3,1,0,1
27,0,3,1,0,1
35,0,3,1,0,1
33,0,3,1,0,1
33,1,3,1,0,1
29,0,3,1,0,1
27,0,3,1,0,1
32,0,3,1,0,1
29,0,3,1,0,1
29,0,3,1,0,1
34,0,3,1,0,1
33,0,3,1,0,1
29,0,3,1,0,1
125,1,2,0,0,1
66,1,1,0,0,1
50,1,1,0,0,1
33,0,3,1,0,1
54,1,1,0,0,1
46,0,3,1,0,1
25,0,3,1,0,1
34,0,3,1,0,1
33,1,2,0,0,1
28,0,3,1,0,1
30,0,3,1,0,1
27,0,3,1,0,1
27,0,3,1,0,1
27,0,3,1,0,1
25,0,3,1,0,1
32,0,3,1,0,1
64,1,3,1,0,1
29,0,3,1,0,1
27,0,3,1,0,1
29,0,3,1,0,1
28,0,3,1,0,1
28,0,3,1,0,1
32,0,3,1,0,1
32,0,3,1,0,1
28,0,3,1,0,1
33,0,3,1,0,1
30,0,3,1,0,1
29,0,3,1,0,1
31,0,3,1,0,1
34,0,3,1,0,1
28,0,3,1,0,1
28,0,3,1,0,1
68,0,3,1,0,1
34,0,3,1,0,1
28,0,3,1,0,1
34,0,3,1,0,1
29,0,3,1,0,1
29,0,3,1,0,1
44,0,3,1,0,1
42,0,3,1,0,1
32,0,3,1,0,1
37,1,1,0,0,1
33,0,3,1,0,1
27,0,3,1,0,1
27,0,3,1,0,1
29,0,3,1,0,1
34,0,3,1,0,1
34,0,3,1,0,1
29,0,3,1,0,1
80,1,2,0,0,1
28,0,3,1,0,1
28,0,3,1,0,1
29,0,3,1,0,1
50,0,2,0,0,1
27,0,3,1,0,1
63,1,2,0,1,1
27,0,3,1,0,1
41,1,2,0,1,1
39,0,3,1,0,1
29,0,3,1,0,1
39,1,1,0,2,1
40,0,1,0,0,1
29,0,3,1,0,1
35,0,3,1,0,1
30,0,3,1,0,1
30,0,3,1,0,1
33,0,3,1,0,1
30,0,3,1,0,1
29,0,3,1,0,1
31,0,3,1,0,1
23,0,1,0,0,1
35,0,3,1,0,1
35,0,3,1,0,1
28,0,3,1,0,1
33,0,3,1,0,1
26,0,3,1,0,1
34,0,3,1,0,1
29,0,3,1,0,1
33,0,3,1,0,1
34,0,3,1,0,1
30,0,3,1,0,1
31,0,3,1,0,1
27,0,3,1,0,1
29,0,3,1,0,1
30,0,3,1,0,1
32,0,3,1,0,1
37,0,3,1,0,1
27,0,3,1,0,1
28,0,3,1,0,1
28,0,3,1,0,1
37,0,3,1,0,1
49,0,3,1,0,1
27,0,3,1,0,1
33,0,3,1,0,1
29,0,3,1,0,1
28,0,3,1,0,1
29,0,3,1,0,1
32,0,3,1,0,1
27,0,3,1,0,1
30,0,3,1,0,1
34,0,3,1,0,1
39,0,3,1,0,1
31,0,3,1,0,1
27,0,3,1,0,1
35,0,3,1,0,1
35,0,3,1,0,1
30,0,3,1,0,1
30,0,3,1,0,1
34,0,3,1,0,1
29,0,3,1,0,1
43,0,3,1,0,1
78,1,1,0,0,1
27,0,3,1,0,1
27,0,3,1,0,1
68,0,3,1,0,1
27,0,3,1,0,1
35,0,3,1,0,1
31,0,3,1,0,1
29,0,3,1,0,1
33,0,3,1,0,1
28,0,3,1,0,1
29,0,3,1,0,1
28,0,3,1,0,1
32,0,3,1,0,1
35,0,3,1,0,1
27,0,3,1,0,1
34,0,3,1,0,1
30,0,3,1,0,1
28,0,3,1,0,1
29,0,3,1,0,1
29,0,3,1,0,1
33,0,3,1,0,1
28,0,3,1,0,1
29,0,3,1,0,1
27,0,3,1,0,1
34,0,3,1,0,1
29,0,3,1,0,1
40,0,3,1,0,1
30,0,3,1,0,1
32,0,3,1,0,1
30,0,3,1,0,1
30,0,3,1,0,1
28,0,3,1,0,1
30,0,3,1,0,1
24,0,3,1,0,1
35,0,3,1,0,1
30,0,3,1,0,1
30,0,3,1,0,1
94,1,2,0,0,1
27,0,3,1,0,1
29,0,3,1,0,1
53,1,1,0,0,1
33,0,3,1,0,1
35,0,3,1,0,1
30,0,3,1,0,1
34,0,3,1,0,1
28,0,3,1,0,1
31,0,3,1,0,1
37,0,3,1,0,1
36,0,3,1,0,1
29,0,3,1,0,1
28,0,3,1,0,1
25,0,3,1,0,1
29,0,3,1,0,1
28,0,3,1,0,1
33,0,3,1,0,1
26,0,3,1,0,1
30,0,3,1,0,1
33,0,3,1,0,1
30,0,3,1,0,1
29,0,3,1,0,1
60,1,2,0,1,1
27,0,3,1,0,1
30,0,3,1,0,1
64,1,3,1,0,1
30,0,3,1,0,1
27,0,3,1,0,1
33,0,3,1,0,1
19,1,1,0,0,1
37,0,2,0,0,1
34,0,3,1,0,1
26,0,3,1,0,1
34,0,3,1,0,1
33,0,3,1,0,1
29,0,3,1,0,1
27,0,3,1,0,1
33,0,3,1,0,1
29,0,3,1,0,1
33,0,3,1,0,1
43,0,3,1,0,1
29,0,3,1,0,1
28,0,3,1,0,1
33,0,3,1,0,1
30,0,3,1,0,1
29,0,3,1,0,1
25,0,3,1,0,1
32,0,3,1,0,1
34,0,3,1,0,1
62,1,3,0,2,1
34,0,3,1,0,1
28,0,3,1,0,1
69,1,2,0,0,1
49,1,2,0,0,1
28,0,3,1,0,1
32,0,3,1,0,1
31,0,3,1,0,1
33,0,3,1,0,1
44,1,2,0,0,1
26,0,3,1,0,1
30,0,1,0,0,1
33,0,3,1,0,1
53,1,3,1,0,1
29,0,3,1,0,1
27,0,3,1,0,1
28,0,3,1,0,1
30,0,3,1,0,1
34,0,3,1,0,1
30,0,3,1,0,1
28,0,3,1,0,1
32,0,3,1,0,1
32,0,3,1,0,1
28,0,3,1,0,1
34,0,3,1,0,1
33,0,3,1,0,1
44,0,2,0,0,1
29,0,3,1,0,1
28,0,3,1,0,1
31,0,3,1,0,1
35,0,3,1,0,1
27,0,3,1,0,1
28,0,3,1,0,1
27,0,3,1,0,1
30,1,3,1,0,1
24,1,2,0,0,1
28,0,3,1,0,1
38,1,1,0,0,1
28,0,3,1,0,1
23,0,1,0,0,1
32,0,3,1,0,1
27,0,2,0,0,1
33,0,3,1,0,1
30,0,3,1,0,1
34,0,3,1,0,1
32,1,1,0,0,1
35,0,3,1,0,1
29,0,3,1,0,1
35,0,3,1,0,1
27,0,3,1,0,1
41,1,1,0,0,1
24,0,3,1,0,1
27,0,3,1,0,1
29,0,3,1,0,1
29,0,3,1,0,1
28,0,3,1,0,1
28,0,3,1,0,1
30,0,3,1,0,1
33,0,3,1,0,1
35,0,3,1,0,1
33,0,3,1,0,1
49,0,2,0,0,1
21,0,1,0,0,1
30,0,3,1,0,1
29,0,3,1,0,1
29,0,3,1,0,1
33,0,3,1,0,1
29,0,3,1,0,1
29,0,3,1,0,1
33,0,3,1,0,1
36,0,3,1,0,1
33,0,3,1,0,1
30,0,3,1,0,1
30,0,3,1,0,1
31,0,3,1,0,1
35,0,3,1,0,1
28,0,3,1,0,1
33,0,3,1,0,1
27,0,3,1,0,1
27,0,3,1,0,1
37,0,3,1,0,1
30,0,3,1,0,1
31,0,3,1,0,1
32,0,3,1,0,1
26,0,3,1,0,1
40,0,3,1,0,1
32,0,3,1,0,1
35,0,3,1,0,1
28,0,3,1,0,1
29,0,3,1,0,1
45,0,3,1,0,1
33,0,3,1,0,1
35,0,3,1,0,1
54,0,3,1,0,1
33,0,3,1,0,1
68,0,3,1,0,1
28,0,3,1,0,1
36,0,3,1,0,1
30,0,3,1,0,1
41,0,3,1,0,1
34,0,3,1,0,1
33,0,3,1,0,1
33,0,3,1,0,1
30,0,3,1,0,1
31,0,3,1,0,1
25,0,3,1,0,1
43,1,1,0,0,1
34,0,3,1,0,1
29,0,3,1,0,1
33,0,3,1,0,1
33,0,3,1,0,1
33,0,3,1,0,1
35,0,3,1,0,1
28,0,3,1,0,1
34,0,3,1,0,1
30,0,3,1,0,1
35,0,3,1,0,1
32,0,3,1,0,1
29,0,3,1,0,1
28,0,3,1,0,1
30,0,3,1,0,1
33,0,3,1,0,1
28,0,3,1,0,1
35,0,3,1,0,1
28,0,3,1,0,1
28,0,3,1,0,1
28,0,3,1,0,1
34,0,3,1,0,1
26,0,3,1,0,1
33,0,3,1,0,1
30,1,1,0,0,1
29,0,3,1,0,1
28,0,3,1,0,1
22,0,3,1,0,1
35,0,3,1,0,1
25,0,3,1,0,1
35,0,3,1,0,1
27,0,3,1,0,1
29,0,3,1,0,1
52,0,3,1,0,1
35,0,3,1,0,1
27,0,3,1,0,1
55,0,3,1,0,1
30,0,3,1,0,1
28,0,3,1,0,1
32,0,3,1,0,1
26,0,3,1,0,1
68,0,3,1,0,1
35,0,3,1,0,1
30,0,3,1,0,1
27,0,3,1,0,1
33,0,3,1,0,1
27,0,3,1,0,1
30,0,3,1,0,1
68,0,3,1,0,1
34,0,2,0,1,1
27,0,3,1,0,1
31,0,1,0,0,1
29,0,3,1,0,1
26,0,3,1,0,1
47,0,3,0,2,1
35,0,3,1,0,1
26,0,3,1,0,1
44,1,1,0,0,1
29,0,3,1,0,1
34,0,3,1,0,1
31,0,3,1,0,1
33,0,3,1,0,1
29,0,3,1,0,1
28,0,3,1,0,1
72,1,2,0,0,1
34,0,3,1,0,1
32,0,3,1,0,1
68,0,3,1,0,1
59,1,3,0,2,1
28,0,3,1,0,1
35,0,3,1,0,1
32,0,3,1,0,1
30,0,3,1,0,1
34,0,3,1,0,1
34,0,3,1,0,1
28,0,3,1,0,1
33,0,3,1,0,1
29,0,3,1,0,1
28,0,3,1,0,1
29,0,3,1,0,1
44,0,3,0,2,1
33,0,3,1,0,1
29,0,3,1,0,1
33,0,3,1,0,1
30,0,3,1,0,1
28,0,3,1,0,1
33,0,3,1,0,1
30,0,3,1,0,1
25,0,3,1,0,1
29,0,3,1,0,1
36,0,3,1,0,1
29,0,3,1,0,1
34,0,3,1,0,1
30,0,3,1,0,1
29,0,3,1,0,1
25,0,3,1,0,1
28,0,3,1,0,1
31,0,3,1,0,1
30,0,3,1,0,1
26,1,1,0,0,1
42,0,3,1,0,1
39,1,2,0,0,1
34,0,3,1,0,1
29,0,3,1,0,1
35,0,3,1,0,1
30,0,3,1,0,1
29,0,3,1,0,1
28,0,3,1,0,1
33,0,3,1,0,1
29,0,3,1,0,1
27,0,3,1,0,1
27,0,3,1,0,1
29,0,3,1,0,1
29,0,3,1,0,1
34,0,3,1,0,1
28,0,3,1,0,1
26,0,3,1,0,1
34,0,3,1,0,1
28,0,3,1,0,1
28,0,3,1,0,1
28,0,3,1,0,1
52,1,3,0,0,1
29,0,3,1,0,1
30,0,3,1,0,1
30,0,3,1,0,1
56,0,3,1,0,1
32,0,3,1,0,1
34,0,3,1,0,1
38,0,3,1,0,1
214,1,1,0,0,1
28,0,3,1,0,1
34,0,3,1,0,1
27,0,3,1,0,1
31,0,3,1,0,1
34,0,3,1,0,1
27,0,3,1,0,1
29,0,3,1,0,1
68,0,3,1,0,1
29,0,3,1,0,1
33,0,3,1,0,1
43,1,3,1,0,1
33,0,3,1,0,1
50,1,1,0,0,1
27,0,3,1,0,1
25,0,3,1,0,1
25,0,3,1,0,1
26,0,3,1,0,1
29,0,3,1,0,1
33,0,3,1,0,1
24,0,3,1,0,1
41,0,2,0,1,1
49,0,2,0,0,1
32,0,3,1,0,1
29,0,3,1,0,1
88,1,2,0,0,1
31,0,3,1,0,1
80,1,2,0,0,1
33,1,3,1,0,1
68,0,3,1,0,1
33,0,3,1,0,1
26,0,3,1,0,1
28,0,3,1,0,1
35,0,3,1,0,1
31,0,3,1,0,1
34,0,3,1,0,1
30,0,3,1,0,1
29,0,3,1,0,1
34,0,3,1,0,1
29,0,3,1,0,1
30,0,3,1,0,1
28,0,3,1,0,1
30,0,3,1,0,1
29,0,3,1,0,1
32,0,3,1,0,1
29,0,3,1,0,1
28,0,3,1,0,1
26,0,3,1,0,1
33,0,3,1,0,1
38,0,3,1,0,1
32,0,3,1,0,1
36,1,1,0,0,1
29,0,3,1,0,1
45,0,3,1,0,1
28,0,3,1,0,1
31,0,3,1,0,1
27,0,3,1,0,1
28,0,3,1,0,1
29,0,3,1,0,1
28,0,3,1,0,1
26,0,3,1,0,1
33,0,3,1,0,1
29,0,3,1,0,1
34,0,3,1,0,1
37,0,3,1,0,1
39,0,3,1,0,1
33,0,3,1,0,1
35,0,3,1,0,1
34,0,3,1,0,1
29,0,3,1,0,1
30,0,3,1,0,1
30,0,3,1,0,1
54,0,3,1,0,1
27,0,3,1,0,1
24,0,3,1,0,1
31,0,3,1,0,1
58,1,4,0,2,1
30,0,3,1,0,1
79,1,1,0,0,1
36,1,1,0,0,1
27,0,3,1,0,1
34,0,3,1,0,1
34,0,3,1,0,1
32,0,3,1,0,1
35,0,3,1,0,1
28,0,3,1,0,1
31,0,3,1,0,1
35,0,3,1,0,1
44,1,2,0,0,1
35,0,3,1,0,1
30,0,3,1,0,1
32,0,3,1,0,1
30,0,3,1,0,1
31,0,3,1,0,1
33,0,3,1,0,1
32,0,3,1,0,1
28,0,3,1,0,1
29,0,2,0,1,1
33,0,3,1,0,1
29,0,3,1,0,1
32,0,3,1,0,1
109,1,3,0,0,1
28,0,3,1,0,1
32,0,3,1,0,1
43,1,2,0,2,1
85,1,1,0,2,1
25,0,3,1,0,1
36,0,2,0,0,1
33,0,3,1,0,1
30,0,3,1,0,1
26,0,3,1,0,1
31,0,3,1,0,1
31,0,3,1,0,1
28,0,3,1,0,1
29,0,3,1,0,1
45,0,2,0,0,1
29,0,3,1,0,1
27,0,3,1,0,1
28,0,3,1,0,1
29,0,3,1,0,1
32,0,3,1,0,1
33,0,3,1,0,1
31,0,3,1,0,1
33,0,3,1,0,1
31,0,3,1,0,1
28,0,3,1,0,1
33,0,3,1,0,1
30,0,3,1,0,1
29,0,3,1,0,1
27,0,3,1,0,1
34,0,3,1,0,1
28,0,3,1,0,1
33,0,3,1,0,1
34,0,3,1,0,1
30,0,3,1,0,1
49,1,2,0,0,1
28,0,3,1,0,1
33,0,3,1,0,1
64,1,3,1,0,1
29,0,3,1,0,1
29,0,3,1,0,1
28,0,3,1,0,1
34,0,3,1,0,1
33,0,3,1,0,1
49,0,3,1,0,1
28,0,3,1,0,1
27,0,3,1,0,1
34,1,3,1,0,1
29,0,3,1,0,1
33,0,3,1,0,1
34,0,3,1,0,1
35,0,3,1,0,1
31,0,3,1,0,1
29,0,3,1,0,1
28,0,3,1,0,1
47,0,3,1,0,1
29,0,3,1,0,1
35,0,3,1,0,1
29,0,3,1,0,1
35,0,3,1,0,1
29,0,3,1,0,1
29,0,3,1,0,1
43,0,3,1,0,1
26,0,3,1,0,1
27,0,3,1,0,1
28,0,3,1,0,1
54,1,2,0,0,1
29,0,3,1,0,1
28,0,3,1,0,1
33,0,3,1,0,1
35,0,3,1,0,1
35,0,3,1,0,1
24,0,3,1,0,1
34,0,3,1,0,1
33,0,3,1,0,1
31,0,3,1,0,1
30,0,3,1,0,1
32,0,3,1,0,1
30,0,3,1,0,1
28,0,3,1,0,1
35,0,3,1,0,1
29,0,3,1,0,1
43,1,2,0,0,1
85,1,1,0,2,1
35,0,3,1,0,1
34,0,3,1,0,1
34,0,3,1,0,1
29,0,3,1,0,1
30,0,3,1,0,1
33,0,3,1,0,1
29,0,3,1,0,1
47,1,1,0,0,1
34,0,3,1,0,1
29,0,3,1,0,1
27,0,3,1,0,1
21,0,1,0,0,1
28,0,3,1,0,1
32,0,3,1,0,1
35,0,3,1,0,1
29,0,3,1,0,1
30,0,3,1,0,1
111,0,2,0,0,1
34,0,3,1,0,1
33,0,3,1,0,1
33,0,3,1,0,1
33,0,3,1,0,1
31,0,3,1,0,1
29,0,3,1,0,1
30,0,3,1,0,1
36,0,1,0,0,1
33,0,3,1,0,1
33,0,3,1,0,1
33,0,3,1,0,1
29,0,3,1,0,1
33,0,3,1,0,1
35,0,3,1,0,1
38,0,3,1,0,1
37,1,3,1,0,1
37,0,3,1,0,1
28,0,3,1,0,1
28,0,3,1,0,1
37,0,3,1,0,1
43,0,3,1,0,1
92,1,2,0,2,1
28,0,3,1,0,1
33,0,3,1,0,1
28,0,3,1,0,1
28,0,3,1,0,1
30,0,3,1,0,1
47,1,1,0,0,1
34,0,3,1,0,1
49,1,1,0,0,1
33,0,3,1,0,1
29,0,3,1,0,1
30,0,3,1,0,1
28,0,3,1,0,1
28,0,3,1,0,1
27,0,3,1,0,1
30,0,3,1,0,1
33,0,3,1,0,1
29,0,3,1,0,1
27,0,3,1,0,1
30,0,3,1,0,1
26,0,3,1,0,1
28,0,3,1,0,1
27,0,3,1,0,1
35,0,3,1,0,1
34,0,3,1,0,1
29,0,3,1,0,1
34,0,3,1,0,1
33,0,3,1,0,1
30,0,3,1,0,1
27,0,3,1,0,1
33,0,3,1,0,1
28,0,3,1,0,1
46,1,2,0,0,1
30,0,3,1,0,1
80,1,2,0,0,1
29,0,3,1,0,1
31,0,3,1,0,1
59,1,3,0,2,1
35,0,3,1,0,1
28,0,3,1,0,1
28,0,3,1,0,1
34,0,3,1,0,1
30,0,3,1,0,1
34,0,3,1,0,1
23,0,3,1,0,1
31,0,3,1,0,1
33,0,1,0,0,1
68,0,3,1,0,1
33,0,3,1,0,1
32,0,3,1,0,1
31,0,3,1,0,1
28,0,3,1,0,1
37,0,2,0,0,1
32,0,3,1,0,1
27,0,3,1,0,1
37,0,3,1,0,1
48,0,3,1,0,1
27,0,3,1,0,1
33,0,3,1,0,1
35,0,3,1,0,1
33,0,3,1,0,1
46,1,2,0,0,1
28,0,3,1,0,1
32,0,3,1,0,1
27,0,3,1,0,1
27,0,3,1,0,1
25,0,3,1,0,1
35,0,3,1,0,1
29,0,3,1,0,1
28,0,3,1,0,1
30,0,3,1,0,1
32,0,3,1,0,1
31,0,3,1,0,1
32,0,3,1,0,1
28,0,3,1,0,1
34,0,3,1,0,1
30,0,3,1,0,1
41,1,1,0,0,1
33,0,3,1,0,1
33,0,3,1,0,1
27,0,3,1,0,1
38,0,3,1,0,1
24,0,3,1,0,1
27,0,3,1,0,1
34,0,3,1,0,1
68,0,3,1,0,1
35,0,3,1,0,1
28,0,3,1,0,1
29,0,3,1,0,1
21,0,3,1,0,1
30,0,3,1,0,1
34,0,3,1,0,1
27,0,3,1,0,1
34,0,3,1,0,1
34,0,3,1,0,1
29,0,3,1,0,1
35,0,3,1,0,1
28,0,3,1,0,1
31,0,3,1,0,1
27,0,3,1,0,1
80,1,2,0,0,1
34,0,3,1,0,1
28,0,3,1,0,1
30,0,3,1,0,1
31,0,3,1,0,1
35,0,3,1,0,1
48,1,2,0,1,1
29,0,3,1,0,1
27,0,3,1,0,1
36,1,2,0,1,1
28,0,3,1,0,1
33,0,3,1,0,1
29,0,3,1,0,1
33,0,3,1,0,1
33,0,3,1,0,1
29,0,3,1,0,1
34,0,3,1,0,1
29,0,3,1,0,1
29,0,3,1,0,1
35,0,3,1,0,1
34,0,3,1,0,1
31,0,3,1,0,1
34,0,3,1,0,1
28,0,3,1,0,1
28,0,3,1,0,1
28,0,3,1,0,1
53,0,3,1,0,1
28,0,3,1,0,1
35,1,1,0,0,1
35,0,3,1,0,1
33,0,3,1,0,1
35,0,3,1,0,1
28,0,3,1,0,1
35,0,3,1,0,1
28,0,3,1,0,1
66,1,2,0,0,1
34,0,3,1,0,1
35,0,3,1,0,1
28,0,3,1,0,1
33,0,3,1,0,1
35,0,3,1,0,1
27,0,3,1,0,1
33,0,3,1,0,1
34,0,3,1,0,1
35,0,3,1,0,1
28,0,3,1,0,1
29,0,3,1,0,1
39,0,3,1,0,1
34,0,3,1,0,1
31,0,3,1,0,1
34,0,3,1,0,1
28,0,3,1,0,1
32,0,3,1,0,1
30,0,3,1,0,1
33,0,3,1,0,1
39,0,3,1,0,1
35,0,3,1,0,1
34,0,3,1,0,1
29,0,3,1,0,1
33,0,3,1,0,1
29,0,3,1,0,1
35,0,3,1,0,1
30,0,3,1,0,1
33,0,3,1,0,1
28,0,3,1,0,1
32,0,3,1,0,1
32,0,3,1,0,1
35,0,3,1,0,1
30,0,3,1,0,1
31,0,3,1,0,1
33,0,2,0,0,1
31,0,3,1,0,1
31,0,3,1,0,1
34,0,3,1,0,1
47,1,1,0,0,1
39,0,3,1,0,1
33,0,3,1,0,1
26,0,3,1,0,1
29,0,3,1,0,1
28,0,3,1,0,1
28,0,3,1,0,1
39,0,3,1,0,1
27,0,3,1,0,1
27,0,3,1,0,1
29,0,3,1,0,1
33,0,3,1,0,1
35,0,3,1,0,1
30,0,3,1,0,1
26,0,3,1,0,1
113,1,3,0,0,1
26,1,3,1,0,1
32,0,3,1,0,1
42,0,2,0,0,1
27,0,3,1,0,1
26,1,3,1,0,1
35,0,3,1,0,1
33,0,3,1,0,1
27,1,2,0,0,1
64,1,3,1,0,1
99,1,2,0,0,1
43,0,3,1,0,1
27,0,3,1,0,1
31,0,3,1,0,1
28,0,3,1,0,1
29,0,3,1,0,1
28,0,3,1,0,1
68,0,3,1,0,1
33,0,3,1,0,1
29,0,3,1,0,1
30,0,3,1,0,1
34,0,3,1,0,1
31,1,1,0,0,1
30,0,3,1,0,1
33,0,3,1,0,1
54,0,3,1,0,1
28,0,3,1,0,1
32,0,3,1,0,1
33,0,3,1,0,1
34,0,3,1,0,1
34,0,3,1,0,1
27,0,3,1,0,1
35,0,3,1,0,1
31,0,3,1,0,1
26,0,3,1,0,1
29,0,3,1,0,1
33,0,3,1,0,1
27,0,3,1,0,1
28,0,3,1,0,1
32,0,3,1,0,1
27,0,3,1,0,1
29,0,3,1,0,1
29,0,3,1,0,1
39,0,3,1,0,1
30,0,3,1,0,1
27,0,3,1,0,1
88,1,2,0,0,1
49,0,3,1,0,1
28,0,3,1,0,1
41,0,3,1,0,1
34,0,3,1,0,1
34,0,3,1,0,1
28,0,3,1,0,1
34,0,3,1,0,1
33,0,3,1,0,1
28,0,3,1,0,1
47,0,3,1,0,1
33,0,3,1,0,1
34,0,3,1,0,1
26,0,3,1,0,1
42,0,3,1,0,1
30,0,3,1,0,1
26,0,3,1,0,1
27,0,3,1,0,1
59,1,3,0,2,1
28,0,3,1,0,1
29,0,3,1,0,1
29,0,3,1,0,1
28,0,3,1,0,1
30,0,3,1,0,1
30,0,3,1,0,1
33,0,3,1,0,1
31,0,3,1,0,1
30,1,2,0,0,1
47,0,2,0,0,1
46,0,1,0,0,1
31,0,3,1,0,1
27,0,3,1,0,1
34,0,3,1,0,1
30,0,3,1,0,1
34,0,3,1,0,1
28,0,3,1,0,1
39,0,3,1,0,1
33,0,3,1,0,1
56,1,3,1,0,1
69,1,3,0,3,1
41,0,3,1,0,1
34,0,3,1,0,1
35,0,3,1,0,1
33,0,3,1,0,1
27,0,3,1,0,1
34,0,3,1,0,1
29,0,3,1,0,1
28,0,3,1,0,1
27,0,3,1,0,1
52,1,2,0,2,1
30,0,3,1,0,1
35,0,3,1,0,1
55,1,2,0,1,1
34,0,3,1,0,1
25,0,3,1,0,1
30,0,3,1,0,1
31,0,3,1,0,1
35,0,3,1,0,1
34,0,3,1,0,1
35,0,3,1,0,1
49,0,2,0,0,1
34,0,3,1,0,1
32,0,3,1,0,1
34,0,3,1,0,1
32,0,3,1,0,1
27,0,3,1,0,1
28,0,3,1,0,1
27,0,3,1,0,1
21,1,1,0,0,1
32,0,3,1,0,1
28,0,3,1,0,1
27,0,3,1,0,1
35,0,3,1,0,1
34,0,3,1,0,1
34,0,3,1,0,1
33,0,3,1,0,1
30,0,3,1,0,1
31,0,3,1,0,1
25,0,3,1,0,1
23,0,1,0,0,1
30,0,3,1,0,1
28,0,3,1,0,1
59,0,2,0,0,1
33,0,3,1,0,1
28,0,3,1,0,1
38,0,2,0,0,1
33,0,3,1,0,1
21,0,1,0,0,1
34,0,3,1,0,1
75,1,2,0,0,1
27,0,3,1,0,1
23,0,3,1,0,1
33,0,3,1,0,1
34,0,3,1,0,1
29,0,1,0,0,1
27,0,3,1,0,1
28,0,3,1,0,1
31,1,2,0,1,1
34,0,3,1,0,1
35,0,3,1,0,1
35,0,3,1,0,1
35,0,3,1,0,1
30,0,3,1,0,1
26,0,3,1,0,1
34,0,3,1,0,1
34,0,3,1,0,1
35,0,3,1,0,1
28,0,3,1,0,1
34,0,3,1,0,1
65,1,2,0,0,1
29,0,3,1,0,1
28,0,3,1,0,1
34,0,3,1,0,1
34,0,3,1,0,1
28,0,3,1,0,1
44,1,1,0,0,1
35,1,2,0,0,1
28,0,3,1,0,1
42,0,2,0,0,1
29,0,3,1,0,1
29,0,3,1,0,1
29,0,3,1,0,1
28,0,3,1,0,1
31,0,3,1,0,1
28,0,3,1,0,1
35,0,3,1,0,1
33,0,3,1,0,1
31,0,3,1,0,1
26,1,3,1,0,1
29,0,3,1,0,1
32,0,3,1,0,1
24,0,3,1,0,1
29,0,3,1,0,1
29,0,3,1,0,1
32,0,3,1,0,1
32,0,3,1,0,1
32,0,3,1,0,1
43,1,1,0,0,1
54,0,2,0,3,1
26,0,3,1,0,1
35,0,3,1,0,1
28,0,3,1,0,1
35,0,3,1,0,1
35,0,3,1,0,1
35,0,3,1,0,1
28,0,3,1,0,1
45,0,2,0,1,1
29,0,3,1,0,1
28,0,3,1,0,1
34,0,3,1,0,1
34,0,3,1,0,1
26,0,3,1,0,1
34,0,3,1,0,1
46,1,2,0,0,1
32,0,3,1,0,1
29,0,3,1,0,1
30,0,3,1,0,1
28,0,3,1,0,1
25,0,3,1,0,1
30,0,3,1,0,1
30,0,3,1,0,1
27,0,3,1,0,1
34,0,3,1,0,1
29,0,3,1,0,1
29,0,3,1,0,1
29,0,3,1,0,1
35,0,3,1,0,1
29,0,3,1,0,1
28,0,3,1,0,1
31,0,3,1,0,1
34,0,3,1,0,1
30,0,3,1,0,1
31,0,3,1,0,1
28,0,3,1,0,1
28,0,3,1,0,1
27,0,3,1,0,1
40,0,2,0,0,1
39,0,1,0,0,1
25,0,3,1,0,1
29,0,3,1,0,1
27,0,3,1,0,1
32,0,3,1,0,1
27,0,3,1,0,1
34,0,3,1,0,1
33,0,3,1,0,1
30,0,3,1,0,1
34,0,3,1,0,1
33,0,3,1,0,1
35,0,3,1,0,1
34,1,1,0,0,1
32,0,3,1,0,1
36,0,1,0,0,1
28,0,3,1,0,1
27,0,3,1,0,1
28,0,3,1,0,1
33,0,3,1,0,1
30,0,3,1,0,1
33,0,3,1,0,1
34,0,3,1,0,1
38,0,3,1,0,1
29,0,3,1,0,1
52,0,3,1,0,1
35,0,3,1,0,1
34,0,3,1,0,1
23,0,3,1,0,1
33,0,3,1,0,1
29,0,3,1,0,1
49,0,2,0,0,1
43,0,3,1,0,1
33,0,3,1,0,1
34,0,3,1,0,1
33,0,3,1,0,1
27,0,3,1,0,1
26,0,3,1,0,1
67,0,3,1,0,1
43,0,3,1,0,1
27,0,3,1,0,1
33,0,3,1,0,1
28,0,3,1,0,1
33,0,3,1,0,1
28,0,3,1,0,1
33,0,3,1,0,1
27,0,3,1,0,1
35,0,3,1,0,1
27,0,3,1,0,1
33,0,3,1,0,1
37,0,3,1,0,1
75,1,2,0,0,1
26,0,3,1,0,1
45,1,1,0,0,1
34,0,3,1,0,1
29,0,3,1,0,1
53,0,2,0,0,1
28,0,3,1,0,1
37,0,3,1,0,1
30,0,3,1,0,1
34,0,3,1,0,1
29,0,3,1,0,1
29,0,3,1,0,1
36,1,1,0,0,1
35,0,3,1,0,1
41,0,3,1,0,1
36,1,3,1,0,1
34,0,3,1,0,1
30,0,3,1,0,1
33,0,3,1,0,1
28,0,3,1,0,1
33,0,3,1,0,1
29,0,3,1,0,1
68,1,2,0,1,1
29,0,3,1,0,1
55,0,3,0,4,1
30,0,3,1,0,1
27,0,3,1,0,1
63,1,2,0,1,1
33,0,3,1,0,1
35,0,3,1,0,1
28,0,3,1,0,1
30,0,3,1,0,1
32,0,3,1,0,1
34,0,3,1,0,1
34,0,3,1,0,1
33,0,3,1,0,1
38,1,1,0,1,1
30,0,3,1,0,1
41,1,1,0,0,1
34,0,3,1,0,1
27,0,3,1,0,1
47,1,2,0,0,1
45,0,2,0,1,1
36,0,3,1,0,1
21,0,1,0,0,1
29,0,3,1,0,1
44,0,3,1,0,1
43,1,2,0,1,1
28,0,3,1,0,1
33,0,3,1,0,1
32,0,3,1,0,1
45,1,1,0,0,1
33,0,3,1,0,1
31,0,3,1,0,1
33,0,3,1,0,1
28,0,3,1,0,1
28,0,3,1,0,1
33,0,3,1,0,1
27,0,3,1,0,1
132,0,3,1,0,1
27,0,3,1,0,1
33,0,3,1,0,1
43,0,3,1,0,1
29,0,3,1,0,1
28,0,3,1,0,1
34,0,3,1,0,1
29,0,1,0,0,1
34,0,3,1,0,1
33,0,3,1,0,1
28,0,3,1,0,1
27,0,3,1,0,1
34,0,3,1,0,1
27,0,3,1,0,1
30,0,3,1,0,1
27,0,3,1,0,1
35,0,3,1,0,1
34,0,3,1,0,1
32,1,2,0,0,1
34,0,3,1,0,1
26,0,2,0,0,1
34,0,3,1,0,1
30,0,3,1,0,1
28,0,3,1,0,1
33,0,3,1,0,1
32,0,3,1,0,1
34,0,3,1,0,1
19,1,1,0,0,1
29,0,3,1,0,1
35,0,3,1,0,1
29,0,3,1,0,1
29,0,3,1,0,1
34,0,3,1,0,1
34,0,3,1,0,1
34,0,3,1,0,1
33,0,3,1,0,1
30,0,3,1,0,1
32,0,3,1,0,1
71,0,3,1,0,1
34,0,3,1,0,1
29,0,3,1,0,1
28,0,3,1,0,1
50,0,3,1,0,1
27,0,3,1,0,1
33,0,3,1,0,1
29,0,3,1,0,1
54,0,3,1,0,1
31,0,3,1,0,1
33,0,3,1,0,1
37,0,3,1,0,1
33,0,3,1,0,1
35,0,3,1,0,1
35,0,3,1,0,1
38,0,3,1,0,1
38,1,1,0,0,1
41,0,3,1,0,1
28,0,3,1,0,1
29,0,3,1,0,1
28,0,3,1,0,1
44,0,3,1,0,1
35,0,3,1,0,1
29,0,3,1,0,1
68,0,3,1,0,1
33,0,3,1,0,1
28,1,1,0,0,1
49,1,1,0,0,1
34,1,1,0,1,1
80,1,2,0,0,1
43,1,3,1,0,1
32,0,3,1,0,1
29,0,3,1,0,1
28,0,3,1,0,1
30,0,3,1,0,1
27,0,3,1,0,1
27,0,3,1,0,1
28,0,3,1,0,1
32,0,3,1,0,1
33,0,3,1,0,1
28,0,3,1,0,1
38,0,3,1,0,1
34,0,3,1,0,1
34,0,3,1,0,1
29,0,3,1,0,1
33,0,3,1,0,1
29,0,3,1,0,1
27,0,3,1,0,1
29,0,3,1,0,1
29,0,3,1,0,1
28,0,3,1,0,1
30,0,3,1,0,1
28,0,3,1,0,1
34,0,3,1,0,1
45,0,3,1,0,1
27,0,3,1,0,1
31,0,3,1,0,1
37,0,3,0,0,1
35,0,3,1,0,1
23,0,3,1,0,1
32,0,3,1,0,1
35,0,3,1,0,1
27,0,3,1,0,1
32,0,3,1,0,1
30,0,3,1,0,1
26,0,3,1,0,1
34,0,3,1,0,1
32,0,3,1,0,1
33,0,3,1,0,1
68,0,3,1,0,1
35,0,3,1,0,1
27,0,3,1,0,1
28,0,3,1,0,1
29,0,3,1,0,1
23,0,3,1,0,1
35,0,3,1,0,1
29,0,3,1,0,1
29,0,3,1,0,1
29,0,3,1,0,1
27,0,3,1,0,1
27,0,3,1,0,1
32,0,3,1,0,1
34,0,3,1,0,1
26,0,3,1,0,1
31,0,3,1,0,1
29,0,3,1,0,1
34,0,3,1,0,1
34,0,3,1,0,1
34,0,3,1,0,1
29,0,3,1,0,1
50,0,3,1,0,1
75,1,2,0,0,1
33,0,3,1,0,1
33,0,3,1,0,1
29,0,3,1,0,1
49,1,1,0,1,1
29,0,3,1,0,1
33,0,3,1,0,1
30,0,3,1,0,1
34,0,3,1,0,1
27,0,3,1,0,1
31,0,3,1,0,1
19,1,1,0,0,1
28,0,3,1,0,1
33,0,3,1,0,1
36,0,3,1,0,1
34,0,3,1,0,1
36,0,2,0,0,1
35,0,3,1,0,1
34,0,3,1,0,1
27,0,3,1,0,1
68,0,3,1,0,1
45,1,2,0,0,1
30,0,3,1,0,1
33,0,3,1,0,1
26,0,3,1,0,1
30,0,3,1,0,1
29,0,3,1,0,1
29,0,3,1,0,1
27,0,3,1,0,1
29,0,3,1,0,1
32,0,3,1,0,1
30,0,3,1,0,1
31,0,3,1,0,1
29,0,3,1,0,1
58,1,2,0,1,1
35,0,3,1,0,1
28,0,3,1,0,1
33,0,3,1,0,1
30,0,3,1,0,1
33,0,3,1,0,1
26,0,3,1,0,1
184,1,3,0,0,1
43,0,2,0,0,1
20,0,1,0,0,1
28,0,3,1,0,1
35,0,3,1,0,1
55,0,3,0,4,1
32,0,3,1,0,1
30,0,3,1,0,1
46,1,2,0,0,1
30,0,3,1,0,1
33,0,3,1,0,1
29,0,3,1,0,1
35,0,3,1,0,1
28,0,3,1,0,1
33,0,3,1,0,1
32,0,3,1,0,1
35,0,3,1,0,1
29,0,3,1,0,1
31,0,3,1,0,1
30,0,3,1,0,1
34,0,3,1,0,1
158,1,3,0,0,1
44,0,2,0,0,1
34,0,3,1,0,1
89,0,3,1,0,1
33,0,3,1,0,1
53,0,3,1,0,1
28,0,3,1,0,1
48,1,1,0,0,1
29,0,3,1,0,1
29,0,3,1,0,1
45,1,2,0,1,1
26,0,3,1,0,1
34,0,3,1,0,1
28,0,3,1,0,1
26,0,3,1,0,1
29,0,3,1,0,1
28,0,3,1,0,1
34,0,3,1,0,1
34,0,3,1,0,1
29,0,3,1,0,1
32,0,3,1,0,1
46,1,3,0,1,1
27,0,3,1,0,1
28,0,3,1,0,1
33,0,3,1,0,1
81,1,2,0,0,1
43,0,3,0,3,1
28,0,3,1,0,1
35,0,3,1,0,1
68,0,3,1,0,1
30,0,3,1,0,1
35,0,3,1,0,1
30,0,3,1,0,1
32,0,3,1,0,1
34,0,3,1,0,1
24,0,3,1,0,1
27,0,3,1,0,1
27,0,3,1,0,1
39,0,3,1,0,1
27,0,3,1,0,1
24,0,3,1,0,1
29,0,3,1,0,1
27,0,3,1,0,1
28,0,3,1,0,1
26,0,3,1,0,1
29,0,3,1,0,1
33,0,3,1,0,1
34,0,3,1,0,1
42,0,3,1,0,1
27,0,3,1,0,1
35,0,3,1,0,1
37,0,3,1,0,1
28,0,3,1,0,1
31,0,3,1,0,1
33,0,3,1,0,1
27,0,3,1,0,1
27,0,3,1,0,1
32,0,3,1,0,1
30,0,3,1,0,1
33,0,3,1,0,1
29,0,3,1,0,1
34,0,3,1,0,1
28,0,3,1,0,1
27,0,3,1,0,1
64,1,3,1,0,1
36,0,3,1,0,1
67,1,2,0,1,1
28,0,3,1,0,1
32,0,3,1,0,1
34,0,3,1,0,1
29,0,3,1,0,1
108,1,3,0,0,1
34,0,3,1,0,1
29,0,3,1,0,1
27,0,3,1,0,1
27,0,3,1,0,1
32,0,3,1,0,1
33,0,3,1,0,1
28,0,3,1,0,1
28,0,3,1,0,1
28,0,3,1,0,1
34,0,3,1,0,1
34,0,3,1,0,1
29,0,3,1,0,1
34,0,3,1,0,1
30,0,3,1,0,1
80,1,1,0,0,1
35,0,3,1,0,1
32,0,3,1,0,1
29,0,3,1,0,1
81,1,2,0,0,1
35,0,3,1,0,1
26,0,3,1,0,1
51,1,1,0,1,1
31,0,3,1,0,1
40,0,3,1,0,1
34,0,3,1,0,1
29,0,3,1,0,1
33,0,3,1,0,1
35,0,3,1,0,1
34,0,3,1,0,1
42,0,2,0,1,1
28,0,3,1,0,1
30,0,3,1,0,1
33,0,3,1,0,1
38,0,3,1,0,1
29,0,3,1,0,1
31,0,3,1,0,1
27,0,3,1,0,1
80,1,2,0,0,1
35,0,3,1,0,1
54,1,3,1,0,1
44,0,3,1,0,1
46,1,2,0,2,1
33,0,3,1,0,1
32,0,3,1,0,1
35,0,3,1,0,1
34,0,3,1,0,1
27,0,3,1,0,1
35,0,3,1,0,1
31,0,3,1,0,1
31,0,3,1,0,1
68,0,3,1,0,1
27,0,3,1,0,1
34,0,3,1,0,1
33,0,3,1,0,1
32,0,3,1,0,1
58,0,3,0,1,1
33,0,3,1,0,1
28,0,3,1,0,1
35,0,3,1,0,1
30,0,3,1,0,1
30,0,3,1,0,1
35,0,3,1,0,1
28,0,3,1,0,1
29,0,3,1,0,1
27,0,3,1,0,1
27,0,3,1,0,1
30,0,1,0,0,1
35,0,3,1,0,1
47,1,1,0,0,1
27,0,3,1,0,1
28,0,3,1,0,1
30,0,3,1,0,1
30,0,3,1,0,1
33,0,3,1,0,1
29,0,3,1,0,1
27,0,3,1,0,1
33,0,3,1,0,1
29,0,3,1,0,1
29,0,3,1,0,1
64,1,3,1,0,1
30,0,3,1,0,1
49,0,3,1,0,1
31,0,3,1,0,1
29,0,3,1,0,1
35,0,3,1,0,1
31,0,3,1,0,1
29,0,3,1,0,1
27,0,3,1,0,1
41,0,3,1,0,1
130,1,3,0,0,1
30,0,3,1,0,1
27,0,3,1,0,1
34,0,3,1,0,1
28,0,3,1,0,1
33,0,3,1,0,1
33,0,3,1,0,1
31,0,3,1,0,1
33,0,3,1,0,1
31,0,3,1,0,1
70,0,3,1,0,1
29,0,3,1,0,1
44,0,2,0,0,1
34,0,3,1,0,1
29,0,3,1,0,1
35,0,3,1,0,1
34,0,3,1,0,1
34,0,2,0,0,1
36,0,3,1,0,1
29,0,3,1,0,1
28,0,3,1,0,1
32,0,3,1,0,1
38,0,1,0,0,1
27,0,3,1,0,1
28,0,3,1,0,1
34,0,3,1,0,1
27,0,3,1,0,1
29,0,3,1,0,1
34,0,3,1,0,1
26,0,3,1,0,1
29,0,3,1,0,1
30,0,3,1,0,1
28,0,3,1,0,1
29,0,3,1,0,1
49,0,3,1,0,1
35,0,3,1,0,1
28,0,3,1,0,1
33,0,3,1,0,1
41,0,2,0,0,1
35,0,3,1,0,1
28,0,3,1,0,1
28,0,3,1,0,1
29,0,3,1,0,1
29,0,3,1,0,1
90,1,2,0,0,1
30,0,3,1,0,1
30,0,3,1,0,1
52,1,1,0,0,1
29,0,3,1,0,1
35,0,3,1,0,1
32,0,3,1,0,1
29,1,2,0,1,1
34,0,3,1,0,1
26,0,3,1,0,1
29,0,3,1,0,1
30,0,3,1,0,1
29,0,3,1,0,1
33,0,3,1,0,1
34,0,3,1,0,1
28,0,3,1,0,1
33,0,3,1,0,1
33,0,3,1,0,1
34,0,3,1,0,1
50,0,3,1,0,1
29,0,3,1,0,1
32,1,1,0,1,1
30,0,3,1,0,1
28,0,3,1,0,1
30,0,3,1,0,1
27,0,3,1,0,1
33,0,3,1,0,1
34,0,3,1,0,1
30,0,3,1,0,1
29,0,3,1,0,1
29,0,3,1,0,1
35,0,3,1,0,1
29,0,3,1,0,1
29,0,3,1,0,1
31,0,3,1,0,1
32,0,3,1,0,1
27,0,3,1,0,1
34,0,3,1,0,1
55,1,3,0,2,1
34,0,3,1,0,1
35,0,3,1,0,1
239,1,2,0,0,1
35,0,3,1,0,1
26,0,3,1,0,1
27,0,3,1,0,1
30,0,3,1,0,1
28,0,3,1,0,1
33,0,3,1,0,1
38,0,2,0,0,1
64,1,3,1,0,1
28,0,3,1,0,1
27,0,3,1,0,1
34,0,3,1,0,1
28,0,3,1,0,1
26,0,3,1,0,1
35,0,3,1,0,1
24,0,3,1,0,1
34,0,3,1,0,1
35,0,3,1,0,1
31,0,3,1,0,1
30,0,3,1,0,1
33,0,3,1,0,1
27,0,3,1,0,1
28,0,3,1,0,1
28,0,3,1,0,1
28,0,3,1,0,1
29,0,3,1,0,1
27,0,3,1,0,1
49,0,2,0,0,1
27,0,3,1,0,1
28,0,3,1,0,1
25,0,3,1,0,1
29,0,3,1,0,1
25,0,3,1,0,1
37,0,3,1,0,1
82,1,2,0,0,1
29,0,3,1,0,1
33,0,3,1,0,1
30,0,3,1,0,1
32,0,3,1,0,1
31,0,3,1,0,1
30,0,3,1,0,1
29,0,3,1,0,1
31,0,3,1,0,1
34,0,3,1,0,1
29,0,3,1,0,1
80,1,2,0,0,1
64,1,3,1,0,1
37,0,3,1,0,1
27,0,3,1,0,1
28,0,3,1,0,1
29,0,3,1,0,1
35,0,3,1,0,1
44,0,3,1,0,1
28,0,3,1,0,1
52,0,3,1,0,1
39,0,3,1,0,1
27,0,3,1,0,1
32,0,3,1,0,1
50,1,1,0,0,1
28,0,3,1,0,1
28,0,3,1,0,1
29,0,3,1,0,1
27,0,3,1,0,1
33,0,3,1,0,1
37,0,2,0,0,1
46,1,3,0,3,1
26,0,3,1,0,1
35,0,3,1,0,1
32,0,3,1,0,1
33,0,3,1,0,1
38,0,1,0,0,1
29,0,3,1,0,1
26,1,2,0,0,1
30,0,3,1,0,1
29,0,3,1,0,1
30,0,3,1,0,1
25,0,3,1,0,1
34,0,3,1,0,1
35,0,3,1,0,1
54,0,3,1,0,1
33,0,3,1,0,1
34,0,3,1,0,1
29,0,3,1,0,1
34,0,3,1,0,1
44,0,3,1,0,1
26,0,3,1,0,1
35,0,3,1,0,1
26,0,3,1,0,1
30,0,3,1,0,1
35,0,3,1,0,1
64,1,2,0,1,1
30,0,3,1,0,1
42,0,2,0,0,1
33,0,3,1,0,1
31,0,3,1,0,1
40,1,1,0,0,1
34,0,3,1,0,1
32,0,3,1,0,1
80,1,2,0,0,1
29,0,3,1,0,1
68,0,3,1,0,1
30,0,3,1,0,1
91,1,2,0,0,1
29,0,3,1,0,1
22,0,1,0,0,1
35,0,3,1,0,1
33,0,3,1,0,1
33,0,3,1,0,1
33,0,3,1,0,1
34,1,3,0,1,1
49,0,3,1,0,1
40,0,3,1,0,1
29,0,3,1,0,1
26,0,3,1,0,1
80,1,2,0,0,1
33,0,3,1,0,1
34,0,3,1,0,1
34,0,3,1,0,1
32,0,3,1,0,1
29,0,3,1,0,1
51,1,1,0,0,1
49,0,3,1,0,1
29,0,3,1,0,1
26,0,3,1,0,1
30,0,3,1,0,1
26,0,3,1,0,1
34,0,3,1,0,1
32,0,3,1,0,1
30,0,3,1,0,1
27,0,3,1,0,1
29,0,3,1,0,1
34,0,3,1,0,1
27,0,3,1,0,1
29,0,3,1,0,1
28,0,3,1,0,1
27,0,3,1,0,1
31,0,3,1,0,1
34,0,3,1,0,1
49,0,3,1,0,1
34,0,3,1,0,1
30,0,3,1,0,1
34,0,3,1,0,1
31,0,3,1,0,1
60,1,3,1,0,1
30,0,3,1,0,1
28,0,3,1,0,1
31,0,3,1,0,1
29,0,3,1,0,1
30,0,3,1,0,1
33,0,3,1,0,1
24,0,3,1,0,1
35,0,3,1,0,1
29,0,3,1,0,1
41,1,2,0,1,1
30,0,3,1,0,1
27,0,3,1,0,1
30,0,3,1,0,1
33,0,3,1,0,1
28,0,3,1,0,1
33,0,3,1,0,1
34,0,3,1,0,1
33,0,3,1,0,1
27,0,3,1,0,1
27,0,3,1,0,1
35,0,3,1,0,1
30,0,3,1,0,1
34,0,3,1,0,1
34,0,3,1,0,1
33,0,3,1,0,1
28,0,3,1,0,1
27,0,3,1,0,1
33,0,3,1,0,1
36,0,3,1,0,1
35,0,3,1,0,1
29,0,3,1,0,1
29,0,3,1,0,1
29,0,3,1,0,1
28,0,3,1,0,1
67,0,3,1,0,1
27,0,3,1,0,1
29,0,3,1,0,1
68,0,3,1,0,1
30,0,3,1,0,1
33,1,2,0,2,1
35,0,2,0,0,1
33,0,3,1,0,1
29,0,3,1,0,1
26,0,3,1,0,1
34,0,3,1,0,1
34,0,3,1,0,1
36,0,3,1,0,1
29,0,3,1,0,1
29,0,3,1,0,1
30,0,3,1,0,1
28,0,3,1,0,1
53,1,3,1,0,1
30,0,3,1,0,1
44,0,3,1,0,1
30,0,3,1,0,1
44,1,1,0,0,1
31,0,3,1,0,1
26,0,3,1,0,1
26,0,3,1,0,1
33,0,3,1,0,1
29,0,3,1,0,1
26,0,3,1,0,1
36,0,3,1,0,1
33,0,3,1,0,1
28,0,3,1,0,1
28,0,3,1,0,1
54,1,3,1,0,1
30,1,1,0,0,1
29,0,3,1,0,1
47,0,3,1,0,1
28,0,3,1,0,1
34,0,3,1,0,1
29,0,3,1,0,1
31,0,3,1,0,1
34,0,3,1,0,1
33,0,3,1,0,1
27,0,3,1,0,1
35,0,3,1,0,1
29,0,3,1,0,1
35,0,3,1,0,1
29,0,3,1,0,1
30,0,3,1,0,1
30,0,3,1,0,1
27,0,3,1,0,1
33,0,3,1,0,1
27,0,3,1,0,1
35,1,2,0,0,1
33,0,3,1,0,1
34,1,3,1,0,1
25,0,1,0,0,1
28,0,3,1,0,1
191,1,2,0,0,1
29,0,3,1,0,1
28,0,3,1,0,1
40,0,3,1,0,1
57,1,3,1,0,1
39,0,3,1,0,1
34,0,3,1,0,1
27,0,3,1,0,1
59,1,3,0,2,1
28,0,3,1,0,1
29,0,3,1,0,1
34,0,3,1,0,1
34,0,3,1,0,1
26,1,2,0,0,1
27,0,3,1,0,1
28,0,3,1,0,1
34,0,3,1,0,1
27,0,3,1,0,1
32,0,3,1,0,1
32,0,3,1,0,1
27,0,3,1,0,1
27,0,3,1,0,1
35,0,3,1,0,1
25,0,3,1,0,1
33,0,3,1,0,1
42,0,3,1,0,1
33,0,3,1,0,1
49,1,1,0,0,1
64,1,3,1,0,1
29,0,3,1,0,1
28,0,3,1,0,1
44,1,3,1,0,1
33,0,3,1,0,1
33,0,3,1,0,1
30,0,3,1,0,1
32,0,3,1,0,1
29,0,3,1,0,1
33,0,3,1,0,1
32,0,3,1,0,1
46,1,2,0,0,1
35,0,3,1,0,1
38,0,3,1,0,1
27,0,3,1,0,1
64,1,3,1,0,1
27,0,3,1,0,1
36,0,3,1,0,1
34,0,3,1,0,1
32,0,3,1,0,1
57,1,4,0,0,1
33,0,3,1,0,1
59,0,3,1,0,1
34,0,3,1,0,1
27,0,3,1,0,1
30,0,3,1,0,1
34,0,3,1,0,1
30,0,3,1,0,1
35,0,3,1,0,1
36,0,3,1,0,1
30,0,3,1,0,1
34,0,3,1,0,1
43,0,3,1,0,1
36,0,3,1,0,1
68,0,3,1,0,1
27,0,3,1,0,1
34,0,3,1,0,1
36,0,3,1,0,1
38,0,3,1,0,1
29,0,3,1,0,1
35,0,3,1,0,1
37,0,3,1,0,1
32,0,3,1,0,1
42,1,2,0,0,1
29,0,3,1,0,1
30,0,3,1,0,1
29,0,3,1,0,1
29,0,3,1,0,1
55,1,1,0,0,1
26,0,3,1,0,1
30,0,3,1,0,1
28,0,1,0,0,1
23,0,3,1,0,1
35,0,3,1,0,1
30,0,3,1,0,1
37,0,3,1,0,1
34,1,1,0,1,1
30,0,3,1,0,1
35,0,3,1,0,1
30,0,3,1,0,1
24,0,3,1,0,1
28,0,3,1,0,1
29,0,3,1,0,1
29,0,3,1,0,1
28,0,3,1,0,1
33,0,3,1,0,1
33,0,3,1,0,1
28,0,3,1,0,1
33,0,3,1,0,1
30,0,3,1,0,1
38,0,3,1,0,1
34,0,3,1,0,1
31,1,2,0,0,1
29,0,3,1,0,1
68,0,3,1,0,1
85,1,1,0,2,1
28,0,3,1,0,1
31,0,3,1,0,1
101,1,1,0,1,1
28,0,3,1,0,1
33,0,3,1,0,1
34,0,3,1,0,1
34,0,3,1,0,1
28,0,3,1,0,1
27,0,3,1,0,1
32,0,3,1,0,1
35,0,3,1,0,1
35,0,3,1,0,1
29,0,3,1,0,1
29,0,3,1,0,1
29,0,3,1,0,1
28,0,3,1,0,1
45,1,3,1,0,1
31,0,3,1,0,1
33,0,3,1,0,1
68,0,3,1,0,1
33,0,3,1,0,1
29,0,3,1,0,1
34,0,3,1,0,1
35,0,3,1,0,1
29,0,3,1,0,1
28,0,3,1,0,1
32,0,3,1,0,1
33,0,3,1,0,1
34,0,3,1,0,1
26,0,3,1,0,1
30,0,3,1,0,1
35,0,3,1,0,1
30,0,3,1,0,1
73,1,2,0,0,1
34,0,3,1,0,1
26,0,3,1,0,1
34,0,3,1,0,1
34,0,3,1,0,1
34,0,3,1,0,1
34,0,3,1,0,1
34,0,3,1,0,1
35,0,3,1,0,1
29,0,3,1,0,1
30,0,3,1,0,1
35,0,3,1,0,1
34,0,3,1,0,1
29,0,3,1,0,1
33,1,1,0,0,1
29,0,3,1,0,1
27,0,3,1,0,1
35,0,3,1,0,1
49,0,2,0,0,1
32,0,3,1,0,1
34,0,3,1,0,1
38,1,2,0,1,1
30,0,3,1,0,1
25,0,3,1,0,1
28,0,3,1,0,1
32,0,3,1,0,1
39,0,3,1,0,1
49,0,2,0,0,1
156,1,3,0,0,1
28,0,3,1,0,1
28,0,3,1,0,1
35,1,1,0,0,1
38,0,3,1,0,1
35,0,3,1,0,1
29,0,3,1,0,1
32,0,3,1,0,1
35,0,3,1,0,1
48,0,3,1,0,1
32,0,3,1,0,1
27,0,3,1,0,1
52,1,3,0,2,1
30,0,3,1,0,1
33,0,3,1,0,1
68,0,3,1,0,1
30,0,3,1,0,1
174,1,3,0,0,1
42,1,1,0,1,1
35,0,3,1,0,1
30,0,3,1,0,1
33,0,3,1,0,1
80,1,2,0,0,1
35,0,3,1,0,1
29,0,3,1,0,1
32,0,3,1,0,1
34,0,3,1,0,1
27,0,3,1,0,1
30,0,3,1,0,1
28,0,3,1,0,1
35,0,3,1,0,1
34,0,3,1,0,1
28,0,3,1,0,1
29,0,3,1,0,1
28,0,3,1,0,1
31,0,3,1,0,1
28,0,3,1,0,1
28,0,3,1,0,1
33,0,3,1,0,1
28,0,3,1,0,1
35,0,3,1,0,1
29,0,3,1,0,1
33,0,3,1,0,1
54,1,1,0,0,1
26,0,3,1,0,1
49,0,3,1,0,1
26,0,3,1,0,1
34,0,3,1,0,1
28,0,3,1,0,1
32,0,3,1,0,1
26,0,3,1,0,1
35,0,3,1,0,1
30,0,3,1,0,1
34,0,3,1,0,1
27,0,3,1,0,1
62,1,4,0,2,1
32,0,3,1,0,1
30,0,3,1,0,1
29,0,3,1,0,1
37,1,2,0,0,1
68,0,3,1,0,1
28,0,3,1,0,1
30,0,3,1,0,1
26,0,3,1,0,1
32,0,3,1,0,1
37,0,2,0,0,1
28,0,3,1,0,1
75,1,2,0,0,1
26,0,3,1,0,1
34,0,3,1,0,1
68,0,3,1,0,1
32,0,3,1,0,1
37,0,3,1,0,1
26,0,3,1,0,1
88,1,2,0,0,1
25,0,3,1,0,1
28,0,3,1,0,1
27,0,3,1,0,1
85,1,1,0,2,1
45,1,1,0,0,1
27,0,3,1,0,1
47,1,3,0,1,1
29,0,3,1,0,1
32,0,3,1,0,1
27,0,3,1,0,1
25,0,3,1,0,1
29,0,3,1,0,1
27,0,3,1,0,1
31,0,3,1,0,1
35,0,3,1,0,1
32,0,3,1,0,1
29,0,3,1,0,1
49,1,1,0,0,1
32,0,3,1,0,1
29,0,3,1,0,1
29,0,3,1,0,1
78,1,3,0,3,1
29,0,3,1,0,1
27,0,3,1,0,1
27,0,3,1,0,1
89,1,1,0,0,1
32,0,3,1,0,1
29,0,3,1,0,1
33,0,3,1,0,1
97,1,1,0,0,1
28,0,3,1,0,1
33,0,3,1,0,1
33,1,3,1,0,1
34,0,3,1,0,1
33,0,3,1,0,1
35,0,3,1,0,1
37,0,2,0,0,1
33,0,3,1,0,1
45,0,3,1,0,1
33,0,3,1,0,1
34,0,3,1,0,1
27,0,3,1,0,1
29,0,3,1,0,1
28,0,3,1,0,1
33,0,3,1,0,1
29,0,3,1,0,1
68,0,3,1,0,1
27,0,3,1,0,1
28,0,3,1,0,1
28,0,3,1,0,1
35,0,3,1,0,1
29,0,3,1,0,1
48,1,1,0,0,1
29,0,3,1,0,1
27,0,3,1,0,1
28,0,3,1,0,1
38,0,1,0,0,1
33,0,3,1,0,1
32,0,3,1,0,1
28,0,3,1,0,1
33,0,3,1,0,1
35,0,3,1,0,1
33,0,3,1,0,1
35,0,3,1,0,1
31,0,3,1,0,1
39,0,2,0,2,1
30,0,3,1,0,1
29,0,3,1,0,1
29,0,3,1,0,1
34,0,3,1,0,1
28,0,3,1,0,1
29,0,3,1,0,1
28,0,3,1,0,1
80,1,2,0,0,1
29,0,3,1,0,1
27,0,3,1,0,1
35,0,3,1,0,1
30,0,3,1,0,1
28,0,3,1,0,1
32,0,3,1,0,1
29,0,3,1,0,1
37,0,3,1,0,1
27,0,3,1,0,1
28,0,3,1,0,1
27,0,3,1,0,1
35,0,3,1,0,1
27,0,3,1,0,1
43,1,2,0,1,1
29,0,3,1,0,1
37,0,3,1,0,1
26,0,3,1,0,1
29,0,3,1,0,1
34,0,3,1,0,1
27,0,3,1,0,1
30,0,3,1,0,1
27,0,3,1,0,1
38,0,3,1,0,1
31,0,1,0,0,1
27,0,3,1,0,1
28,0,3,1,0,1
33,0,3,1,0,1
39,0,2,0,0,1
34,0,3,1,0,1
27,0,3,1,0,1
35,0,3,1,0,1
28,0,3,1,0,1
28,0,3,1,0,1
29,0,3,1,0,1
34,0,3,1,0,1
45,1,3,0,3,1
29,0,3,1,0,1
33,0,3,1,0,1
34,0,3,1,0,1
26,0,3,1,0,1
30,0,3,1,0,1
29,0,3,1,0,1
23,0,3,1,0,1
34,0,3,1,0,1
30,0,3,1,0,1
27,0,3,1,0,1
34,0,3,1,0,1
28,0,3,1,0,1
34,0,3,1,0,1
48,0,3,0,1,1
35,0,3,1,0,1
29,0,3,1,0,1
29,0,3,1,0,1
31,0,3,1,0,1
29,0,3,1,0,1
31,0,3,1,0,1
30,0,3,1,0,1
30,0,3,1,0,1
29,0,3,1,0,1
29,0,3,1,0,1
30,0,3,1,0,1
29,0,3,1,0,1
26,0,3,1,0,1
41,0,1,0,0,1
53,1,1,0,0,1
72,1,2,0,0,1
29,0,3,1,0,1
33,0,3,1,0,1
28,0,3,1,0,1
35,0,3,1,0,1
30,0,3,1,0,1
35,0,3,1,0,1
27,0,3,1,0,1
25,0,3,1,0,1
33,0,3,1,0,1
33,0,3,1,0,1
30,0,3,1,0,1
29,0,3,1,0,1
36,0,3,1,0,1
34,0,3,1,0,1
28,0,3,1,0,1
27,0,3,1,0,1
38,0,3,1,0,1
27,0,3,1,0,1
30,0,3,1,0,1
35,0,3,1,0,1
29,1,2,0,1,1
240,1,2,0,0,1
30,0,3,1,0,1
29,0,3,1,0,1
27,0,3,1,0,1
27,0,3,1,0,1
115,1,3,0,0,1
29,0,3,1,0,1
28,0,3,1,0,1
28,0,3,1,0,1
35,1,3,0,0,1
34,0,3,1,0,1
35,0,3,1,0,1
30,0,3,1,0,1
31,0,1,0,0,1
33,0,3,1,0,1
31,0,3,1,0,1
28,0,3,1,0,1
112,1,2,0,0,1
31,0,3,1,0,1
68,0,3,1,0,1
30,0,3,1,0,1
34,0,3,1,0,1
33,0,3,1,0,1
30,0,3,1,0,1
35,0,3,1,0,1
23,0,1,0,0,1
30,0,3,1,0,1
29,0,3,1,0,1
35,0,3,1,0,1
64,1,3,1,0,1
28,0,3,1,0,1
33,0,3,1,0,1
29,0,3,1,0,1
32,0,3,1,0,1
39,0,1,0,0,1
32,0,3,1,0,1
54,0,1,0,2,1
29,0,3,1,0,1
33,0,3,1,0,1
31,0,3,1,0,1
32,0,1,0,0,1
33,0,3,1,0,1
27,0,3,1,0,1
29,0,3,1,0,1
88,1,1,0,0,1
32,0,3,1,0,1
35,0,3,1,0,1
36,0,3,1,0,1
33,0,3,1,0,1
88,1,1,0,1,1
33,0,3,1,0,1
33,0,3,1,0,1
29,0,3,1,0,1
29,0,3,1,0,1
31,0,3,1,0,1
33,0,3,1,0,1
64,1,3,1,0,1
34,0,3,1,0,1
51,0,3,1,0,1
26,0,3,1,0,1
34,0,3,1,0,1
27,0,3,1,0,1
33,0,3,1,0,1
44,0,2,0,0,1
28,0,3,1,0,1
30,0,3,1,0,1
33,0,3,1,0,1
33,0,3,1,0,1
27,0,3,1,0,1
27,0,3,1,0,1
33,0,3,1,0,1
29,0,3,1,0,1
31,0,3,1,0,1
28,0,3,1,0,1
43,0,3,1,0,1
29,0,3,1,0,1
28,0,3,1,0,1
34,0,3,1,0,1
32,0,3,1,0,1
68,1,3,0,3,1
28,0,3,1,0,1
68,0,3,1,0,1
29,0,3,1,0,1
35,0,3,1,0,1
34,0,3,1,0,1
27,0,3,1,0,1
29,0,3,1,0,1
30,0,3,1,0,1
30,0,3,1,0,1
29,0,3,1,0,1
29,0,3,1,0,1
32,0,3,1,0,1
40,1,1,0,1,1
29,0,3,1,0,1
25,0,3,1,0,1
27,0,3,1,0,1
32,0,3,1,0,1
28,0,3,1,0,1
30,0,3,1,0,1
37,0,3,1,0,1
36,0,3,1,0,1
32,0,3,1,0,1
23,0,3,1,0,1
33,0,3,1,0,1
29,0,3,1,0,1
26,1,1,0,0,1
30,0,3,1,0,1
30,0,3,1,0,1
34,1,1,0,0,1
49,0,2,0,0,1
32,0,3,1,0,1
27,0,3,1,0,1
80,1,2,0,0,1
30,0,3,1,0,1
28,0,3,1,0,1
24,0,3,1,0,1
28,0,3,1,0,1
34,0,3,1,0,1
28,0,3,1,0,1
31,0,3,1,0,1
27,0,3,1,0,1
72,1,1,0,0,1
48,1,1,0,0,1
29,0,3,1,0,1
30,0,3,1,0,1
29,0,3,1,0,1
29,0,3,1,0,1
31,0,3,1,0,1
33,0,3,1,0,1
32,0,3,1,0,1
27,0,3,1,0,1
29,0,3,1,0,1
59,1,3,0,2,1
28,0,3,1,0,1
30,0,3,1,0,1
28,0,3,1,0,1
61,1,3,1,0,1
32,0,3,1,0,1
28,0,3,1,0,1
27,0,3,1,0,1
45,0,3,1,0,1
33,0,3,1,0,1
38,0,3,1,0,1
32,0,3,1,0,1
34,0,3,1,0,1
32,0,3,1,0,1
29,0,3,1,0,1
43,0,2,0,0,1
28,0,3,1,0,1
39,0,3,1,0,1
36,0,3,1,0,1
29,0,3,1,0,1
42,0,3,1,0,1
44,0,3,1,0,1
28,0,3,1,0,1
28,0,3,1,0,1
36,1,1,0,0,1
33,0,3,1,0,1
35,1,2,0,0,1
29,0,3,1,0,1
44,0,3,1,0,1
29,0,3,1,0,1
28,0,3,1,0,1
29,0,3,1,0,1
30,0,3,1,0,1
26,0,3,1,0,1
28,0,3,1,0,1
27,0,3,1,0,1
28,0,3,1,0,1
33,0,3,1,0,1
34,0,3,1,0,1
33,0,3,1,0,1
19,1,1,0,0,1
27,0,3,1,0,1
43,1,3,1,0,1
31,0,3,1,0,1
44,0,2,0,0,1
35,0,3,1,0,1
40,0,3,1,0,1
30,1,2,0,0,1
34,0,3,1,0,1
29,0,3,1,0,1
24,0,3,1,0,1
46,1,2,0,0,1
34,0,3,1,0,1
29,0,3,1,0,1
34,0,3,1,0,1
31,0,3,1,0,1
32,0,3,1,0,1
32,0,3,1,0,1
34,0,3,1,0,1
34,0,3,1,0,1
40,0,3,1,0,1
34,0,3,1,0,1
37,0,3,1,0,1
28,0,3,1,0,1
34,0,3,1,0,1
35,0,3,1,0,1
31,0,3,1,0,1
32,0,3,1,0,1
29,0,3,1,0,1
27,0,3,1,0,1
32,0,3,1,0,1
64,1,3,1,0,1
28,0,3,1,0,1
33,0,3,1,0,1
31,0,3,1,0,1
26,0,3,1,0,1
68,0,3,1,0,1
28,0,3,1,0,1
40,0,3,1,0,1
31,0,3,1,0,1
36,0,2,0,0,1
29,0,3,1,0,1
28,0,3,1,0,1
49,0,3,1,0,1
34,0,3,1,0,1
35,0,3,1,0,1
34,0,3,1,0,1
34,0,3,1,0,1
34,0,3,1,0,1
29,0,3,1,0,1
30,0,3,1,0,1
22,0,3,1,0,1
30,0,3,1,0,1
57,0,3,1,0,1
26,0,3,1,0,1
32,0,3,1,0,1
35,0,3,1,0,1
28,0,3,1,0,1
29,0,3,1,0,1
34,0,3,1,0,1
33,0,3,1,0,1
28,0,3,1,0,1
34,0,3,1,0,1
28,0,3,1,0,1
29,0,3,1,0,1
34,0,3,1,0,1
27,0,3,1,0,1
30,0,3,1,0,1
33,0,3,1,0,1
34,0,3,1,0,1
30,0,3,1,0,1
29,0,3,1,0,1
32,0,3,1,0,1
31,0,3,1,0,1
24,0,3,1,0,1
31,0,3,1,0,1
35,0,3,1,0,1
27,0,3,1,0,1
44,0,3,1,0,1
29,0,3,1,0,1
30,0,3,1,0,1
29,0,3,1,0,1
57,1,1,0,0,1
33,0,3,1,0,1
37,0,1,0,0,1
33,0,3,1,0,1
31,0,3,1,0,1
34,0,3,1,0,1
33,0,3,1,0,1
34,0,3,1,0,1
34,0,3,1,0,1
29,0,3,1,0,1
38,1,2,0,0,1
26,0,3,1,0,1
33,0,3,1,0,1
29,0,3,1,0,1
37,0,3,1,0,1
34,0,3,1,0,1
29,0,3,1,0,1
35,0,3,1,0,1
31,0,3,1,0,1
29,0,3,1,0,1
26,0,3,1,0,1
27,0,3,1,0,1
34,0,3,1,0,1
28,0,3,1,0,1
29,0,3,1,0,1
28,0,3,1,0,1
27,0,3,1,0,1
33,0,3,1,0,1
32,0,3,1,0,1
33,0,3,1,0,1
37,0,3,1,0,1
31,0,3,1,0,1
49,0,3,1,0,1
30,0,3,1,0,1
35,1,1,0,0,1
34,0,3,1,0,1
35,0,3,1,0,1
32,0,3,1,0,1
33,0,3,1,0,1
35,0,3,1,0,1
30,0,3,1,0,1
27,0,3,1,0,1
29,0,3,1,0,1
34,0,3,1,0,1
59,1,3,0,2,1
30,0,3,1,0,1
29,0,3,1,0,1
29,0,3,1,0,1
56,1,3,1,0,1
40,0,3,0,3,1
32,0,3,1,0,1
30,0,3,1,0,1
29,0,3,1,0,1
30,0,3,1,0,1
32,0,3,1,0,1
34,0,3,1,0,1
28,0,3,1,0,1
28,0,3,1,0,1
27,0,3,1,0,1
29,0,3,1,0,1
35,0,3,1,0,1
25,0,3,1,0,1
24,0,3,1,0,1
34,0,3,1,0,1
33,0,3,1,0,1
35,0,3,1,0,1
28,0,3,1,0,1
73,1,2,0,0,1
34,0,3,1,0,1
29,0,3,1,0,1
33,0,3,1,0,1
79,1,1,0,0,1
37,0,3,1,0,1
43,0,2,0,0,1
29,0,3,1,0,1
29,0,3,1,0,1
27,0,3,1,0,1
28,0,3,1,0,1
31,0,3,1,0,1
35,0,3,1,0,1
30,0,3,1,0,1
34,0,3,1,0,1
27,0,3,1,0,1
33,0,3,1,0,1
67,0,3,1,0,1
32,0,3,1,0,1
27,0,3,1,0,1
32,0,3,1,0,1
36,0,3,1,0,1
35,0,3,1,0,1
34,0,3,1,0,1
27,0,3,1,0,1
35,0,3,1,0,1
34,0,3,1,0,1
26,0,3,1,0,1
34,0,3,1,0,1
28,0,3,1,0,1
31,0,3,1,0,1
30,0,3,1,0,1
42,0,3,1,0,1
32,0,3,1,0,1
29,0,3,1,0,1
27,0,3,1,0,1
28,0,3,1,0,1
30,0,3,1,0,1
35,0,3,1,0,1
29,0,3,1,0,1
31,0,3,1,0,1
29,0,3,1,0,1
33,0,3,1,0,1
80,1,2,0,0,1
26,0,3,1,0,1
46,0,3,1,0,1
27,0,3,1,0,1
51,1,3,0,1,1
34,0,3,1,0,1
28,0,3,1,0,1
73,1,2,0,0,1
53,1,2,0,0,1
39,0,3,1,0,1
18,0,1,0,0,1
26,0,3,1,0,1
35,0,3,1,0,1
29,0,3,1,0,1
34,0,3,1,0,1
41,0,3,1,0,1
28,0,3,1,0,1
29,0,3,1,0,1
68,0,3,1,0,1
29,1,3,1,0,1
33,0,3,1,0,1
30,0,3,1,0,1
29,0,3,1,0,1
30,0,3,1,0,1
53,1,1,0,0,1
33,0,3,1,0,1
28,0,3,1,0,1
28,0,3,1,0,1
28,0,3,1,0,1
44,0,2,0,0,1
29,0,3,1,0,1
29,0,3,1,0,1
34,0,3,1,0,1
31,0,3,1,0,1
84,1,2,0,0,1
29,0,3,1,0,1
28,0,3,1,0,1
28,0,3,1,0,1
37,0,3,1,0,1
32,0,3,1,0,1
28,0,3,1,0,1
32,0,3,1,0,1
29,0,3,1,0,1
34,0,3,1,0,1
34,0,3,1,0,1
34,0,3,1,0,1
29,0,3,1,0,1
54,1,3,0,1,1
28,0,3,1,0,1
29,0,3,1,0,1
32,0,3,1,0,1
31,0,3,1,0,1
31,0,3,1,0,1
32,0,3,1,0,1
30,0,3,1,0,1
33,0,3,1,0,1
27,0,3,1,0,1
35,0,3,1,0,1
34,0,3,1,0,1
28,0,3,1,0,1
101,0,3,1,0,1
28,0,3,1,0,1
27,0,3,1,0,1
33,0,3,1,0,1
49,0,3,1,0,1
28,0,3,1,0,1
32,0,3,1,0,1
27,0,3,1,0,1
34,1,3,1,0,1
35,0,3,1,0,1
31,0,3,1,0,1
29,0,3,1,0,1
29,0,3,1,0,1
44,1,1,0,0,1
29,0,3,1,0,1
28,0,3,1,0,1
36,0,2,0,0,1
26,0,3,1,0,1
34,0,3,1,0,1
29,0,3,1,0,1
28,0,3,1,0,1
29,0,3,1,0,1
27,0,3,1,0,1
30,0,3,1,0,1
28,0,3,1,0,1
28,0,3,1,0,1
50,1,1,0,0,1
23,0,3,1,0,1
43,0,3,1,0,1
64,1,3,1,0,1
28,0,3,1,0,1
23,0,3,1,0,1
35,0,3,1,0,1
30,0,3,1,0,1
29,0,3,1,0,1
34,0,3,1,0,1
35,0,3,1,0,1
68,0,3,1,0,1
27,0,3,1,0,1
27,0,3,1,0,1
23,0,3,1,0,1
29,0,3,1,0,1
46,0,3,1,0,1
34,0,3,1,0,1
64,1,3,1,0,1
27,0,3,1,0,1
33,0,3,1,0,1
30,0,3,1,0,1
36,0,3,1,0,1
31,0,3,1,0,1
32,0,3,1,0,1
35,0,3,1,0,1
76,1,2,0,1,1
25,0,3,1,0,1
80,1,2,0,0,1
33,0,3,1,0,1
29,0,3,1,0,1
35,0,3,1,0,1
31,0,3,1,0,1
49,0,3,1,0,1
28,1,2,0,0,1
68,0,3,1,0,1
29,0,3,1,0,1
39,0,1,0,1,1
36,0,3,1,0,1
68,0,3,1,0,1
29,0,3,1,0,1
26,0,3,1,0,1
33,0,3,1,0,1
27,0,3,1,0,1
26,0,3,1,0,1
27,0,3,1,0,1
30,0,3,1,0,1
40,1,3,0,0,1
30,0,3,1,0,1
27,0,3,1,0,1
32,0,3,1,0,1
53,1,1,0,0,1
46,0,2,0,0,1
28,0,3,1,0,1
33,0,3,1,0,1
33,0,3,1,0,1
29,0,3,1,0,1
35,0,3,1,0,1
29,0,3,1,0,1
34,0,3,1,0,1
30,0,3,1,0,1
29,0,3,1,0,1
84,1,2,0,0,1
33,0,3,1,0,1
40,0,3,1,0,1
29,0,3,1,0,1
27,0,3,1,0,1
32,0,3,1,0,1
44,0,3,1,0,1
30,0,2,0,0,1
26,0,3,1,0,1
29,0,3,1,0,1
27,0,3,1,0,1
30,0,3,1,0,1
35,0,3,1,0,1
35,0,3,1,0,1
35,0,3,1,0,1
63,1,2,0,1,1
28,0,3,1,0,1
35,0,3,1,0,1
34,0,3,1,0,1
33,0,3,1,0,1
85,1,1,0,2,1
34,0,3,1,0,1
35,0,3,1,0,1
26,0,3,1,0,1
27,0,3,1,0,1
57,1,1,0,0,1
63,1,1,0,1,1
25,0,3,1,0,1
28,0,3,1,0,1
27,0,3,1,0,1
35,1,2,0,0,1
39,0,3,1,0,1
33,0,3,1,0,1
35,0,3,1,0,1
29,0,3,1,0,1
30,0,3,1,0,1
40,0,3,1,0,1
29,0,3,1,0,1
44,0,3,0,3,1
34,0,3,1,0,1
33,0,3,1,0,1
31,0,3,0,0,1
33,0,3,1,0,1
34,0,3,1,0,1
29,0,3,1,0,1
56,1,2,0,4,1
35,0,2,0,0,1
34,0,3,1,0,1
54,1,2,0,0,1
27,0,3,1,0,1
33,0,3,1,0,1
30,0,3,1,0,1
35,0,3,1,0,1
29,0,3,1,0,1
29,0,3,1,0,1
30,0,3,1,0,1
30,0,3,1,0,1
28,1,3,1,0,1
30,0,3,1,0,1
35,1,2,0,0,1
27,0,3,1,0,1
67,0,3,1,0,1
27,0,3,1,0,1
27,0,3,1,0,1
44,0,3,1,0,1
49,0,3,1,0,1
28,0,3,1,0,1
35,0,3,1,0,1
41,1,1,0,0,1
47,0,3,1,0,1
28,0,3,1,0,1
27,0,3,1,0,1
30,0,3,1,0,1
34,0,3,1,0,1
40,0,3,1,0,1
30,0,3,1,0,1
30,0,3,1,0,1
27,0,3,1,0,1
29,0,3,1,0,1
76,1,2,0,0,1
28,0,3,1,0,1
34,0,3,1,0,1
30,0,1,0,0,1
28,0,3,1,0,1
27,0,3,1,0,1
155,1,2,0,0,1
33,0,3,1,0,1
36,0,3,1,0,1
28,0,3,1,0,1
121,1,2,0,0,1
35,0,3,1,0,1
34,0,3,1,0,1
29,0,3,1,0,1
30,0,3,1,0,1
35,0,3,1,0,1
39,1,2,0,0,1
29,0,3,1,0,1
34,0,3,1,0,1
27,0,3,1,0,1
34,0,3,1,0,1
41,0,3,1,0,1
96,1,1,0,0,1
27,0,3,1,0,1
33,0,3,1,0,1
27,0,3,1,0,1
28,0,3,1,0,1
34,0,3,1,0,1
33,0,3,1,0,1
29,0,3,1,0,1
28,0,3,1,0,1
43,0,3,0,3,1
32,0,3,1,0,1
33,0,3,1,0,1
34,0,3,1,0,1
42,0,3,1,0,1
27,1,3,1,0,1
33,0,3,1,0,1
27,0,3,1,0,1
33,0,3,1,0,1
28,0,3,1,0,1
28,0,3,1,0,1
28,0,3,1,0,1
34,0,3,1,0,1
29,0,3,1,0,1
48,1,2,0,1,1
28,0,3,1,0,1
29,0,3,1,0,1
27,0,3,1,0,1
33,0,3,1,0,1
33,0,3,1,0,1
28,0,3,1,0,1
29,0,3,1,0,1
35,0,3,1,0,1
29,0,3,1,0,1
28,0,3,1,0,1
34,0,3,1,0,1
27,0,3,1,0,1
29,0,3,1,0,1
35,0,3,1,0,1
32,0,3,1,0,1
30,0,3,1,0,1
39,0,1,0,0,1
41,0,3,1,0,1
46,1,3,1,0,1
34,0,3,1,0,1
28,0,3,1,0,1
71,0,3,1,0,1
82,1,2,0,0,1
26,0,3,1,0,1
38,0,1,0,2,1
34,0,3,1,0,1
49,0,2,0,0,1
29,0,3,1,0,1
33,0,3,1,0,1
35,0,3,1,0,1
33,0,3,1,0,1
29,0,3,1,0,1
34,0,3,1,0,1
34,0,3,1,0,1
68,0,3,1,0,1
35,1,2,0,1,1
28,0,3,1,0,1
68,0,3,1,0,1
36,1,1,0,0,1
28,0,3,1,0,1
29,0,3,1,0,1
35,0,3,1,0,1
33,0,3,1,0,1
31,0,3,1,0,1
34,0,3,1,0,1
29,0,3,1,0,1
32,0,3,1,0,1
27,0,3,1,0,1
33,0,3,1,0,1
34,0,3,1,0,1
32,0,3,1,0,1
27,0,3,1,0,1
28,0,3,1,0,1
47,0,2,0,0,1
34,0,3,1,0,1
39,0,3,1,0,1
41,0,1,0,2,1
29,0,3,1,0,1
28,0,3,1,0,1
80,1,2,0,0,1
50,0,2,0,1,1
54,0,3,0,4,1
28,0,3,1,0,1
30,0,3,1,0,1
29,0,3,1,0,1
36,0,1,0,0,1
32,0,3,1,0,1
26,0,3,1,0,1
34,0,3,1,0,1
29,0,3,1,0,1
33,0,3,1,0,1
34,0,3,1,0,1
33,0,3,1,0,1
27,0,3,1,0,1
33,0,3,1,0,1
27,0,3,1,0,1
37,0,3,1,0,1
28,0,3,1,0,1
32,0,3,1,0,1
246,1,2,0,0,1
28,0,3,1,0,1
28,0,3,1,0,1
28,0,3,1,0,1
34,0,3,1,0,1
39,0,3,1,0,1
34,1,2,0,0,1
35,0,3,1,0,1
29,0,3,1,0,1
38,0,2,0,0,1
29,0,3,1,0,1
29,0,3,1,0,1
26,0,3,1,0,1
30,0,3,1,0,1
28,0,3,1,0,1
28,0,3,1,0,1
34,0,3,1,0,1
34,0,2,0,0,1
28,0,3,1,0,1
30,0,3,1,0,1
28,0,3,1,0,1
72,1,2,0,0,1
30,0,3,1,0,1
33,0,3,1,0,1
27,0,3,1,0,1
38,0,2,0,0,1
28,0,3,1,0,1
33,0,3,1,0,1
30,0,3,1,0,1
29,0,3,1,0,1
34,0,3,1,0,1
28,0,3,1,0,1
31,0,3,1,0,1
29,0,3,1,0,1
31,0,3,1,0,1
31,0,3,1,0,1
29,0,3,1,0,1
34,0,3,1,0,1
28,0,3,1,0,1
27,0,3,1,0,1
34,0,3,1,0,1
29,0,3,1,0,1
29,0,1,0,1,1
26,0,3,1,0,1
29,0,3,1,0,1
35,0,3,1,0,1
35,0,3,1,0,1
29,0,3,1,0,1
30,0,3,1,0,1
29,0,3,1,0,1
30,0,3,1,0,1
39,1,1,0,0,1
30,0,3,1,0,1
33,0,3,1,0,1
34,0,3,1,0,1
47,1,2,0,0,1
29,0,3,1,0,1
35,0,3,1,0,1
33,0,3,1,0,1
54,1,1,0,1,1
32,0,3,1,0,1
32,0,3,1,0,1
27,0,3,1,0,1
35,0,3,1,0,1
26,0,3,1,0,1
32,0,3,1,0,1
30,0,3,1,0,1
28,0,3,1,0,1
34,0,3,1,0,1
27,0,3,1,0,1
27,0,3,1,0,1
35,0,3,1,0,1
25,0,3,1,0,1
29,0,3,1,0,1
28,0,3,1,0,1
35,0,3,1,0,1
29,0,3,1,0,1
33,0,3,1,0,1
28,0,3,1,0,1
29,0,3,1,0,1
33,0,3,1,0,1
85,1,1,0,2,1
34,0,3,1,0,1
30,0,3,1,0,1
32,0,3,1,0,1
29,1,1,0,1,1
29,0,3,1,0,1
59,1,2,0,1,1
35,0,3,1,0,1
28,0,3,1,0,1
23,0,3,1,0,1
34,1,2,0,0,1
33,0,3,1,0,1
33,0,3,1,0,1
33,0,3,1,0,1
34,0,3,1,0,1
37,0,3,1,0,1
30,0,3,1,0,1
28,0,3,1,0,1
29,0,3,1,0,1
28,0,3,1,0,1
32,0,3,1,0,1
33,0,3,1,0,1
43,1,3,1,0,1
59,0,2,0,0,1
28,0,3,1,0,1
30,0,3,1,0,1
29,0,3,1,0,1
40,1,2,0,0,1
33,0,3,1,0,1
31,0,3,1,0,1
29,0,3,1,0,1
34,0,3,1,0,1
33,0,3,1,0,1
34,0,3,1,0,1
51,1,1,0,0,1
27,0,3,1,0,1
28,0,3,1,0,1
31,0,3,1,0,1
32,0,3,1,0,1
30,0,3,1,0,1
34,0,3,1,0,1
50,1,1,0,0,1
27,0,3,1,0,1
34,0,3,1,0,1
34,0,3,1,0,1
31,0,3,1,0,1
28,0,3,1,0,1
29,0,3,1,0,1
28,0,3,1,0,1
29,0,3,1,0,1
33,0,3,1,0,1
31,1,1,0,0,1
29,0,3,1,0,1
30,0,3,1,0,1
33,0,3,1,0,1
30,0,3,1,0,1
30,0,3,1,0,1
33,0,3,1,0,1
30,0,3,1,0,1
38,0,3,1,0,1
33,0,3,1,0,1
68,0,3,1,0,1
29,0,3,1,0,1
27,0,3,1,0,1
27,0,3,1,0,1
33,0,3,1,0,1
28,0,3,1,0,1
30,0,3,1,0,1
23,0,2,0,0,1
29,0,3,1,0,1
29,0,3,1,0,1
30,0,3,1,0,1
27,0,3,1,0,1
31,1,1,0,0,1
27,0,3,1,0,1
29,0,3,1,0,1
33,0,3,1,0,1
30,0,3,1,0,1
34,0,3,1,0,1
33,0,3,1,0,1
33,0,3,1,0,1
28,0,3,1,0,1
33,0,3,1,0,1
26,0,3,1,0,1
35,0,3,1,0,1
33,0,3,1,0,1
34,0,3,1,0,1
34,0,3,1,0,1
32,0,3,1,0,1
38,0,3,1,0,1
29,0,3,1,0,1
80,1,2,0,0,1
33,0,3,1,0,1
28,0,3,1,0,1
32,0,3,1,0,1
33,0,3,1,0,1
29,0,3,1,0,1
51,1,1,0,0,1
30,0,3,1,0,1
29,0,3,1,0,1
29,0,3,1,0,1
18,0,1,0,0,1
27,0,3,1,0,1
34,0,3,1,0,1
43,0,2,0,0,1
28,0,3,1,0,1
26,0,3,1,0,1
29,0,3,1,0,1
34,0,3,1,0,1
34,0,3,1,0,1
28,0,3,1,0,1
56,1,1,0,0,1
28,0,3,1,0,1
27,0,3,1,0,1
30,0,3,1,0,1
27,0,3,1,0,1
31,0,3,1,0,1
24,0,1,0,2,1
34,0,3,1,0,1
29,0,3,1,0,1
33,0,3,1,0,1
29,0,3,1,0,1
29,0,3,1,0,1
43,0,3,1,0,1
35,0,2,0,0,1
30,0,3,1,0,1
28,0,3,1,0,1
33,0,3,1,0,1
35,0,3,1,0,1
27,0,3,1,0,1
27,0,3,1,0,1
27,0,3,1,0,1
28,0,3,1,0,1
34,0,3,1,0,1
32,0,3,1,0,1
35,0,3,1,0,1
27,0,3,1,0,1
18,0,1,0,0,1
50,1,2,0,0,1
34,0,3,1,0,1
38,0,3,0,0,1
33,0,3,1,0,1
33,0,3,1,0,1
34,0,3,1,0,1
37,0,2,0,0,1
33,0,3,1,0,1
29,0,3,1,0,1
29,0,3,1,0,1
32,0,3,1,0,1
32,0,3,1,0,1
31,0,3,1,0,1
29,0,3,1,0,1
33,0,3,1,0,1
33,0,3,1,0,1
32,0,3,1,0,1
35,0,3,1,0,1
30,0,3,1,0,1
27,0,3,1,0,1
31,0,3,1,0,1
39,1,1,0,0,1
34,0,3,1,0,1
31,0,3,1,0,1
31,0,3,1,0,1
23,0,1,0,0,1
26,0,3,1,0,1
28,0,3,1,0,1
26,0,3,1,0,1
44,0,3,1,0,1
28,0,3,1,0,1
29,0,3,1,0,1
30,0,3,1,0,1
32,0,3,1,0,1
72,1,2,0,0,1
28,0,3,1,0,1
29,0,3,1,0,1
28,0,3,1,0,1
37,1,1,0,1,1
33,0,3,1,0,1
59,1,1,0,0,1
31,0,3,1,0,1
29,0,3,1,0,1
40,0,2,0,0,1
33,0,3,1,0,1
28,0,3,1,0,1
51,0,3,0,0,1
31,0,3,1,0,1
34,0,3,1,0,1
34,0,3,1,0,1
33,0,3,1,0,1
28,0,3,1,0,1
28,0,3,1,0,1
34,0,3,1,0,1
31,0,3,1,0,1
28,0,3,1,0,1
75,1,2,0,0,1
25,0,3,1,0,1
32,0,3,1,0,1
30,0,3,1,0,1
29,0,3,1,0,1
28,0,3,1,0,1
26,0,2,0,1,1
29,0,3,1,0,1
80,1,2,0,0,1
29,0,3,1,0,1
33,0,3,1,0,1
29,0,3,1,0,1
34,0,3,1,0,1
40,0,2,0,0,1
35,0,3,1,0,1
29,0,3,1,0,1
26,0,3,1,0,1
33,0,3,1,0,1
29,0,3,1,0,1
26,0,3,1,0,1
27,0,3,1,0,1
58,1,1,0,0,1
33,0,3,1,0,1
40,0,3,1,0,1
29,0,3,1,0,1
28,0,3,1,0,1
29,0,3,1,0,1
36,1,1,0,1,1
29,0,3,1,0,1
33,0,3,1,0,1
46,1,3,1,0,1
29,0,3,1,0,1
26,0,3,1,0,1
29,0,3,1,0,1
25,0,3,1,0,1
32,0,3,1,0,1
28,0,3,1,0,1
33,0,3,1,0,1
39,0,3,1,0,1
29,0,3,1,0,1
34,0,3,1,0,1
33,0,3,1,0,1
33,0,3,1,0,1
33,0,3,1,0,1
30,0,3,1,0,1
28,0,3,1,0,1
33,0,3,1,0,1
29,0,3,1,0,1
28,0,3,1,0,1
33,0,3,1,0,1
34,0,3,1,0,1
27,0,3,1,0,1
34,0,3,1,0,1
34,0,3,1,0,1
44,0,3,1,0,1
31,0,3,1,0,1
32,0,3,1,0,1
33,0,3,1,0,1
35,0,3,1,0,1
68,0,3,1,0,1
27,0,3,1,0,1
34,0,3,1,0,1
59,1,1,0,1,1
43,0,3,0,3,1
35,0,3,1,0,1
29,0,3,1,0,1
34,0,3,1,0,1
28,1,3,1,0,1
28,0,3,1,0,1
35,0,3,1,0,1
29,0,3,1,0,1
32,0,3,1,0,1
27,0,3,1,0,1
26,0,3,1,0,1
34,0,3,1,0,1
34,0,3,1,0,1
26,0,3,1,0,1
34,0,3,1,0,1
27,0,3,1,0,1
33,0,3,1,0,1
34,0,3,1,0,1
35,0,3,1,0,1
30,0,3,1,0,1
35,0,3,1,0,1
29,0,3,1,0,1
54,1,3,1,0,1
35,0,3,1,0,1
52,1,1,0,0,1
31,0,3,1,0,1
34,0,3,1,0,1
26,0,3,1,0,1
32,0,3,1,0,1
29,0,3,1,0,1
28,0,3,1,0,1
28,0,3,1,0,1
22,0,1,0,0,1
31,0,3,1,0,1
28,0,3,1,0,1
29,0,3,1,0,1
33,0,3,1,0,1
32,0,3,1,0,1
35,0,3,1,0,1
43,0,3,1,0,1
25,0,3,1,0,1
29,0,1,0,0,1
46,0,3,1,0,1
59,1,3,0,2,1
34,0,3,1,0,1
32,0,3,1,0,1
41,0,3,1,0,1
32,0,3,0,1,1
46,0,2,0,0,1
29,0,3,1,0,1
28,0,3,1,0,1
28,0,3,1,0,1
28,0,3,1,0,1
28,0,3,1,0,1
31,0,3,1,0,1
34,0,3,1,0,1
30,0,1,0,0,1
32,0,3,1,0,1
28,0,3,1,0,1
23,0,1,0,0,1
29,0,3,1,0,1
31,0,3,1,0,1
32,0,3,1,0,1
70,0,3,1,0,1
34,0,3,1,0,1
30,0,3,1,0,1
32,0,3,1,0,1
31,0,2,0,1,1
33,0,3,1,0,1
33,0,3,1,0,1
53,1,2,0,0,1
25,0,3,1,0,1
53,1,1,0,0,1
64,1,3,1,0,1
29,0,3,1,0,1
33,0,3,1,0,1
36,0,2,0,0,1
34,0,3,1,0,1
26,0,3,1,0,1
33,0,3,1,0,1
35,0,3,1,0,1
34,0,3,1,0,1
33,0,3,1,0,1
28,0,3,1,0,1
34,0,3,1,0,1
27,0,3,1,0,1
29,0,3,1,0,1
27,0,3,1,0,1
40,0,2,0,0,1
27,0,3,1,0,1
27,0,3,1,0,1
29,0,3,1,0,1
28,0,3,1,0,1
24,0,3,1,0,1
35,0,3,1,0,1
29,0,3,1,0,1
34,0,3,1,0,1
43,0,3,1,0,1
35,0,3,1,0,1
30,0,3,1,0,1
28,0,3,1,0,1
33,0,3,1,0,1
29,0,3,1,0,1
35,0,3,1,0,1
27,0,3,1,0,1
29,0,3,1,0,1
49,0,3,1,0,1
31,0,3,1,0,1
29,0,3,1,0,1
28,0,3,1,0,1
30,0,3,1,0,1
26,0,3,1,0,1
34,0,3,1,0,1
35,0,3,1,0,1
29,0,3,1,0,1
40,1,1,0,0,1
25,0,3,1,0,1
37,0,3,1,0,1
30,0,3,1,0,1
34,0,3,1,0,1
29,0,3,1,0,1
28,0,3,1,0,1
29,0,3,1,0,1
33,0,3,1,0,1
33,0,3,1,0,1
29,0,3,1,0,1
43,0,3,0,3,1
29,0,3,1,0,1
28,0,3,1,0,1
25,0,3,1,0,1
32,0,3,1,0,1
30,0,3,1,0,1
28,0,3,1,0,1
34,0,3,1,0,1
33,0,3,1,0,1
33,0,3,1,0,1
28,0,3,1,0,1
40,0,3,1,0,1
26,0,3,1,0,1
44,0,2,0,1,1
53,1,3,1,0,1
85,1,1,0,2,1
29,0,3,1,0,1
26,0,3,1,0,1
44,0,2,0,0,1
33,0,3,1,0,1
28,0,3,1,0,1
34,0,3,1,0,1
29,0,3,1,0,1
28,0,3,1,0,1
34,0,3,1,0,1
31,0,3,1,0,1
27,0,3,1,0,1
68,0,3,1,0,1
26,0,3,1,0,1
30,0,3,1,0,1
34,0,3,1,0,1
68,0,3,1,0,1
33,0,3,1,0,1
27,0,3,1,0,1
61,0,3,1,0,1
32,0,3,1,0,1
35,1,1,0,0,1
29,0,3,1,0,1
29,0,3,1,0,1
27,0,3,1,0,1
32,0,3,1,0,1
34,0,3,1,0,1
28,0,3,1,0,1
29,0,3,1,0,1
34,0,3,1,0,1
68,0,3,1,0,1
29,0,3,1,0,1
35,0,3,1,0,1
31,0,3,1,0,1
49,0,3,1,0,1
26,0,3,1,0,1
32,0,3,1,0,1
32,0,3,1,0,1
71,0,3,1,0,1
68,0,3,1,0,1
64,1,1,0,0,1
28,0,3,1,0,1
46,0,2,0,0,1
46,1,2,0,0,1
27,0,3,1,0,1
34,0,3,1,0,1
28,0,3,1,0,1
35,0,3,1,0,1
33,0,3,1,0,1
28,0,3,1,0,1
32,0,3,1,0,1
34,0,3,1,0,1
28,0,3,1,0,1
30,0,3,1,0,1
32,0,3,1,0,1
28,0,3,1,0,1
36,0,3,1,0,1
27,0,3,1,0,1
32,0,3,1,0,1
27,0,3,1,0,1
38,0,3,1,0,1
29,0,3,1,0,1
29,0,3,1,0,1
40,0,3,1,0,1
32,0,3,1,0,1
28,0,3,1,0,1
33,0,3,1,0,1
19,0,1,0,0,1
27,0,3,1,0,1
28,0,3,1,0,1
28,0,3,1,0,1
34,0,3,1,0,1
34,0,3,1,0,1
28,0,3,1,0,1
32,0,3,1,0,1
33,0,3,1,0,1
32,0,3,1,0,1
42,0,3,1,0,1
34,0,3,1,0,1
26,0,3,1,0,1
27,0,3,1,0,1
31,0,3,1,0,1
30,0,3,1,0,1
29,0,3,1,0,1
33,1,3,1,0,1
30,0,3,1,0,1
33,0,3,1,0,1
27,0,3,1,0,1
30,0,3,1,0,1
68,0,3,1,0,1
26,0,3,1,0,1
140,1,3,0,0,1
29,0,3,1,0,1
29,0,3,1,0,1
27,0,3,1,0,1
27,0,3,1,0,1
28,0,3,1,0,1
26,0,3,1,0,1
29,0,3,1,0,1
33,0,3,1,0,1
29,0,3,1,0,1
41,0,3,1,0,1
34,0,3,1,0,1
27,0,3,1,0,1
29,0,3,1,0,1
32,0,3,1,0,1
36,1,2,0,1,1
31,0,3,1,0,1
26,0,3,1,0,1
27,0,3,1,0,1
33,0,3,1,0,1
86,1,2,0,0,1
34,0,3,1,0,1
34,0,3,1,0,1
27,0,3,1,0,1
35,0,3,1,0,1
44,0,3,0,3,1
34,0,3,1,0,1
26,0,3,1,0,1
50,1,2,0,0,1
32,0,1,0,0,1
30,0,3,1,0,1
35,0,3,1,0,1
28,0,3,1,0,1
41,0,2,0,1,1
34,0,3,1,0,1
29,0,3,1,0,1
46,1,2,0,0,1
117,1,2,0,0,1
28,0,3,1,0,1
27,0,3,1,0,1
32,0,3,1,0,1
33,0,3,1,0,1
33,0,3,1,0,1
45,1,1,0,0,1
33,0,3,1,0,1
29,0,3,1,0,1
32,0,3,1,0,1
32,0,3,1,0,1
76,0,3,1,0,1
33,0,3,1,0,1
67,0,3,1,0,1
29,0,3,1,0,1
28,0,3,1,0,1
30,0,3,1,0,1
29,0,3,1,0,1
30,0,3,1,0,1
29,0,3,1,0,1
37,0,3,1,0,1
28,0,3,1,0,1
28,0,3,1,0,1
34,0,3,1,0,1
32,0,3,1,0,1
34,0,3,1,0,1
33,0,3,1,0,1
44,1,2,0,0,1
29,0,3,1,0,1
29,0,3,1,0,1
28,0,3,1,0,1
32,0,3,1,0,1
28,0,3,1,0,1
29,0,3,1,0,1
35,1,1,0,0,1
32,0,3,1,0,1
76,1,1,0,0,1
149,1,2,0,0,1
34,0,3,1,0,1
35,0,3,1,0,1
31,0,3,1,0,1
29,0,3,1,0,1
33,0,3,1,0,1
33,0,3,1,0,1
26,0,3,1,0,1
29,0,2,0,0,1
119,1,2,0,2,1
35,0,3,1,0,1
33,0,3,1,0,1
33,0,3,1,0,1
81,1,2,0,0,1
69,1,2,0,3,1
30,0,3,1,0,1
33,0,3,1,0,1
41,0,2,0,0,1
28,0,3,1,0,1
28,0,3,1,0,1
28,0,3,1,0,1
37,0,2,0,0,1
31,0,3,1,0,1
27,0,3,1,0,1
30,0,3,1,0,1
43,0,3,1,0,1
34,0,3,1,0,1
39,0,2,0,0,1
29,0,3,1,0,1
33,0,3,1,0,1
29,0,3,1,0,1
78,1,2,0,0,1
34,0,3,1,0,1
34,0,3,1,0,1
32,0,3,1,0,1
33,0,3,1,0,1
28,0,3,1,0,1
30,0,3,1,0,1
35,0,3,1,0,1
29,0,3,1,0,1
36,0,3,1,0,1
29,0,3,1,0,1
36,0,3,1,0,1
34,0,3,1,0,1
27,0,3,1,0,1
28,0,3,1,0,1
34,0,3,1,0,1
33,0,3,1,0,1
32,0,3,1,0,1
35,0,3,1,0,1
52,0,2,0,0,1
27,0,3,1,0,1
34,0,3,1,0,1
80,1,2,0,0,1
29,0,3,1,0,1
34,0,3,1,0,1
40,0,1,0,0,1
28,0,3,1,0,1
36,1,1,0,0,1
33,0,3,1,0,1
29,0,3,1,0,1
34,0,3,1,0,1
29,0,3,1,0,1
29,0,3,1,0,1
34,0,3,1,0,1
41,0,3,1,0,1
46,1,2,0,0,1
32,0,3,1,0,1
32,0,3,1,0,1
30,0,3,1,0,1
28,0,3,1,0,1
28,0,3,1,0,1
112,1,2,0,0,1
34,0,3,1,0,1
42,0,3,1,0,1
25,0,3,1,0,1
33,0,3,1,0,1
34,0,3,1,0,1
30,0,1,0,0,1
37,0,3,1,0,1
30,0,3,1,0,1
27,0,3,1,0,1
68,0,3,1,0,1
27,0,3,1,0,1
47,1,2,0,0,1
43,0,2,0,0,1
29,0,3,1,0,1
26,0,3,1,0,1
28,0,3,1,0,1
43,1,3,1,0,1
28,0,3,1,0,1
27,0,3,1,0,1
33,0,3,1,0,1
34,0,3,1,0,1
33,0,3,1,0,1
30,0,3,1,0,1
33,0,3,1,0,1
34,0,3,1,0,1
30,0,3,1,0,1
34,0,3,1,0,1
31,0,3,1,0,1
32,0,3,1,0,1
39,0,1,0,0,1
61,1,2,0,1,1
24,0,3,1,0,1
36,0,3,1,0,1
27,0,3,1,0,1
31,0,3,1,0,1
33,0,3,1,0,1
35,1,2,0,0,1
31,0,3,1,0,1
28,0,3,1,0,1
34,0,3,1,0,1
25,0,3,1,0,1
35,0,3,1,0,1
35,0,3,1,0,1
63,1,2,0,1,1
35,0,3,1,0,1
29,0,3,1,0,1
34,0,3,1,0,1
33,0,3,1,0,1
28,0,3,1,0,1
32,0,3,1,0,1
25,0,3,1,0,1
40,0,3,0,0,1
29,0,3,1,0,1
24,0,3,1,0,1
30,0,3,1,0,1
27,0,3,1,0,1
29,0,3,1,0,1
30,0,3,1,0,1
53,1,3,1,0,1
28,0,3,1,0,1
32,0,3,1,0,1
27,0,3,1,0,1
34,0,3,1,0,1
34,0,3,1,0,1
28,0,3,1,0,1
33,0,3,1,0,1
27,0,3,1,0,1
55,1,3,1,0,1
34,0,3,1,0,1
33,0,3,1,0,1
28,0,3,1,0,1
28,0,2,0,0,1
32,0,3,1,0,1
49,0,2,0,0,1
35,0,3,1,0,1
35,0,3,1,0,1
34,0,3,1,0,1
30,0,3,1,0,1
32,0,3,1,0,1
32,0,3,1,0,1
29,0,3,1,0,1
48,0,3,1,0,1
35,0,3,1,0,1
31,0,3,1,0,1
34,0,3,1,0,1
40,0,3,1,0,1
28,0,3,1,0,1
33,0,3,1,0,1
34,0,3,1,0,1
30,0,3,1,0,1
28,0,3,1,0,1
75,1,2,0,0,1
29,0,3,1,0,1
32,0,3,1,0,1
32,0,3,1,0,1
40,0,3,1,0,1
28,0,3,1,0,1
30,0,3,1,0,1
33,0,3,1,0,1
28,0,3,1,0,1
27,0,3,1,0,1
33,0,3,1,0,1
33,0,3,1,0,1
29,0,3,1,0,1
29,0,3,1,0,1
30,0,3,1,0,1
33,0,3,1,0,1
29,0,3,1,0,1
51,1,1,0,1,1
27,0,3,1,0,1
27,0,3,1,0,1
34,0,3,1,0,1
44,0,3,1,0,1
47,1,2,0,2,1
30,0,3,1,0,1
32,0,3,1,0,1
28,0,3,1,0,1
29,0,3,1,0,1
29,0,3,1,0,1
32,0,3,1,0,1
46,0,1,0,0,1
54,0,3,0,4,1
35,0,3,1,0,1
28,0,3,1,0,1
29,0,3,1,0,1
27,0,3,1,0,1
30,0,3,1,0,1
34,0,3,1,0,1
29,0,3,1,0,1
34,0,3,1,0,1
34,0,3,1,0,1
28,0,3,1,0,1
28,1,3,1,0,1
34,0,3,1,0,1
26,0,3,1,0,1
34,0,3,1,0,1
29,0,3,1,0,1
26,0,3,1,0,1
35,0,3,1,0,1
28,0,3,1,0,1
32,0,3,1,0,1
43,0,3,1,0,1
32,0,3,1,0,1
30,0,3,1,0,1
28,0,3,1,0,1
43,0,2,0,0,1
28,0,3,1,0,1
31,0,3,1,0,1
85,1,1,0,2,1
33,0,3,1,0,1
34,0,3,1,0,1
33,0,3,1,0,1
34,0,3,1,0,1
24,0,3,1,0,1
30,0,3,1,0,1
28,0,3,1,0,1
28,0,3,1,0,1
48,1,1,0,0,1
29,0,3,1,0,1
27,0,3,1,0,1
28,0,3,1,0,1
29,0,3,1,0,1
85,1,1,0,2,1
30,0,3,1,0,1
34,0,3,1,0,1
39,0,1,0,0,1
35,0,3,1,0,1
33,0,3,1,0,1
28,0,3,1,0,1
28,0,3,1,0,1
18,0,1,0,0,1
26,0,3,1,0,1
52,1,1,0,0,1
32,0,1,0,0,1
43,0,3,1,0,1
28,0,3,1,0,1
35,0,3,1,0,1
35,0,3,1,0,1
32,0,3,1,0,1
34,0,3,1,0,1
24,0,3,1,0,1
36,0,3,1,0,1
34,0,3,1,0,1
44,0,3,1,0,1
28,0,3,1,0,1
26,0,3,1,0,1
28,0,3,1,0,1
31,0,3,1,0,1
30,0,3,1,0,1
29,0,3,1,0,1
33,0,3,1,0,1
30,0,3,1,0,1
29,0,3,1,0,1
30,0,3,1,0,1
30,0,3,1,0,1
27,0,3,1,0,1
39,0,1,0,0,1
31,0,3,1,0,1
51,1,1,0,0,1
30,0,3,1,0,1
30,0,3,1,0,1
27,0,3,1,0,1
34,0,3,1,0,1
27,0,3,1,0,1
30,0,3,1,0,1
29,0,3,1,0,1
29,0,3,1,0,1
26,0,3,1,0,1
34,0,3,1,0,1
30,0,3,1,0,1
40,0,3,1,0,1
33,0,3,1,0,1
30,0,3,1,0,1
26,0,3,1,0,1
34,0,3,1,0,1
34,1,2,0,0,1
34,0,3,1,0,1
26,0,3,1,0,1
23,0,3,1,0,1
35,0,3,1,0,1
30,0,3,1,0,1
33,0,3,1,0,1
27,0,3,1,0,1
34,0,3,1,0,1
32,0,3,1,0,1
31,0,3,1,0,1
26,0,3,1,0,1
28,0,3,1,0,1
26,0,3,1,0,1
29,0,3,1,0,1
76,1,8,0,1,1
29,0,3,1,0,1
27,0,3,1,0,1
39,0,2,0,0,1
39,0,2,0,0,1
34,0,3,1,0,1
27,0,3,1,0,1
29,0,3,1,0,1
41,0,3,1,0,1
85,1,1,0,2,1
27,0,3,1,0,1
34,0,3,1,0,1
28,0,3,1,0,1
32,0,3,1,0,1
26,0,3,1,0,1
28,0,3,1,0,1
43,0,3,1,0,1
32,0,3,1,0,1
38,0,3,1,0,1
46,0,2,0,0,1
32,0,3,1,0,1
32,0,3,1,0,1
34,0,3,1,0,1
77,1,2,0,1,1
28,0,3,1,0,1
77,0,3,1,0,1
27,0,3,1,0,1
34,0,3,1,0,1
35,0,3,1,0,1
33,0,3,1,0,1
32,0,3,1,0,1
36,1,1,0,0,1
28,0,3,1,0,1
28,0,3,1,0,1
79,1,1,0,1,1
30,0,3,1,0,1
27,0,3,1,0,1
28,0,3,1,0,1
28,0,3,1,0,1
30,0,3,1,0,1
32,0,3,1,0,1
27,0,3,1,0,1
35,0,3,1,0,1
27,0,3,1,0,1
64,1,3,1,0,1
31,0,3,1,0,1
27,0,3,1,0,1
29,0,3,1,0,1
34,0,3,1,0,1
54,0,3,1,0,1
30,1,1,0,0,1
34,0,3,1,0,1
33,0,3,1,0,1
34,0,3,1,0,1
30,0,3,1,0,1
27,0,3,1,0,1
34,0,3,1,0,1
32,0,3,1,0,1
28,0,3,1,0,1
34,0,2,0,0,1
29,0,3,1,0,1
34,0,3,1,0,1
34,0,3,1,0,1
34,0,3,1,0,1
30,0,3,1,0,1
29,0,3,1,0,1
35,0,3,1,0,1
33,0,3,1,0,1
25,0,3,1,0,1
29,0,3,1,0,1
34,0,3,1,0,1
29,0,3,1,0,1
35,0,3,1,0,1
68,0,3,1,0,1
44,0,3,1,0,1
30,0,3,1,0,1
29,0,3,1,0,1
29,0,3,1,0,1
27,0,3,1,0,1
30,0,3,1,0,1
35,0,3,1,0,1
89,1,2,0,1,1
42,0,2,0,0,1
25,0,3,1,0,1
28,0,3,1,0,1
42,0,3,1,0,1
27,0,3,1,0,1
30,0,3,1,0,1
68,0,3,1,0,1
27,0,3,1,0,1
33,0,3,1,0,1
35,0,3,1,0,1
28,0,3,1,0,1
30,0,3,1,0,1
30,0,3,1,0,1
32,0,3,1,0,1
32,0,3,1,0,1
28,0,3,1,0,1
27,0,3,1,0,1
91,1,2,0,1,1
34,0,3,1,0,1
32,0,3,1,0,1
28,0,3,1,0,1
40,1,1,0,0,1
28,0,3,1,0,1
29,0,3,1,0,1
29,0,3,1,0,1
35,0,3,1,0,1
34,0,3,1,0,1
30,0,3,1,0,1
34,0,3,1,0,1
30,0,3,1,0,1
35,0,3,1,0,1
28,0,3,1,0,1
27,0,3,1,0,1
32,0,3,1,0,1
29,0,3,1,0,1
29,0,3,1,0,1
29,0,3,1,0,1
30,0,3,1,0,1
30,0,3,1,0,1
30,0,3,1,0,1
26,0,3,1,0,1
34,0,3,1,0,1
38,0,3,0,2,1
75,1,2,0,0,1
26,0,3,1,0,1
28,0,3,1,0,1
35,0,3,1,0,1
35,0,3,1,0,1
24,0,3,1,0,1
35,1,1,0,2,1
29,0,3,1,0,1
26,0,3,1,0,1
25,0,3,1,0,1
32,0,3,1,0,1
31,0,3,1,0,1
26,0,3,1,0,1
30,0,3,1,0,1
29,1,1,0,0,1
34,0,3,1,0,1
32,0,3,1,0,1
36,0,3,1,0,1
30,0,3,1,0,1
33,0,3,1,0,1
30,0,3,1,0,1
29,0,3,1,0,1
33,0,3,1,0,1
33,0,3,1,0,1
33,0,3,1,0,1
26,0,3,1,0,1
34,0,3,1,0,1
26,1,2,0,0,1
27,0,3,1,0,1
30,0,3,1,0,1
30,0,3,1,0,1
29,0,3,1,0,1
28,0,3,1,0,1
27,0,3,1,0,1
29,0,3,1,0,1
34,0,3,1,0,1
30,0,3,1,0,1
30,0,3,1,0,1
26,0,3,1,0,1
34,0,3,1,0,1
30,0,3,1,0,1
34,0,3,1,0,1
28,0,3,1,0,1
30,0,3,1,0,1
29,0,3,1,0,1
33,0,3,1,0,1
34,0,3,1,0,1
77,0,3,1,0,1
30,0,3,1,0,1
30,0,3,1,0,1
27,0,3,1,0,1
34,0,3,1,0,1
29,0,3,1,0,1
35,0,3,1,0,1
28,0,3,1,0,1
34,0,3,1,0,1
33,0,3,1,0,1
29,0,3,1,0,1
30,0,3,1,0,1
28,0,3,1,0,1
29,0,3,1,0,1
30,0,2,0,0,1
28,0,3,1,0,1
33,0,3,1,0,1
28,0,3,1,0,1
35,0,3,1,0,1
28,0,3,1,0,1
33,0,3,1,0,1
29,0,3,1,0,1
37,0,3,1,0,1
29,0,3,1,0,1
34,0,3,1,0,1
35,0,3,1,0,1
34,0,3,1,0,1
36,0,3,1,0,1
27,0,3,1,0,1
41,0,3,1,0,1
85,1,1,0,2,1
34,0,3,1,0,1
26,0,3,1,0,1
55,0,3,1,0,1
28,0,3,1,0,1
27,0,3,1,0,1
35,0,3,1,0,1
28,0,3,1,0,1
68,0,3,1,0,1
25,0,3,1,0,1
27,0,3,1,0,1
33,0,3,1,0,1
27,0,3,1,0,1
28,0,3,1,0,1
28,0,3,1,0,1
34,0,3,1,0,1
28,0,3,1,0,1
30,0,3,1,0,1
32,0,3,1,0,1
29,0,3,1,0,1
39,0,3,1,0,1
49,0,2,0,0,1
29,0,3,1,0,1
39,0,1,0,0,1
28,0,3,1,0,1
27,0,3,1,0,1
28,0,3,1,0,1
27,0,3,1,0,1
35,0,3,1,0,1
72,1,2,0,0,1
33,0,3,1,0,1
34,0,3,1,0,1
28,0,3,1,0,1
57,1,3,1,0,1
35,0,3,1,0,1
29,0,3,1,0,1
34,0,3,1,0,1
33,0,3,1,0,1
26,1,1,0,0,1
29,0,3,1,0,1
40,0,2,0,0,1
36,1,1,0,0,1
27,0,3,1,0,1
44,0,3,1,0,1
33,0,3,1,0,1
33,0,3,1,0,1
30,0,3,1,0,1
29,0,3,1,0,1
49,1,1,0,1,1
27,0,3,1,0,1
33,0,3,1,0,1
33,0,3,1,0,1
90,1,2,0,0,1
28,0,3,1,0,1
45,0,2,0,0,1
28,1,1,0,0,1
27,0,3,1,0,1
63,1,1,0,0,1
27,0,3,1,0,1
29,0,3,1,0,1
33,0,3,1,0,1
31,0,2,0,0,1
88,1,1,0,0,1
145,1,2,0,0,1
33,0,3,1,0,1
28,0,3,1,0,1
27,0,3,1,0,1
33,0,3,1,0,1
31,0,3,1,0,1
29,0,3,1,0,1
30,0,3,1,0,1
28,0,3,1,0,1
30,0,3,1,0,1
32,0,3,1,0,1
27,0,3,1,0,1
26,0,3,1,0,1
28,0,3,1,0,1
34,0,3,1,0,1
30,0,3,1,0,1
23,1,1,0,0,1
29,0,3,1,0,1
26,0,3,1,0,1
30,0,2,0,0,1
29,0,3,1,0,1
28,0,3,1,0,1
32,0,3,1,0,1
33,0,3,1,0,1
33,0,3,1,0,1
28,0,3,1,0,1
42,0,3,1,0,1
27,0,3,1,0,1
55,0,3,1,0,1
34,0,3,1,0,1
29,0,3,1,0,1
34,0,3,1,0,1
44,0,3,1,0,1
27,0,3,1,0,1
39,0,3,0,2,1
27,0,3,1,0,1
28,0,3,1,0,1
26,0,3,1,0,1
34,0,3,1,0,1
31,0,3,1,0,1
34,0,3,1,0,1
28,0,3,1,0,1
33,0,3,1,0,1
33,0,3,1,0,1
34,0,3,1,0,1
34,0,3,1,0,1
54,1,2,0,0,1
43,1,2,0,3,1
48,1,1,0,1,1
33,0,3,1,0,1
29,0,3,1,0,1
44,0,3,1,0,1
30,1,1,0,0,1
31,0,3,1,0,1
46,0,2,0,0,1
33,0,3,1,0,1
47,0,3,1,0,1
68,0,3,1,0,1
37,0,3,1,0,1
34,0,3,1,0,1
39,0,3,1,0,1
26,0,3,1,0,1
30,0,3,1,0,1
29,0,3,1,0,1
26,0,3,1,0,1
31,0,3,1,0,1
33,0,3,1,0,1
28,0,3,1,0,1
29,0,3,1,0,1
29,0,3,1,0,1
32,0,3,1,0,1
27,0,1,0,0,1
76,1,2,0,0,1
27,0,3,1,0,1
28,0,3,1,0,1
34,0,3,1,0,1
32,0,3,1,0,1
27,0,3,1,0,1
48,0,3,1,0,1
27,0,3,1,0,1
34,0,3,1,0,1
34,0,3,1,0,1
33,0,3,1,0,1
28,0,3,1,0,1
34,0,3,1,0,1
27,0,3,1,0,1
64,1,3,1,0,1
67,0,3,1,0,1
28,0,3,1,0,1
30,0,3,1,0,1
32,0,3,1,0,1
34,0,3,1,0,1
28,0,3,1,0,1
29,0,3,1,0,1
30,0,3,1,0,1
30,0,3,1,0,1
28,0,3,1,0,1
32,0,3,1,0,1
28,0,3,1,0,1
32,0,3,1,0,1
25,0,3,1,0,1
33,0,3,1,0,1
27,0,3,1,0,1
36,0,3,1,0,1
26,0,3,1,0,1
64,1,3,1,0,1
33,0,3,1,0,1
27,0,3,1,0,1
33,0,3,1,0,1
29,0,3,1,0,1
68,0,3,1,0,1
29,0,3,1,0,1
35,0,3,1,0,1
33,0,3,1,0,1
44,0,2,0,0,1
29,0,3,1,0,1
28,0,3,1,0,1
60,0,2,0,0,1
29,0,3,1,0,1
33,0,3,1,0,1
35,0,3,1,0,1
28,0,3,1,0,1
29,0,1,0,0,1
29,0,3,1,0,1
35,0,3,1,0,1
33,0,3,1,0,1
27,0,3,1,0,1
30,0,3,1,0,1
29,0,3,1,0,1
30,0,3,1,0,1
51,0,3,1,0,1
29,0,3,1,0,1
28,0,3,1,0,1
34,0,2,0,0,1
67,1,2,0,1,1
29,0,3,1,0,1
31,0,3,1,0,1
29,0,3,1,0,1
28,0,3,1,0,1
29,0,3,1,0,1
30,0,3,1,0,1
34,0,3,1,0,1
32,0,3,1,0,1
100,1,2,0,0,1
27,0,3,1,0,1
37,1,2,0,0,1
26,0,3,1,0,1
38,0,3,1,0,1
30,0,3,1,0,1
60,0,2,0,1,1
28,0,3,1,0,1
28,0,3,1,0,1
28,0,3,1,0,1
36,0,3,1,0,1
29,0,3,1,0,1
33,0,3,1,0,1
68,0,3,1,0,1
27,0,3,1,0,1
28,0,3,1,0,1
33,0,3,1,0,1
32,0,3,1,0,1
31,0,3,1,0,1
36,0,3,1,0,1
46,1,1,0,0,1
33,0,3,1,0,1
32,0,3,1,0,1
27,0,3,1,0,1
28,0,3,1,0,1
40,0,2,0,0,1
33,0,3,1,0,1
29,0,3,1,0,1
35,0,3,1,0,1
33,0,3,1,0,1
33,0,3,1,0,1
29,0,3,1,0,1
34,0,3,1,0,1
34,0,3,1,0,1
33,0,3,1,0,1
29,0,3,1,0,1
28,0,3,1,0,1
30,0,3,1,0,1
34,0,3,1,0,1
27,0,3,1,0,1
27,0,3,1,0,1
39,0,2,0,0,1
110,1,2,0,0,1
33,0,3,1,0,1
35,0,3,1,0,1
28,0,3,1,0,1
28,0,3,1,0,1
47,0,2,0,0,1
27,0,3,1,0,1
41,0,3,0,3,1
28,0,3,1,0,1
34,0,3,1,0,1
29,0,3,1,0,1
29,0,3,1,0,1
33,0,3,1,0,1
30,1,1,0,0,1
29,0,3,1,0,1
49,1,1,0,0,1
44,0,3,1,0,1
29,0,3,1,0,1
33,0,3,1,0,1
61,1,2,0,1,1
34,0,3,1,0,1
34,0,3,1,0,1
38,0,3,0,0,1
45,0,2,0,0,1
29,0,3,1,0,1
45,0,2,0,0,1
30,0,3,1,0,1
27,0,3,1,0,1
26,0,3,1,0,1
27,0,3,1,0,1
32,0,3,1,0,1
33,0,3,1,0,1
34,0,3,1,0,1
29,0,3,1,0,1
34,0,3,1,0,1
33,0,3,1,0,1
23,0,1,0,0,1
46,0,2,0,0,1
98,1,2,0,0,1
31,0,3,1,0,1
29,0,3,1,0,1
29,0,3,1,0,1
29,0,3,1,0,1
27,0,3,1,0,1
40,0,3,1,0,1
34,0,3,1,0,1
29,0,3,1,0,1
29,0,3,1,0,1
30,0,3,1,0,1
35,0,3,1,0,1
30,0,2,0,0,1
30,0,3,1,0,1
26,0,3,1,0,1
34,0,3,1,0,1
29,0,3,1,0,1
33,0,3,1,0,1
29,0,3,1,0,1
180,1,3,0,0,1
60,1,3,1,0,1
35,0,3,1,0,1
40,0,3,1,0,1
29,0,3,1,0,1
34,0,3,1,0,1
34,0,3,1,0,1
26,0,3,1,0,1
32,0,3,1,0,1
29,0,3,1,0,1
34,0,3,1,0,1
31,0,3,1,0,1
30,0,3,1,0,1
28,0,3,1,0,1
33,0,3,1,0,1
29,0,3,1,0,1
30,0,3,1,0,1
27,0,3,1,0,1
35,0,3,1,0,1
30,0,3,1,0,1
28,0,3,1,0,1
26,0,3,1,0,1
28,0,3,1,0,1
41,0,3,1,0,1
31,0,1,0,0,1
33,0,3,1,0,1
30,0,3,1,0,1
29,0,3,1,0,1
30,0,3,1,0,1
49,0,3,1,0,1
37,1,1,0,0,1
35,0,3,1,0,1
29,0,3,1,0,1
36,0,3,1,0,1
33,0,3,1,0,1
33,0,3,1,0,1
31,0,3,1,0,1
32,0,3,1,0,1
29,0,3,1,0,1
30,0,3,1,0,1
29,0,3,1,0,1
46,0,2,0,0,1
43,0,2,0,0,1
49,1,1,0,0,1
42,0,3,1,0,1
28,0,3,1,0,1
32,0,3,1,0,1
28,0,3,1,0,1
68,0,3,1,0,1
30,0,3,1,0,1
30,0,3,1,0,1
34,0,3,1,0,1
44,0,3,1,0,1
34,0,3,1,0,1
34,0,3,1,0,1
28,0,3,1,0,1
34,0,3,1,0,1
121,1,3,0,0,1
29,0,3,1,0,1
43,0,3,1,0,1
29,0,3,1,0,1
33,0,3,1,0,1
30,0,3,1,0,1
28,0,3,1,0,1
49,0,2,0,0,1
33,0,3,1,0,1
29,0,3,1,0,1
30,0,3,1,0,1
28,0,3,1,0,1
25,0,3,1,0,1
26,1,2,0,0,1
29,0,3,1,0,1
28,0,3,1,0,1
31,0,3,1,0,1
40,1,1,0,1,1
29,0,3,1,0,1
28,0,3,1,0,1
44,0,3,1,0,1
31,0,3,1,0,1
27,0,3,1,0,1
29,0,3,1,0,1
32,0,3,1,0,1
31,0,3,1,0,1
32,0,3,1,0,1
29,0,3,1,0,1
30,0,3,1,0,1
33,0,3,1,0,1
29,0,3,1,0,1
35,0,3,1,0,1
36,0,3,1,0,1
32,0,3,1,0,1
30,0,3,1,0,1
39,0,3,1,0,1
27,0,3,1,0,1
29,0,3,1,0,1
31,0,3,1,0,1
28,0,3,1,0,1
28,0,3,1,0,1
36,0,3,1,0,1
34,0,3,1,0,1
31,0,3,1,0,1
26,0,3,1,0,1
28,0,3,1,0,1
33,0,3,1,0,1
35,0,3,1,0,1
34,0,3,1,0,1
28,0,3,1,0,1
35,0,1,0,1,1
33,0,3,1,0,1
27,0,3,1,0,1
55,0,3,0,4,1
28,0,3,1,0,1
28,0,3,1,0,1
33,0,3,1,0,1
29,0,3,1,0,1
23,0,3,1,0,1
29,0,3,1,0,1
35,0,3,1,0,1
33,0,3,1,0,1
35,0,3,1,0,1
30,0,3,1,0,1
26,0,3,1,0,1
28,0,3,1,0,1
34,0,3,1,0,1
30,0,3,1,0,1
32,0,3,1,0,1
29,0,3,1,0,1
35,0,3,1,0,1
25,1,1,0,0,1
31,0,3,1,0,1
29,0,3,1,0,1
42,1,1,0,1,1
35,0,3,1,0,1
29,0,3,1,0,1
28,0,3,1,0,1
33,0,3,1,0,1
35,1,2,0,0,1
34,0,3,1,0,1
25,0,3,1,0,1
55,1,3,1,0,1
37,0,3,1,0,1
35,0,3,1,0,1
43,1,3,1,0,1
30,0,3,1,0,1
47,0,2,0,0,1
68,0,3,1,0,1
29,0,3,1,0,1
28,0,3,1,0,1
32,0,3,1,0,1
34,0,3,1,0,1
31,0,3,1,0,1
55,0,3,1,0,1
30,0,3,1,0,1
35,0,3,1,0,1
35,0,3,1,0,1
30,0,3,1,0,1
79,1,2,0,0,1
59,1,3,0,2,1
33,0,3,1,0,1
68,0,3,1,0,1
26,0,3,1,0,1
33,0,3,1,0,1
27,0,3,1,0,1
27,0,3,1,0,1
27,0,3,1,0,1
35,0,3,1,0,1
33,0,3,1,0,1
33,0,3,1,0,1
58,1,3,0,4,1
29,0,3,1,0,1
33,0,3,1,0,1
39,0,3,0,2,1
30,0,3,1,0,1
27,0,3,1,0,1
34,0,3,1,0,1
36,0,3,1,0,1
34,0,3,1,0,1
29,0,3,1,0,1
28,0,3,1,0,1
34,0,3,1,0,1
24,0,3,1,0,1
35,0,3,1,0,1
28,0,3,1,0,1
33,0,3,1,0,1
32,0,3,1,0,1
27,0,3,1,0,1
29,0,3,1,0,1
27,0,3,1,0,1
29,0,3,1,0,1
34,0,3,1,0,1
29,0,3,1,0,1
35,0,3,1,0,1
30,0,3,1,0,1
68,0,3,1,0,1
56,1,3,1,0,1
74,0,1,0,1,1
26,0,3,1,0,1
35,0,3,1,0,1
28,0,3,1,0,1
40,0,3,1,0,1
28,0,3,1,0,1
29,0,3,1,0,1
29,0,3,1,0,1
33,0,3,1,0,1
31,0,3,1,0,1
35,0,3,1,0,1
27,0,3,1,0,1
32,0,3,1,0,1
28,0,3,1,0,1
33,0,3,1,0,1
29,0,3,1,0,1
35,0,3,1,0,1
33,0,3,1,0,1
36,0,1,0,0,1
33,0,3,1,0,1
27,1,1,0,0,1
29,0,3,1,0,1
28,0,3,1,0,1
50,1,1,0,0,1
27,0,3,1,0,1
29,0,3,1,0,1
29,0,3,1,0,1
30,0,3,1,0,1
27,0,3,1,0,1
30,0,3,1,0,1
30,0,3,1,0,1
29,0,3,1,0,1
31,0,3,1,0,1
47,1,1,0,0,1
125,1,2,0,0,1
27,0,3,1,0,1
27,0,3,1,0,1
29,0,3,1,0,1
32,0,3,1,0,1
33,0,3,1,0,1
30,0,3,1,0,1
29,0,3,1,0,1
29,0,3,1,0,1
30,0,3,1,0,1
28,0,3,1,0,1
37,0,3,1,0,1
35,0,3,1,0,1
29,0,3,1,0,1
26,0,3,1,0,1
30,0,3,1,0,1
47,0,3,1,0,1
34,0,3,1,0,1
27,0,3,1,0,1
35,0,3,1,0,1
34,0,3,1,0,1
43,0,3,1,0,1
36,0,3,1,0,1
68,0,3,1,0,1
64,1,3,1,0,1
30,0,3,1,0,1
33,0,3,1,0,1
43,1,1,0,2,1
33,0,3,1,0,1
33,0,3,1,0,1
29,0,3,1,0,1
27,0,3,1,0,1
25,0,3,1,0,1
24,0,3,1,0,1
30,0,3,1,0,1
34,0,3,1,0,1
35,0,3,1,0,1
33,0,3,1,0,1
29,0,3,1,0,1
37,0,3,1,0,1
30,0,3,1,0,1
35,0,3,1,0,1
35,0,3,1,0,1
28,0,3,1,0,1
68,0,3,1,0,1
27,0,3,1,0,1
29,0,3,1,0,1
34,0,3,1,0,1
30,0,3,1,0,1
28,0,3,1,0,1
34,0,3,1,0,1
47,1,1,0,0,1
57,1,3,1,0,1
32,0,3,1,0,1
29,0,3,1,0,1
30,0,3,1,0,1
25,0,3,1,0,1
33,0,3,1,0,1
27,0,3,1,0,1
28,0,3,1,0,1
40,0,1,0,0,1
27,0,3,1,0,1
25,0,3,1,0,1
34,0,3,1,0,1
58,0,2,0,1,1
34,0,3,1,0,1
29,0,3,1,0,1
30,0,3,1,0,1
27,0,3,1,0,1
36,0,3,1,0,1
55,1,3,1,0,1
33,0,3,1,0,1
34,0,3,1,0,1
33,0,3,1,0,1
31,0,3,1,0,1
29,0,3,1,0,1
48,0,3,1,0,1
39,0,3,1,0,1
32,0,3,1,0,1
29,0,3,1,0,1
32,0,3,1,0,1
34,0,3,1,0,1
31,0,3,1,0,1
40,0,3,1,0,1
28,0,3,1,0,1
22,0,3,1,0,1
68,0,3,1,0,1
33,0,3,1,0,1
29,0,3,1,0,1
55,1,2,0,0,1
32,0,3,1,0,1
49,0,3,1,0,1
27,0,3,1,0,1
32,0,3,1,0,1
28,0,3,1,0,1
32,0,3,1,0,1
34,0,3,1,0,1
33,0,3,1,0,1
35,0,3,1,0,1
34,0,3,1,0,1
27,0,3,1,0,1
28,0,3,1,0,1
29,0,3,1,0,1
34,0,3,1,0,1
35,0,3,1,0,1
44,0,3,1,0,1
46,0,3,1,0,1
29,0,3,1,0,1
34,0,3,1,0,1
31,0,3,1,0,1
34,0,3,1,0,1
44,0,2,0,0,1
29,0,3,1,0,1
35,0,3,1,0,1
112,1,2,0,0,1
31,0,3,1,0,1
33,0,3,1,0,1
83,1,1,0,1,1
45,0,3,1,0,1
29,0,3,1,0,1
35,0,3,1,0,1
30,0,3,1,0,1
23,0,3,1,0,1
30,0,3,1,0,1
39,0,2,0,0,1
28,0,3,1,0,1
31,0,3,1,0,1
33,0,3,1,0,1
30,0,3,1,0,1
33,0,3,1,0,1
27,0,3,1,0,1
34,0,3,1,0,1
25,0,3,1,0,1
31,0,3,1,0,1
35,0,3,1,0,1
32,0,3,1,0,1
29,0,3,1,0,1
30,0,3,1,0,1
27,0,3,1,0,1
33,0,3,1,0,1
27,0,3,1,0,1
34,0,3,1,0,1
29,0,3,1,0,1
27,0,3,1,0,1
34,0,3,1,0,1
28,0,3,1,0,1
33,0,3,1,0,1
36,0,3,1,0,1
28,0,3,1,0,1
44,0,2,0,0,1
48,1,1,0,1,1
28,0,3,1,0,1
34,0,3,1,0,1
26,0,3,1,0,1
27,0,3,1,0,1
50,1,3,0,0,1
27,0,3,1,0,1
32,0,3,1,0,1
24,0,3,1,0,1
29,0,3,1,0,1
27,0,3,1,0,1
42,0,3,1,0,1
27,0,3,1,0,1
28,0,3,1,0,1
34,0,3,1,0,1
31,0,3,1,0,1
29,0,3,1,0,1
29,0,3,1,0,1
29,0,3,1,0,1
47,1,2,0,0,1
27,0,3,1,0,1
34,0,3,1,0,1
56,0,3,0,4,1
35,0,3,1,0,1
34,0,3,1,0,1
33,0,3,1,0,1
33,0,3,1,0,1
28,0,3,1,0,1
36,0,3,1,0,1
28,0,3,1,0,1
29,0,3,1,0,1
26,1,3,1,0,1
39,0,3,1,0,1
34,0,3,1,0,1
27,0,3,1,0,1
29,0,3,1,0,1
29,0,3,1,0,1
29,0,3,1,0,1
29,0,3,1,0,1
34,0,3,1,0,1
33,0,3,1,0,1
30,0,3,1,0,1
34,0,3,1,0,1
34,0,3,1,0,1
34,0,3,1,0,1
31,0,3,1,0,1
51,0,2,0,0,1
34,0,3,1,0,1
32,0,3,1,0,1
32,0,3,1,0,1
29,0,3,1,0,1
29,0,3,1,0,1
29,0,3,1,0,1
35,0,3,1,0,1
43,0,3,1,0,1
33,0,3,1,0,1
35,0,3,1,0,1
30,0,3,1,0,1
33,0,3,1,0,1
85,1,1,0,2,1
28,0,3,1,0,1
34,0,3,1,0,1
29,0,3,1,0,1
27,1,2,0,0,1
68,0,3,1,0,1
28,0,3,1,0,1
30,0,3,1,0,1
29,0,3,1,0,1
33,0,3,1,0,1
59,1,3,0,2,1
38,0,3,0,0,1
27,0,3,1,0,1
33,0,3,1,0,1
33,0,3,1,0,1
26,0,3,1,0,1
35,0,3,1,0,1
29,0,3,1,0,1
34,0,3,1,0,1
35,0,3,1,0,1
34,0,3,1,0,1
35,0,3,1,0,1
24,0,3,1,0,1
28,0,3,1,0,1
30,0,3,1,0,1
29,0,3,1,0,1
27,0,3,1,0,1
29,0,3,1,0,1
28,0,3,1,0,1
34,0,3,1,0,1
33,0,3,1,0,1
29,0,3,1,0,1
85,1,1,0,2,1
57,1,3,0,0,1
33,0,3,1,0,1
28,0,3,1,0,1
29,0,3,1,0,1
30,0,3,1,0,1
30,0,3,1,0,1
121,1,2,0,0,1
29,0,3,1,0,1
29,0,3,1,0,1
27,0,3,1,0,1
28,0,3,1,0,1
42,0,3,1,0,1
29,0,3,1,0,1
31,1,1,0,0,1
28,0,3,1,0,1
33,0,3,1,0,1
30,0,3,1,0,1
29,0,3,1,0,1
28,0,3,1,0,1
35,0,3,1,0,1
29,0,3,1,0,1
34,0,3,1,0,1
40,0,3,1,0,1
30,0,3,1,0,1
54,1,1,0,0,1
64,1,3,1,0,1
33,0,3,1,0,1
46,0,3,1,0,1
64,1,3,1,0,1
27,0,3,1,0,1
29,0,3,1,0,1
29,0,3,1,0,1
28,0,3,1,0,1
52,1,1,0,0,1
35,0,3,1,0,1
47,1,2,0,0,1
27,0,3,1,0,1
20,1,1,0,0,1
27,0,3,1,0,1
28,0,3,1,0,1
29,0,3,1,0,1
27,0,3,1,0,1
29,0,3,1,0,1
28,0,3,1,0,1
44,0,3,1,0,1
29,0,3,1,0,1
48,1,2,0,2,1
27,0,3,1,0,1
52,1,1,0,1,1
28,0,3,1,0,1
70,0,3,1,0,1
68,0,3,1,0,1
27,0,3,1,0,1
33,0,3,1,0,1
29,0,3,1,0,1
38,0,3,1,0,1
34,0,3,1,0,1
35,0,3,1,0,1
37,0,3,1,0,1
29,0,3,1,0,1
28,0,3,1,0,1
38,1,2,0,0,1
34,0,3,1,0,1
34,0,3,1,0,1
29,0,3,1,0,1
37,0,3,1,0,1
25,0,3,1,0,1
44,0,2,0,0,1
34,0,3,1,0,1
29,0,3,1,0,1
29,0,3,1,0,1
29,0,3,1,0,1
27,0,3,1,0,1
28,0,3,1,0,1
35,0,3,1,0,1
75,1,2,0,0,1
29,0,3,1,0,1
41,0,3,1,0,1
34,0,3,1,0,1
26,0,3,1,0,1
27,0,3,1,0,1
39,0,3,1,0,1
34,0,3,1,0,1
35,0,3,1,0,1
34,0,3,1,0,1
28,0,3,1,0,1
28,0,3,1,0,1
35,0,3,1,0,1
30,0,3,1,0,1
25,1,2,0,0,1
27,0,3,1,0,1
29,0,3,1,0,1
39,0,3,1,0,1
34,0,3,1,0,1
29,0,3,1,0,1
32,0,3,1,0,1
28,0,3,1,0,1
25,0,3,1,0,1
30,0,3,1,0,1
28,0,3,1,0,1
26,0,3,1,0,1
35,0,3,1,0,1
29,0,3,1,0,1
35,0,3,1,0,1
36,1,1,0,0,1
28,0,3,1,0,1
32,0,3,1,0,1
32,0,3,1,0,1
52,1,1,0,0,1
33,0,3,1,0,1
84,1,2,0,0,1
27,0,3,1,0,1
30,0,3,1,0,1
31,0,3,1,0,1
38,0,1,0,0,1
40,0,3,1,0,1
30,0,3,1,0,1
18,0,1,0,0,1
34,0,3,1,0,1
32,0,3,1,0,1
29,0,3,1,0,1
24,0,3,1,0,1
32,0,3,1,0,1
25,0,3,1,0,1
24,0,3,1,0,1
32,0,3,1,0,1
29,0,3,1,0,1
28,0,3,1,0,1
33,0,3,1,0,1
34,0,3,1,0,1
24,0,3,1,0,1
33,0,3,1,0,1
36,0,3,1,0,1
41,0,3,1,0,1
33,0,3,1,0,1
33,0,3,1,0,1
93,1,2,0,0,1
38,1,1,0,0,1
27,0,3,1,0,1
29,0,3,1,0,1
24,0,3,1,0,1
31,0,3,1,0,1
28,0,3,1,0,1
25,0,3,1,0,1
37,1,1,0,0,1
29,0,3,1,0,1
28,0,3,1,0,1
33,0,3,1,0,1
35,0,3,1,0,1
64,1,3,1,0,1
34,0,3,1,0,1
27,0,3,1,0,1
28,0,3,1,0,1
37,0,2,0,0,1
29,0,3,1,0,1
28,0,3,1,0,1
27,0,3,1,0,1
34,0,3,1,0,1
25,0,1,0,0,1
27,0,3,1,0,1
41,0,3,1,0,1
33,0,3,1,0,1
28,0,3,1,0,1
34,0,3,1,0,1
30,0,3,1,0,1
25,0,3,1,0,1
59,1,2,0,0,1
32,0,3,1,0,1
43,1,2,0,0,1
68,0,3,1,0,1
27,0,3,1,0,1
64,1,3,1,0,1
37,0,3,1,0,1
29,0,3,1,0,1
34,0,3,1,0,1
28,0,3,1,0,1
30,0,3,1,0,1
36,1,1,0,0,1
30,0,3,1,0,1
28,0,3,1,0,1
28,0,3,1,0,1
37,0,3,1,0,1
25,0,3,1,0,1
32,0,3,1,0,1
34,0,3,1,0,1
29,0,3,1,0,1
28,0,3,1,0,1
39,0,3,1,0,1
27,0,3,1,0,1
64,1,3,1,0,1
34,0,3,1,0,1
35,0,3,1,0,1
32,0,3,1,0,1
33,0,3,1,0,1
68,0,3,1,0,1
29,0,3,1,0,1
29,0,3,1,0,1
33,0,3,1,0,1
32,0,3,1,0,1
44,1,1,0,0,1
32,0,3,1,0,1
34,0,3,1,0,1
31,0,3,1,0,1
35,0,3,1,0,1
29,0,3,1,0,1
29,0,3,1,0,1
34,0,2,0,0,1
43,0,3,1,0,1
33,0,3,1,0,1
30,0,3,1,0,1
26,0,3,1,0,1
56,1,3,1,0,1
35,0,3,1,0,1
31,0,3,1,0,1
33,0,3,1,0,1
30,0,3,1,0,1
26,0,3,1,0,1
28,0,3,1,0,1
59,1,3,0,2,1
106,0,3,1,0,1
30,0,3,1,0,1
40,0,2,0,0,1
33,1,1,0,0,1
34,0,3,1,0,1
25,0,3,1,0,1
43,0,3,1,0,1
43,0,3,1,0,1
29,0,3,1,0,1
28,0,3,1,0,1
28,0,3,1,0,1
62,1,1,0,1,1
42,1,2,0,0,1
45,1,1,0,2,1
27,0,3,1,0,1
28,0,3,1,0,1
27,0,3,1,0,1
82,1,2,0,0,1
27,0,1,0,0,1
31,0,3,1,0,1
36,0,2,0,0,1
68,0,3,1,0,1
29,0,3,1,0,1
37,0,3,1,0,1
49,0,2,0,0,1
29,0,3,1,0,1
30,0,3,1,0,1
28,0,3,1,0,1
29,0,3,1,0,1
34,0,3,1,0,1
29,0,3,1,0,1
32,0,3,1,0,1
28,0,3,1,0,1
34,0,3,1,0,1
49,0,2,0,0,1
28,0,3,1,0,1
32,0,3,1,0,1
28,0,3,1,0,1
27,0,3,1,0,1
64,1,3,1,0,1
34,0,3,1,0,1
26,0,3,1,0,1
26,0,3,1,0,1
28,0,3,1,0,1
68,0,3,1,0,1
30,0,3,1,0,1
29,0,3,1,0,1
28,0,3,1,0,1
30,0,3,1,0,1
28,0,3,1,0,1
35,0,3,1,0,1
28,0,3,1,0,1
38,0,3,1,0,1
30,0,3,1,0,1
64,1,3,1,0,1
28,0,3,1,0,1
33,0,3,1,0,1
29,0,3,1,0,1
34,0,3,1,0,1
28,0,3,1,0,1
34,0,3,1,0,1
28,0,3,1,0,1
34,0,3,1,0,1
32,0,3,1,0,1
28,0,3,1,0,1
30,0,3,1,0,1
30,0,3,1,0,1
26,0,3,1,0,1
36,0,3,1,0,1
54,1,3,1,0,1
37,0,3,1,0,1
29,0,3,1,0,1
28,0,3,1,0,1
28,0,3,1,0,1
28,0,3,1,0,1
26,0,3,1,0,1
33,0,3,1,0,1
46,1,2,0,0,1
35,0,3,1,0,1
33,0,3,1,0,1
28,0,3,1,0,1
27,0,3,1,0,1
42,1,1,0,0,1
27,0,3,1,0,1
30,0,3,1,0,1
33,0,3,1,0,1
74,1,2,0,0,1
27,0,3,1,0,1
42,0,3,1,0,1
43,0,3,1,0,1
27,0,3,1,0,1
34,0,3,1,0,1
43,0,2,0,0,1
34,0,3,1,0,1
27,0,3,1,0,1
28,0,3,1,0,1
22,1,1,0,0,1
28,0,3,1,0,1
25,0,3,1,0,1
27,0,3,1,0,1
29,0,3,1,0,1
29,0,3,1,0,1
27,0,3,1,0,1
53,0,3,1,0,1
33,0,3,1,0,1
26,0,3,1,0,1
25,0,3,1,0,1
115,1,2,0,0,1
30,0,3,1,0,1
29,0,3,1,0,1
34,0,3,1,0,1
29,0,3,1,0,1
34,0,3,1,0,1
30,0,3,1,0,1
35,0,3,1,0,1
32,0,3,1,0,1
28,0,3,1,0,1
33,0,3,1,0,1
34,0,3,1,0,1
80,1,2,0,0,1
33,0,3,1,0,1
28,0,3,1,0,1
28,0,3,1,0,1
44,0,3,1,0,1
28,0,3,1,0,1
29,0,3,1,0,1
33,0,3,1,0,1
31,0,3,1,0,1
21,0,3,1,0,1
31,0,3,1,0,1
38,1,1,0,0,1
45,1,1,0,0,1
46,0,2,0,0,1
35,0,3,1,0,1
30,0,3,1,0,1
28,0,3,1,0,1
26,0,3,1,0,1
33,0,3,1,0,1
35,0,3,1,0,1
33,0,3,1,0,1
32,0,3,1,0,1
35,0,3,1,0,1
27,0,3,1,0,1
27,0,3,1,0,1
30,0,3,1,0,1
33,0,3,1,0,1
33,0,3,1,0,1
29,0,3,1,0,1
29,0,3,1,0,1
39,0,3,1,0,1
34,0,3,1,0,1
29,0,3,1,0,1
34,0,3,1,0,1
32,0,3,1,0,1
27,0,3,1,0,1
33,0,3,1,0,1
25,0,3,1,0,1
60,1,1,0,0,1
40,0,3,1,0,1
32,0,3,1,0,1
34,0,3,1,0,1
27,0,3,1,0,1
34,0,3,1,0,1
30,0,3,1,0,1
31,0,3,1,0,1
33,0,3,1,0,1
34,0,3,1,0,1
37,1,2,0,0,1
31,0,3,1,0,1
28,0,3,1,0,1
49,0,2,0,0,1
30,0,3,1,0,1
28,0,3,1,0,1
104,1,2,0,0,1
28,0,3,1,0,1
42,0,2,0,0,1
31,0,3,1,0,1
34,0,3,1,0,1
28,0,3,1,0,1
30,0,3,1,0,1
35,0,3,1,0,1
29,0,3,1,0,1
33,0,3,1,0,1
29,0,3,1,0,1
29,0,3,1,0,1
53,1,2,0,0,1
37,0,3,1,0,1
34,0,3,1,0,1
29,0,3,1,0,1
33,0,3,1,0,1
31,0,3,1,0,1
32,0,3,1,0,1
57,0,3,0,4,1
31,0,3,1,0,1
27,0,3,1,0,1
27,0,3,1,0,1
42,0,3,1,0,1
28,0,3,1,0,1
29,0,3,1,0,1
28,0,3,1,0,1
35,0,3,1,0,1
29,0,3,1,0,1
30,0,3,1,0,1
34,0,3,1,0,1
28,0,3,1,0,1
28,0,3,1,0,1
29,0,3,1,0,1
33,0,3,1,0,1
28,0,3,1,0,1
23,0,1,0,0,1
32,0,3,1,0,1
28,0,3,1,0,1
28,0,3,1,0,1
29,0,3,1,0,1
28,0,3,1,0,1
36,0,3,1,0,1
29,0,3,1,0,1
30,0,3,1,0,1
26,0,3,1,0,1
31,0,2,0,0,1
32,0,3,1,0,1
29,0,3,1,0,1
25,0,3,1,0,1
32,0,3,1,0,1
33,0,3,1,0,1
41,0,3,1,0,1
33,0,3,1,0,1
33,0,3,1,0,1
31,0,3,1,0,1
33,0,3,1,0,1
67,1,2,0,1,1
34,0,3,1,0,1
34,0,3,1,0,1
36,0,3,1,0,1
31,0,3,1,0,1
34,0,3,1,0,1
44,1,2,0,0,1
29,0,3,1,0,1
29,0,3,1,0,1
25,0,3,1,0,1
30,0,3,1,0,1
112,1,2,0,0,1
32,0,3,1,0,1
74,1,2,0,0,1
31,0,3,1,0,1
36,0,3,1,0,1
30,0,3,1,0,1
28,0,3,1,0,1
29,0,3,1,0,1
34,0,3,1,0,1
49,0,2,0,0,1
33,0,3,1,0,1
46,0,3,1,0,1
35,0,3,1,0,1
34,0,3,1,0,1
31,0,3,1,0,1
29,0,3,1,0,1
29,0,3,1,0,1
35,1,2,0,0,1
28,0,3,1,0,1
28,0,3,1,0,1
29,0,3,1,0,1
49,0,2,0,0,1
31,0,3,1,0,1
46,0,2,0,4,1
29,0,3,1,0,1
32,0,3,1,0,1
33,0,3,1,0,1
29,0,3,1,0,1
33,0,3,1,0,1
33,0,3,1,0,1
29,0,3,1,0,1
33,0,3,1,0,1
33,0,3,1,0,1
30,0,3,1,0,1
34,0,3,1,0,1
29,0,3,1,0,1
83,1,1,0,0,1
34,0,3,1,0,1
28,0,3,1,0,1
18,0,1,0,0,1
34,0,3,1,0,1
34,0,3,1,0,1
28,0,3,1,0,1
35,0,3,1,0,1
59,1,3,0,2,1
35,0,3,1,0,1
34,0,3,1,0,1
28,0,3,1,0,1
32,0,3,1,0,1
34,0,3,1,0,1
27,0,3,1,0,1
29,0,3,1,0,1
27,0,3,1,0,1
34,0,3,1,0,1
32,0,3,1,0,1
33,0,3,1,0,1
80,1,2,0,0,1
27,0,3,1,0,1
33,0,3,1,0,1
30,0,3,1,0,1
36,0,3,1,0,1
29,0,3,1,0,1
26,0,3,1,0,1
34,0,3,1,0,1
32,0,3,1,0,1
32,0,3,1,0,1
29,0,3,1,0,1
30,0,3,1,0,1
50,1,3,0,0,1
32,0,3,1,0,1
36,0,3,1,0,1
28,0,3,1,0,1
33,0,3,1,0,1
32,0,3,1,0,1
28,0,3,1,0,1
46,1,1,0,1,1
172,1,3,0,0,1
19,0,1,0,0,1
34,0,3,1,0,1
28,0,3,1,0,1
31,0,3,1,0,1
35,0,3,1,0,1
28,0,3,1,0,1
28,0,3,1,0,1
33,0,3,1,0,1
33,0,3,1,0,1
30,0,3,1,0,1
68,0,3,1,0,1
31,0,3,1,0,1
34,0,3,1,0,1
84,1,2,0,0,1
34,0,3,1,0,1
28,0,3,1,0,1
26,0,3,1,0,1
27,0,3,1,0,1
30,0,3,1,0,1
33,0,3,1,0,1
34,0,3,1,0,1
68,0,3,1,0,1
32,0,3,1,0,1
27,0,3,1,0,1
35,0,3,1,0,1
29,0,3,1,0,1
61,0,2,0,2,1
29,0,3,1,0,1
32,0,3,1,0,1
33,0,3,1,0,1
55,1,3,1,0,1
34,0,3,1,0,1
33,0,3,1,0,1
28,0,3,1,0,1
31,0,3,1,0,1
63,1,2,0,1,1
30,0,3,1,0,1
29,0,3,1,0,1
30,0,3,1,0,1
26,0,3,1,0,1
32,0,3,1,0,1
30,0,3,1,0,1
33,0,3,1,0,1
28,0,3,1,0,1
31,0,3,1,0,1
35,0,3,1,0,1
68,0,3,1,0,1
35,0,3,1,0,1
75,1,2,0,1,1
33,0,3,1,0,1
29,0,3,1,0,1
39,0,3,1,0,1
33,0,3,1,0,1
29,0,3,1,0,1
34,0,3,1,0,1
28,0,3,1,0,1
33,0,3,1,0,1
29,0,3,1,0,1
33,0,3,1,0,1
64,1,3,1,0,1
75,1,2,0,0,1
40,1,1,0,2,1
27,0,3,1,0,1
30,0,3,1,0,1
35,0,3,1,0,1
34,0,3,1,0,1
28,0,3,1,0,1
28,0,3,1,0,1
34,0,3,1,0,1
36,0,3,1,0,1
25,0,3,1,0,1
32,0,3,1,0,1
35,0,3,1,0,1
29,0,3,1,0,1
68,0,3,1,0,1
28,0,3,1,0,1
27,0,3,1,0,1
46,0,3,1,0,1
32,0,3,1,0,1
55,0,3,1,0,1
33,0,3,1,0,1
29,0,3,1,0,1
30,0,3,1,0,1
29,0,3,1,0,1
33,0,3,1,0,1
36,0,3,1,0,1
27,0,3,1,0,1
33,0,3,1,0,1
28,0,3,1,0,1
30,0,3,1,0,1
24,0,3,1,0,1
29,0,3,1,0,1
29,0,3,1,0,1
28,0,3,1,0,1
55,1,3,1,0,1
68,0,3,1,0,1
29,0,3,1,0,1
27,0,3,1,0,1
29,0,3,1,0,1
27,0,3,1,0,1
30,0,3,1,0,1
34,0,3,1,0,1
36,1,2,0,0,1
28,0,3,1,0,1
27,0,3,1,0,1
27,0,3,1,0,1
31,0,3,1,0,1
53,1,2,0,0,1
30,0,3,1,0,1
35,0,3,1,0,1
32,0,3,1,0,1
27,0,3,1,0,1
34,0,3,1,0,1
29,0,3,1,0,1
26,0,3,1,0,1
29,0,3,1,0,1
29,0,3,1,0,1
28,0,3,1,0,1
27,0,3,1,0,1
36,0,2,0,0,1
24,0,3,1,0,1
34,0,3,1,0,1
34,0,3,1,0,1
34,0,3,1,0,1
49,0,2,0,0,1
33,0,2,0,0,1
34,0,3,1,0,1
33,0,3,1,0,1
34,0,3,1,0,1
26,0,3,1,0,1
27,0,3,1,0,1
27,0,3,1,0,1
32,0,3,1,0,1
64,1,3,1,0,1
33,0,3,1,0,1
68,0,3,1,0,1
33,0,3,1,0,1
26,0,3,1,0,1
28,0,3,1,0,1
23,0,3,1,0,1
26,0,3,1,0,1
48,1,2,0,1,1
27,0,3,1,0,1
25,0,3,1,0,1
32,0,2,0,0,1
27,0,3,1,0,1
33,0,3,1,0,1
33,0,3,1,0,1
68,0,3,1,0,1
28,0,3,1,0,1
27,0,3,1,0,1
33,0,3,1,0,1
25,0,3,1,0,1
24,0,3,1,0,1
29,0,3,1,0,1
35,0,3,1,0,1
34,0,3,1,0,1
36,0,3,1,0,1
33,0,3,1,0,1
28,0,3,1,0,1
29,0,3,1,0,1
28,0,3,1,0,1
29,0,3,1,0,1
26,0,3,1,0,1
32,0,3,1,0,1
30,0,3,1,0,1
33,0,3,1,0,1
35,0,3,1,0,1
27,0,3,1,0,1
27,0,3,1,0,1
32,0,3,1,0,1
34,0,3,1,0,1
33,0,3,1,0,1
26,0,3,1,0,1
34,0,3,1,0,1
30,0,3,1,0,1
28,0,3,1,0,1
36,0,3,1,0,1
30,0,3,1,0,1
114,1,3,0,0,1
39,0,3,1,0,1
29,0,3,1,0,1
28,0,3,1,0,1
35,0,3,1,0,1
30,0,3,1,0,1
35,0,3,1,0,1
35,0,3,1,0,1
37,0,3,1,0,1
27,0,3,1,0,1
31,0,3,1,0,1
56,0,3,0,4,1
34,0,3,1,0,1
32,0,3,1,0,1
27,0,3,1,0,1
33,0,3,1,0,1
28,0,3,1,0,1
33,0,3,1,0,1
29,0,3,1,0,1
28,0,3,1,0,1
29,0,3,1,0,1
29,0,3,1,0,1
28,0,3,1,0,1
29,0,3,1,0,1
26,0,3,1,0,1
50,1,1,0,0,1
29,0,3,1,0,1
29,0,3,1,0,1
31,0,3,1,0,1
32,0,3,1,0,1
33,0,3,1,0,1
28,0,3,1,0,1
29,0,3,1,0,1
32,0,3,1,0,1
33,0,3,1,0,1
33,0,3,1,0,1
34,0,3,1,0,1
34,0,3,1,0,1
30,0,3,1,0,1
26,0,3,1,0,1
26,0,3,1,0,1
33,0,3,1,0,1
34,0,3,1,0,1
27,0,3,1,0,1
29,0,3,1,0,1
27,0,3,1,0,1
38,0,3,1,0,1
30,0,3,1,0,1
28,0,3,1,0,1
33,0,3,1,0,1
33,0,3,1,0,1
35,0,3,1,0,1
26,0,3,1,0,1
28,0,3,1,0,1
35,0,3,1,0,1
41,0,3,1,0,1
34,0,3,1,0,1
29,0,3,1,0,1
30,0,3,1,0,1
27,0,3,1,0,1
98,1,2,0,0,1
64,1,3,1,0,1
30,0,3,1,0,1
35,0,3,1,0,1
30,0,3,1,0,1
35,0,3,1,0,1
34,0,3,1,0,1
30,0,3,1,0,1
34,0,3,1,0,1
32,0,3,1,0,1
26,0,3,1,0,1
27,0,3,1,0,1
28,0,3,1,0,1
29,0,3,1,0,1
28,0,3,1,0,1
29,0,3,1,0,1
28,0,3,1,0,1
34,0,3,1,0,1
40,0,2,0,0,1
29,0,3,1,0,1
27,0,3,1,0,1
47,0,3,1,0,1
41,0,3,1,0,1
28,0,3,1,0,1
32,0,3,1,0,1
29,0,3,1,0,1
32,0,3,1,0,1
50,1,1,0,0,1
27,0,3,1,0,1
29,0,3,1,0,1
28,0,3,1,0,1
32,0,3,1,0,1
24,0,3,1,0,1
40,0,3,1,0,1
26,0,3,1,0,1
28,0,3,1,0,1
30,0,3,1,0,1
29,0,3,1,0,1
34,0,3,1,0,1
34,0,3,1,0,1
35,0,3,1,0,1
30,0,3,1,0,1
28,0,3,1,0,1
29,0,3,1,0,1
37,1,2,0,0,1
29,0,3,1,0,1
28,0,3,1,0,1
29,0,3,1,0,1
35,0,3,1,0,1
80,1,2,0,0,1
36,0,3,1,0,1
30,0,3,1,0,1
27,0,3,1,0,1
27,0,3,1,0,1
46,0,3,1,0,1
33,0,3,1,0,1
35,0,3,1,0,1
56,1,1,0,0,1
54,1,3,1,0,1
35,0,3,1,0,1
76,0,3,1,0,1
27,0,3,1,0,1
29,0,3,1,0,1
48,1,2,0,0,1
32,0,3,1,0,1
29,0,3,1,0,1
68,0,3,1,0,1
26,0,3,1,0,1
30,0,3,1,0,1
28,0,3,1,0,1
30,0,3,1,0,1
28,0,3,1,0,1
35,0,3,1,0,1
107,1,2,0,0,1
32,0,3,1,0,1
26,0,3,1,0,1
29,0,3,1,0,1
65,1,2,0,0,1
35,0,3,1,0,1
32,0,3,1,0,1
29,0,3,1,0,1
28,0,3,1,0,1
33,0,3,1,0,1
43,0,3,1,0,1
33,0,3,1,0,1
29,0,3,1,0,1
28,0,3,1,0,1
25,1,1,0,1,1
35,0,3,1,0,1
34,0,3,1,0,1
29,0,3,1,0,1
34,0,3,1,0,1
32,0,3,1,0,1
31,0,3,1,0,1
34,0,3,1,0,1
27,0,3,1,0,1
27,0,3,1,0,1
30,0,3,1,0,1
96,1,2,0,0,1
46,1,3,1,0,1
22,0,1,0,0,1
32,0,3,1,0,1
30,0,3,1,0,1
36,0,3,1,0,1
34,0,3,1,0,1
64,1,3,1,0,1
50,1,1,0,0,1
28,0,3,1,0,1
33,0,3,1,0,1
34,0,3,1,0,1
37,0,2,0,0,1
33,0,3,1,0,1
39,1,1,0,0,1
29,0,3,1,0,1
33,1,1,0,0,1
34,0,3,1,0,1
30,0,3,1,0,1
27,0,3,1,0,1
34,0,3,1,0,1
27,0,3,1,0,1
27,0,3,1,0,1
68,0,3,1,0,1
34,0,3,1,0,1
29,0,3,1,0,1
38,0,3,0,0,1
30,0,3,1,0,1
29,0,3,1,0,1
31,0,3,1,0,1
23,0,3,1,0,1
27,0,3,1,0,1
30,0,3,1,0,1
26,0,3,1,0,1
28,0,3,1,0,1
33,0,3,1,0,1
29,0,3,1,0,1
28,0,3,1,0,1
33,0,3,1,0,1
35,0,3,1,0,1
29,0,3,1,0,1
36,0,3,1,0,1
30,0,3,1,0,1
28,0,3,1,0,1
33,0,3,1,0,1
33,0,3,1,0,1
29,0,3,1,0,1
33,0,3,1,0,1
25,1,3,1,0,1
22,0,1,0,0,1
27,0,3,1,0,1
34,0,3,1,0,1
29,0,3,1,0,1
27,0,3,1,0,1
25,0,3,1,0,1
52,0,2,0,0,1
29,0,3,1,0,1
29,0,3,1,0,1
27,0,3,1,0,1
34,0,3,1,0,1
32,0,3,1,0,1
27,0,3,1,0,1
33,0,3,1,0,1
28,0,3,1,0,1
34,0,3,1,0,1
29,0,3,1,0,1
29,0,3,1,0,1
19,1,1,0,0,1
30,0,2,0,0,1
33,0,3,1,0,1
34,0,3,1,0,1
30,0,3,1,0,1
34,0,3,1,0,1
31,0,3,1,0,1
29,0,3,1,0,1
29,0,3,1,0,1
38,0,2,0,0,1
29,0,3,1,0,1
28,0,3,1,0,1
32,0,3,1,0,1
30,0,3,1,0,1
29,0,3,1,0,1
29,0,3,1,0,1
28,0,3,1,0,1
44,0,3,1,0,1
28,0,3,1,0,1
33,0,3,1,0,1
28,0,3,1,0,1
30,0,3,1,0,1
27,0,3,1,0,1
32,0,3,1,0,1
91,1,1,0,0,1
33,0,3,1,0,1
29,0,3,1,0,1
32,0,3,1,0,1
41,0,3,1,0,1
29,0,3,1,0,1
32,0,3,1,0,1
30,0,2,0,0,1
29,0,3,1,0,1
28,0,3,1,0,1
35,0,3,1,0,1
31,0,3,1,0,1
30,0,3,1,0,1
28,0,3,1,0,1
32,0,3,1,0,1
28,0,3,1,0,1
41,0,3,1,0,1
35,0,1,0,0,1
27,0,3,1,0,1
29,0,3,1,0,1
33,0,3,1,0,1
30,0,3,1,0,1
31,0,3,1,0,1
71,0,3,1,0,1
33,0,3,1,0,1
28,0,3,1,0,1
26,0,3,1,0,1
30,0,3,1,0,1
29,0,3,1,0,1
29,0,3,1,0,1
25,1,3,1,0,1
28,0,3,1,0,1
28,0,3,1,0,1
45,1,3,1,0,1
30,1,1,0,0,1
26,0,3,1,0,1
47,1,2,0,0,1
68,0,3,1,0,1
79,1,2,0,1,1
33,0,3,1,0,1
46,0,3,1,0,1
28,0,3,1,0,1
27,0,3,1,0,1
28,0,3,1,0,1
33,0,3,1,0,1
39,0,3,1,0,1
29,0,3,1,0,1
32,0,3,1,0,1
85,1,1,0,2,1
31,0,3,1,0,1
29,0,3,1,0,1
34,0,3,1,0,1
28,0,3,1,0,1
64,1,3,1,0,1
27,0,3,1,0,1
33,0,3,1,0,1
35,0,2,0,0,1
35,0,3,1,0,1
27,0,3,1,0,1
28,0,3,1,0,1
30,0,3,1,0,1
29,0,3,1,0,1
29,0,3,1,0,1
29,0,3,1,0,1
30,0,3,1,0,1
52,1,1,0,0,1
32,0,3,1,0,1
34,0,3,1,0,1
29,0,3,1,0,1
28,0,3,1,0,1
30,0,3,1,0,1
28,0,3,1,0,1
28,0,3,1,0,1
22,1,1,0,0,1
30,0,3,1,0,1
32,0,3,1,0,1
34,0,3,1,0,1
28,0,3,1,0,1
29,0,3,1,0,1
25,0,3,1,0,1
29,0,3,1,0,1
30,0,3,1,0,1
27,0,3,1,0,1
32,0,3,1,0,1
31,0,3,1,0,1
27,0,3,1,0,1
28,0,3,1,0,1
33,0,3,1,0,1
68,0,3,1,0,1
33,0,3,1,0,1
33,0,3,1,0,1
30,0,3,1,0,1
44,1,2,0,0,1
30,0,3,1,0,1
30,0,3,1,0,1
28,0,3,1,0,1
27,0,3,1,0,1
26,0,3,1,0,1
27,0,3,1,0,1
28,0,3,1,0,1
35,0,3,1,0,1
34,0,3,1,0,1
28,0,3,1,0,1
32,0,3,1,0,1
26,0,3,1,0,1
33,0,3,1,0,1
31,0,3,1,0,1
29,0,3,1,0,1
33,0,3,1,0,1
36,0,3,1,0,1
36,1,2,0,0,1
31,0,3,1,0,1
29,0,3,1,0,1
35,0,3,1,0,1
35,0,3,1,0,1
33,0,3,1,0,1
32,0,3,1,0,1
64,1,3,0,3,1
32,0,3,1,0,1
39,1,1,0,1,1
30,0,3,1,0,1
46,0,3,1,0,1
62,1,2,0,0,1
29,0,3,1,0,1
33,0,3,1,0,1
75,1,2,0,0,1
31,0,3,1,0,1
29,0,3,1,0,1
28,0,3,1,0,1
43,0,3,1,0,1
27,0,3,1,0,1
35,0,3,1,0,1
33,0,3,1,0,1
28,0,3,1,0,1
26,0,3,1,0,1
28,0,3,1,0,1
29,0,3,1,0,1
31,0,3,1,0,1
28,0,3,1,0,1
28,0,3,1,0,1
26,0,3,1,0,1
53,1,1,0,0,1
28,0,3,1,0,1
35,0,3,1,0,1
29,0,3,1,0,1
32,0,3,1,0,1
34,0,3,1,0,1
29,0,3,1,0,1
33,0,3,1,0,1
29,0,3,1,0,1
28,0,3,1,0,1
26,0,3,1,0,1
29,0,3,1,0,1
26,0,3,1,0,1
36,1,1,0,0,1
29,0,3,1,0,1
34,0,3,1,0,1
24,0,3,1,0,1
27,0,3,1,0,1
26,0,3,1,0,1
29,0,3,1,0,1
28,0,3,1,0,1
26,0,3,1,0,1
29,0,3,1,0,1
34,0,3,1,0,1
29,0,3,1,0,1
27,0,3,1,0,1
29,0,3,1,0,1
29,0,3,1,0,1
27,0,3,1,0,1
35,0,3,1,0,1
26,0,3,1,0,1
28,0,3,1,0,1
35,1,1,0,0,1
35,0,3,1,0,1
49,0,3,1,0,1
27,0,3,1,0,1
33,0,3,1,0,1
33,0,3,1,0,1
34,0,3,1,0,1
51,1,1,0,0,1
26,0,3,1,0,1
32,0,1,0,0,1
26,0,3,1,0,1
34,0,3,1,0,1
27,0,3,1,0,1
28,0,3,1,0,1
33,0,3,1,0,1
27,0,3,1,0,1
31,0,3,1,0,1
23,0,3,1,0,1
28,0,3,1,0,1
33,0,3,1,0,1
46,0,3,1,0,1
34,0,3,1,0,1
31,0,1,0,0,1
35,1,1,0,0,1
32,0,3,1,0,1
79,1,2,0,0,1
29,0,3,1,0,1
35,0,3,1,0,1
29,0,3,1,0,1
44,0,3,1,0,1
34,0,3,1,0,1
33,0,3,1,0,1
35,0,3,1,0,1
41,0,3,1,0,1
34,0,3,1,0,1
30,0,3,1,0,1
27,0,3,1,0,1
33,0,3,1,0,1
28,0,1,0,0,1
34,0,3,1,0,1
34,0,3,1,0,1
35,0,3,1,0,1
36,0,3,1,0,1
33,0,3,1,0,1
60,1,2,0,1,1
30,0,3,1,0,1
34,0,3,1,0,1
68,0,3,1,0,1
34,0,3,1,0,1
35,0,3,1,0,1
29,0,3,1,0,1
50,1,1,0,0,1
28,0,3,1,0,1
37,1,2,0,0,1
34,0,3,1,0,1
28,0,3,1,0,1
34,0,3,1,0,1
28,0,3,1,0,1
28,0,3,1,0,1
33,0,3,1,0,1
43,0,3,1,0,1
32,0,3,1,0,1
62,1,2,0,1,1
38,1,1,0,2,1
26,0,3,1,0,1
37,0,3,1,0,1
31,0,3,1,0,1
32,0,3,1,0,1
33,0,3,1,0,1
31,0,3,1,0,1
30,0,3,1,0,1
30,0,3,1,0,1
36,1,3,1,0,1
28,0,3,1,0,1
34,0,3,1,0,1
37,1,1,0,1,1
32,0,3,1,0,1
28,0,3,1,0,1
30,0,3,1,0,1
38,0,3,1,0,1
28,0,3,1,0,1
43,0,3,1,0,1
33,0,3,1,0,1
31,0,3,1,0,1
35,0,3,1,0,1
38,0,3,1,0,1
27,0,3,1,0,1
34,0,3,1,0,1
34,0,3,1,0,1
34,0,3,1,0,1
49,0,3,1,0,1
100,1,1,0,0,1
29,0,3,1,0,1
35,0,3,1,0,1
29,0,3,1,0,1
31,0,3,1,0,1
28,0,3,1,0,1
28,0,3,1,0,1
85,1,3,0,3,1
43,0,1,0,0,1
30,0,3,1,0,1
28,0,3,1,0,1
43,0,3,1,0,1
27,0,3,1,0,1
31,1,2,0,0,1
29,0,3,1,0,1
35,0,3,1,0,1
29,0,3,1,0,1
20,0,1,0,0,1
29,0,3,1,0,1
37,0,3,1,0,1
38,0,3,0,0,1
26,1,2,0,0,1
30,0,3,1,0,1
30,0,3,1,0,1
27,0,3,1,0,1
77,1,2,0,1,1
35,0,3,1,0,1
47,0,2,0,0,1
27,0,3,1,0,1
29,0,3,1,0,1
28,0,3,1,0,1
27,0,3,1,0,1
28,0,3,1,0,1
43,1,1,0,0,1
37,1,2,0,0,1
28,0,3,1,0,1
28,0,3,1,0,1
26,0,3,1,0,1
48,1,1,0,0,1
37,0,2,0,0,1
34,0,3,1,0,1
30,0,3,1,0,1
30,0,3,1,0,1
85,1,1,0,2,1
85,1,1,0,2,1
28,0,3,1,0,1
27,0,3,1,0,1
37,0,2,0,0,1
32,0,3,1,0,1
29,0,3,1,0,1
33,0,3,1,0,1
30,0,3,1,0,1
28,0,3,1,0,1
28,0,3,1,0,1
39,0,3,1,0,1
46,0,2,0,3,1
27,0,3,1,0,1
49,0,3,1,0,1
28,0,3,1,0,1
68,0,3,1,0,1
28,0,3,1,0,1
33,0,3,1,0,1
28,0,3,1,0,1
34,0,3,1,0,1
27,0,3,1,0,1
43,0,3,1,0,1
28,0,3,1,0,1
35,0,2,0,0,1
34,0,3,1,0,1
29,0,3,1,0,1
31,0,3,1,0,1
50,1,3,0,0,1
33,0,3,1,0,1
33,0,3,1,0,1
34,0,3,1,0,1
33,0,3,1,0,1
41,0,3,1,0,1
30,0,3,1,0,1
32,0,3,1,0,1
28,0,3,1,0,1
34,0,3,1,0,1
28,0,3,1,0,1
29,0,3,1,0,1
27,0,3,1,0,1
24,0,3,1,0,1
26,0,3,1,0,1
34,0,3,1,0,1
28,0,3,1,0,1
29,0,2,0,0,1
49,0,3,1,0,1
47,0,3,1,0,1
29,0,3,1,0,1
34,0,3,1,0,1
27,0,3,1,0,1
33,0,3,1,0,1
30,0,3,1,0,1
32,0,3,1,0,1
33,0,3,1,0,1
35,0,3,1,0,1
33,0,3,1,0,1
30,0,3,1,0,1
21,0,1,0,0,1
30,0,3,1,0,1
21,0,3,1,0,1
27,0,3,1,0,1
37,0,3,1,0,1
28,0,3,1,0,1
33,0,3,1,0,1
30,0,3,1,0,1
33,0,3,1,0,1
33,0,3,1,0,1
33,0,3,1,0,1
29,0,3,1,0,1
34,0,3,1,0,1
31,0,3,1,0,1
46,0,3,1,0,1
51,1,2,0,0,1
34,0,3,1,0,1
35,0,3,1,0,1
33,0,3,1,0,1
27,0,3,1,0,1
33,0,3,1,0,1
46,0,2,0,0,1
28,0,3,1,0,1
75,1,2,0,0,1
30,0,3,1,0,1
34,0,3,1,0,1
29,0,3,1,0,1
28,0,3,1,0,1
31,0,3,1,0,1
31,0,3,1,0,1
26,0,3,1,0,1
33,0,3,1,0,1
29,0,3,1,0,1
31,0,3,1,0,1
29,0,3,1,0,1
26,0,3,1,0,1
61,1,2,0,0,1
28,0,3,1,0,1
34,0,3,1,0,1
29,0,3,1,0,1
29,0,3,1,0,1
50,0,3,0,0,1
28,0,3,1,0,1
27,0,3,1,0,1
34,0,3,1,0,1
62,0,3,1,0,1
26,0,3,1,0,1
30,0,3,1,0,1
32,0,3,1,0,1
68,0,3,1,0,1
29,0,3,1,0,1
32,0,3,1,0,1
29,0,3,1,0,1
27,0,3,1,0,1
30,0,3,1,0,1
43,0,3,0,3,1
32,0,3,1,0,1
31,0,3,1,0,1
43,0,2,0,0,1
34,0,3,1,0,1
29,0,3,1,0,1
37,1,3,0,0,1
30,0,3,1,0,1
33,0,3,1,0,1
29,0,3,1,0,1
29,0,3,1,0,1
68,0,3,1,0,1
29,0,3,1,0,1
26,0,3,1,0,1
34,0,3,1,0,1
33,0,3,1,0,1
46,1,2,0,0,1
28,0,3,1,0,1
29,0,3,1,0,1
26,0,3,1,0,1
29,0,3,1,0,1
75,1,2,0,0,1
31,0,3,1,0,1
32,0,3,1,0,1
26,0,3,1,0,1
33,0,3,1,0,1
28,0,3,1,0,1
33,0,2,0,0,1
34,0,3,1,0,1
32,0,3,1,0,1
33,0,3,1,0,1
34,0,3,1,0,1
48,1,1,0,2,1
34,0,3,1,0,1
66,1,1,0,0,1
42,0,3,1,0,1
48,1,2,0,1,1
28,0,3,1,0,1
27,0,3,1,0,1
32,0,3,1,0,1
35,0,3,1,0,1
29,0,3,1,0,1
30,0,3,1,0,1
34,0,3,1,0,1
28,0,3,1,0,1
28,0,3,1,0,1
30,0,3,1,0,1
33,0,3,1,0,1
23,0,3,1,0,1
32,0,3,1,0,1
28,0,3,1,0,1
46,0,2,0,0,1
27,0,3,1,0,1
29,0,3,1,0,1
60,1,3,0,3,1
35,0,3,1,0,1
30,0,3,1,0,1
28,0,3,1,0,1
29,0,3,1,0,1
29,0,3,1,0,1
30,0,3,1,0,1
32,0,3,1,0,1
29,0,3,1,0,1
34,0,3,1,0,1
38,0,3,1,0,1
33,0,3,1,0,1
32,0,3,1,0,1
23,0,3,1,0,1
32,0,3,1,0,1
30,0,3,1,0,1
33,0,3,1,0,1
35,0,3,1,0,1
33,0,3,1,0,1
29,0,3,1,0,1
37,0,3,1,0,1
30,0,3,1,0,1
28,0,3,1,0,1
40,0,3,0,0,1
36,0,3,1,0,1
35,0,3,1,0,1
53,0,3,1,0,1
28,0,3,1,0,1
30,0,3,1,0,1
34,0,3,1,0,1
27,0,3,1,0,1
30,0,3,1,0,1
27,0,3,1,0,1
27,0,3,1,0,1
32,0,3,1,0,1
29,0,3,1,0,1
29,0,3,1,0,1
36,0,3,1,0,1
35,0,3,1,0,1
27,0,3,1,0,1
29,0,3,1,0,1
25,0,3,1,0,1
64,1,3,1,0,1
33,0,3,1,0,1
176,1,3,0,0,1
29,0,3,1,0,1
33,0,3,1,0,1
30,0,3,1,0,1
28,0,3,1,0,1
27,0,3,1,0,1
34,0,3,1,0,1
24,0,3,1,0,1
29,0,3,1,0,1
27,0,3,1,0,1
34,0,3,1,0,1
28,0,3,1,0,1
31,0,3,1,0,1
52,1,1,0,0,1
27,0,3,1,0,1
33,0,3,1,0,1
27,0,3,1,0,1
27,0,3,1,0,1
30,0,3,1,0,1
33,0,3,1,0,1
30,0,3,1,0,1
32,0,3,1,0,1
35,0,3,1,0,1
34,0,3,1,0,1
29,0,3,1,0,1
28,0,3,1,0,1
28,0,3,1,0,1
26,0,3,1,0,1
29,0,3,1,0,1
28,0,3,1,0,1
68,0,3,1,0,1
34,0,3,1,0,1
32,0,3,1,0,1
35,0,2,0,0,1
28,0,3,1,0,1
24,0,3,1,0,1
29,0,3,1,0,1
29,0,3,1,0,1
34,0,3,1,0,1
27,0,3,1,0,1
28,0,3,1,0,1
30,0,3,1,0,1
27,0,3,1,0,1
25,0,3,1,0,1
26,0,3,1,0,1
30,0,3,1,0,1
41,1,1,0,0,1
42,0,3,1,0,1
28,0,3,1,0,1
48,0,3,1,0,1
35,0,3,1,0,1
20,1,1,0,0,1
200,1,1,0,0,1
69,1,2,0,0,1
36,0,2,0,0,1
34,0,3,1,0,1
45,0,2,0,0,1
28,0,3,1,0,1
28,0,1,0,0,1
30,0,3,1,0,1
28,0,3,1,0,1
34,0,3,1,0,1
27,0,3,1,0,1
26,0,3,1,0,1
34,0,3,1,0,1
34,0,3,1,0,1
34,0,3,1,0,1
29,0,3,1,0,1
29,0,3,1,0,1
47,0,3,1,0,1
68,0,3,1,0,1
33,0,3,1,0,1
27,0,3,1,0,1
35,0,3,1,0,1
35,0,3,1,0,1
23,0,1,0,0,1
28,0,3,1,0,1
46,0,2,0,0,1
29,0,3,1,0,1
35,0,3,1,0,1
56,1,3,1,0,1
28,0,3,1,0,1
32,0,3,1,0,1
29,0,3,1,0,1
27,0,3,1,0,1
64,1,3,1,0,1
36,0,3,1,0,1
33,0,3,1,0,1
32,0,3,1,0,1
27,0,3,1,0,1
34,0,3,1,0,1
34,0,3,1,0,1
33,0,3,1,0,1
26,0,3,1,0,1
27,0,3,1,0,1
45,1,3,1,0,1
29,0,3,1,0,1
35,0,3,1,0,1
34,0,3,1,0,1
33,0,3,1,0,1
73,1,2,0,0,1
27,0,3,1,0,1
29,0,3,1,0,1
47,0,2,0,0,1
34,0,3,1,0,1
30,0,3,1,0,1
35,0,3,1,0,1
39,0,2,0,0,1
33,0,3,1,0,1
49,1,1,0,0,1
31,0,3,1,0,1
34,0,3,1,0,1
33,0,3,1,0,1
29,0,3,1,0,1
31,0,3,1,0,1
35,0,3,1,0,1
29,0,3,1,0,1
30,0,3,1,0,1
32,0,3,1,0,1
33,0,3,1,0,1
46,1,1,0,0,1
28,0,3,1,0,1
36,0,3,1,0,1
34,0,3,1,0,1
34,0,3,1,0,1
28,0,3,1,0,1
33,0,3,1,0,1
35,0,3,1,0,1
68,0,3,1,0,1
32,0,3,1,0,1
29,0,3,1,0,1
28,0,3,1,0,1
34,0,3,1,0,1
28,0,3,1,0,1
58,1,2,0,5,1
41,0,3,1,0,1
33,0,3,1,0,1
30,0,3,1,0,1
29,0,3,1,0,1
29,0,3,1,0,1
33,0,3,1,0,1
33,0,3,1,0,1
34,0,3,1,0,1
29,0,3,1,0,1
32,0,3,1,0,1
29,0,3,1,0,1
31,0,3,1,0,1
28,0,3,1,0,1
68,0,3,1,0,1
28,0,3,1,0,1
37,0,3,1,0,1
37,0,3,1,0,1
32,0,3,1,0,1
26,0,3,1,0,1
33,0,3,1,0,1
28,0,3,1,0,1
34,0,3,1,0,1
30,0,3,1,0,1
29,0,3,1,0,1
29,0,3,1,0,1
32,0,3,1,0,1
30,0,3,1,0,1
33,0,3,1,0,1
44,1,3,1,0,1
39,0,1,0,0,1
26,0,3,1,0,1
28,0,3,1,0,1
34,0,3,1,0,1
31,0,3,1,0,1
29,0,3,1,0,1
33,0,3,1,0,1
31,0,3,1,0,1
33,0,3,1,0,1
35,0,3,1,0,1
79,1,2,0,0,1
34,0,3,1,0,1
34,0,3,1,0,1
33,0,3,1,0,1
27,0,3,1,0,1
34,0,3,1,0,1
68,0,3,1,0,1
46,1,3,1,0,1
35,0,3,1,0,1
51,1,2,0,0,1
29,0,3,1,0,1
29,0,3,1,0,1
34,0,3,1,0,1
28,0,3,1,0,1
35,0,3,1,0,1
34,0,3,1,0,1
39,1,1,0,0,1
37,0,3,1,0,1
28,0,3,1,0,1
30,0,3,1,0,1
27,0,3,1,0,1
29,0,3,1,0,1
40,0,3,1,0,1
41,0,3,1,0,1
60,1,1,0,0,1
28,0,3,1,0,1
28,0,3,1,0,1
31,0,2,0,0,1
27,0,3,1,0,1
38,1,2,0,1,1
30,0,3,1,0,1
28,0,3,1,0,1
29,0,3,1,0,1
57,1,3,1,0,1
28,0,3,1,0,1
30,0,3,1,0,1
28,0,3,1,0,1
30,0,3,1,0,1
29,0,3,1,0,1
25,0,3,1,0,1
29,0,3,1,0,1
28,0,3,1,0,1
29,0,3,1,0,1
45,1,3,1,0,1
30,0,3,1,0,1
26,0,3,1,0,1
85,1,1,0,2,1
35,0,3,1,0,1
32,0,3,1,0,1
36,0,3,1,0,1
29,0,3,1,0,1
29,0,3,1,0,1
32,0,3,1,0,1
34,0,3,1,0,1
29,0,3,1,0,1
34,0,3,1,0,1
33,0,3,1,0,1
33,0,3,1,0,1
29,0,3,1,0,1
75,1,2,0,0,1
27,0,3,1,0,1
49,0,2,0,0,1
34,0,3,1,0,1
34,0,3,1,0,1
28,0,3,1,0,1
28,0,3,1,0,1
28,0,3,1,0,1
27,0,3,1,0,1
30,0,3,1,0,1
29,0,3,1,0,1
31,0,3,1,0,1
28,0,3,1,0,1
35,0,3,1,0,1
26,0,3,1,0,1
32,0,3,1,0,1
29,0,3,1,0,1
29,0,3,1,0,1
27,0,3,1,0,1
32,0,3,1,0,1
34,0,3,1,0,1
30,0,3,1,0,1
29,0,3,1,0,1
31,0,3,1,0,1
29,0,3,1,0,1
27,0,3,1,0,1
37,0,3,1,0,1
29,0,3,1,0,1
34,0,3,1,0,1
34,0,3,1,0,1
37,0,3,1,0,1
32,0,3,1,0,1
28,0,3,1,0,1
28,0,3,1,0,1
31,0,3,1,0,1
28,0,3,1,0,1
32,0,3,1,0,1
29,0,3,1,0,1
30,0,3,1,0,1
28,0,3,1,0,1
30,0,3,1,0,1
34,0,3,1,0,1
34,0,3,1,0,1
45,0,3,1,0,1
34,0,3,1,0,1
30,0,3,1,0,1
33,0,3,1,0,1
29,0,3,1,0,1
32,0,3,1,0,1
28,0,3,1,0,1
29,0,3,1,0,1
31,0,3,1,0,1
33,0,3,1,0,1
32,0,3,1,0,1
85,1,2,0,0,1
32,0,1,0,0,1
29,0,3,1,0,1
26,0,3,1,0,1
40,0,3,1,0,1
29,0,3,1,0,1
27,0,3,1,0,1
35,0,3,1,0,1
34,0,3,1,0,1
37,1,2,0,0,1
35,0,3,1,0,1
80,1,2,0,0,1
29,0,3,1,0,1
35,0,3,1,0,1
29,0,3,1,0,1
34,1,1,0,0,1
28,0,3,1,0,1
29,0,3,1,0,1
34,0,3,1,0,1
33,0,3,1,0,1
28,0,3,1,0,1
33,0,3,1,0,1
33,0,3,1,0,1
31,0,3,1,0,1
29,0,3,1,0,1
29,0,3,1,0,1
41,0,3,1,0,1
45,0,2,0,0,1
30,0,3,1,0,1
29,0,3,1,0,1
28,0,3,1,0,1
29,0,3,1,0,1
24,0,1,0,0,1
34,0,3,1,0,1
44,0,3,1,0,1
29,0,3,1,0,1
30,0,3,1,0,1
29,0,3,1,0,1
30,0,3,1,0,1
30,0,3,1,0,1
28,0,3,1,0,1
42,0,3,1,0,1
29,0,3,1,0,1
34,0,3,1,0,1
33,0,3,1,0,1
33,0,3,1,0,1
30,0,3,1,0,1
32,0,3,1,0,1
24,0,3,1,0,1
27,0,3,1,0,1
44,0,2,0,0,1
32,0,3,1,0,1
30,0,3,1,0,1
35,0,3,1,0,1
27,0,3,1,0,1
37,0,3,1,0,1
30,0,3,1,0,1
36,0,3,1,0,1
30,0,3,1,0,1
30,0,3,1,0,1
52,1,1,0,0,1
27,0,3,1,0,1
29,0,3,1,0,1
42,0,2,0,0,1
33,0,3,1,0,1
24,0,3,1,0,1
34,0,3,1,0,1
30,0,3,1,0,1
34,0,3,1,0,1
28,0,3,1,0,1
68,0,3,1,0,1
27,0,3,1,0,1
29,0,3,1,0,1
29,0,3,1,0,1
34,0,3,1,0,1
85,1,1,0,2,1
36,0,3,1,0,1
32,0,3,1,0,1
27,0,3,1,0,1
28,0,3,1,0,1
28,0,3,1,0,1
34,0,3,1,0,1
28,0,3,1,0,1
32,0,3,1,0,1
32,0,3,1,0,1
33,0,3,1,0,1
31,0,3,1,0,1
29,0,3,1,0,1
30,0,3,1,0,1
27,0,3,1,0,1
28,0,3,1,0,1
33,0,3,1,0,1
36,0,3,1,0,1
33,0,3,1,0,1
28,0,3,1,0,1
27,0,3,1,0,1
38,0,2,0,0,1
29,0,3,1,0,1
80,1,2,0,0,1
35,0,3,1,0,1
24,0,3,1,0,1
46,0,2,0,0,1
30,0,3,1,0,1
32,0,3,1,0,1
27,0,3,1,0,1
29,0,3,1,0,1
28,0,3,1,0,1
62,1,2,0,1,1
29,0,3,1,0,1
30,0,3,1,0,1
44,0,3,1,0,1
28,0,3,1,0,1
28,0,3,1,0,1
29,0,3,1,0,1
34,0,3,1,0,1
29,0,3,1,0,1
43,0,2,0,0,1
27,0,3,1,0,1
29,0,3,1,0,1
31,0,3,1,0,1
27,0,3,1,0,1
28,0,3,1,0,1
30,0,3,1,0,1
30,0,3,1,0,1
35,0,3,1,0,1
29,0,3,1,0,1
34,0,3,1,0,1
33,0,3,1,0,1
34,0,3,1,0,1
29,0,3,1,0,1
27,0,3,1,0,1
35,1,1,0,0,1
27,0,3,1,0,1
29,0,3,1,0,1
34,0,3,1,0,1
29,0,3,1,0,1
28,0,3,1,0,1
35,0,3,1,0,1
33,0,3,1,0,1
34,0,3,1,0,1
34,0,3,1,0,1
29,0,3,1,0,1
28,0,3,1,0,1
34,0,3,1,0,1
78,1,1,0,0,1
29,0,3,1,0,1
27,0,3,1,0,1
34,0,3,1,0,1
27,0,3,1,0,1
36,0,2,0,0,1
30,0,3,1,0,1
30,0,3,1,0,1
34,0,3,1,0,1
38,0,1,0,0,1
34,0,3,1,0,1
64,1,3,1,0,1
52,0,3,1,0,1
29,0,3,1,0,1
28,0,3,1,0,1
34,1,1,0,0,1
64,1,3,1,0,1
35,0,2,0,0,1
37,0,3,1,0,1
31,0,3,1,0,1
19,0,1,0,0,1
34,0,3,1,0,1
39,0,3,1,0,1
33,0,3,1,0,1
27,0,3,1,0,1
33,0,3,1,0,1
34,0,3,1,0,1
28,0,3,1,0,1
85,1,1,0,2,1
33,0,3,1,0,1
34,0,3,1,0,1
29,0,3,1,0,1
75,1,2,0,0,1
33,0,3,1,0,1
30,0,3,1,0,1
27,0,3,1,0,1
31,0,3,1,0,1
35,0,3,1,0,1
34,0,3,1,0,1
84,1,1,0,0,1
27,0,3,1,0,1
27,0,3,1,0,1
34,0,3,1,0,1
35,0,3,1,0,1
35,0,2,0,0,1
28,0,3,1,0,1
68,0,3,1,0,1
28,0,3,1,0,1
27,0,3,1,0,1
28,0,3,1,0,1
30,0,3,1,0,1
33,0,3,1,0,1
30,0,3,1,0,1
28,0,3,1,0,1
34,0,3,1,0,1
35,0,3,1,0,1
27,0,3,1,0,1
33,0,3,1,0,1
34,0,3,1,0,1
29,0,3,1,0,1
33,0,3,1,0,1
35,0,3,1,0,1
29,0,3,1,0,1
33,0,3,1,0,1
80,1,2,0,0,1
32,0,3,1,0,1
35,0,3,1,0,1
48,0,3,1,0,1
28,0,3,1,0,1
34,0,3,1,0,1
62,1,2,0,0,1
125,1,2,0,0,1
34,0,3,1,0,1
34,0,3,1,0,1
31,0,3,1,0,1
43,0,3,1,0,1
33,0,3,1,0,1
104,0,3,1,0,1
32,0,3,1,0,1
26,0,3,1,0,1
29,0,3,1,0,1
28,0,3,1,0,1
28,0,3,1,0,1
30,1,1,0,0,1
35,0,3,1,0,1
27,0,3,1,0,1
33,0,3,1,0,1
33,0,3,1,0,1
35,0,3,1,0,1
27,0,3,1,0,1
28,0,3,1,0,1
30,0,3,1,0,1
35,0,3,1,0,1
29,0,3,1,0,1
27,0,3,1,0,1
43,0,3,1,0,1
27,0,3,1,0,1
34,0,3,1,0,1
29,0,3,1,0,1
33,0,3,1,0,1
59,1,3,0,3,1
27,0,3,1,0,1
29,0,3,1,0,1
34,0,3,1,0,1
28,0,3,1,0,1
27,0,3,1,0,1
28,0,3,1,0,1
30,1,1,0,0,1
28,0,3,1,0,1
29,0,3,1,0,1
32,0,3,1,0,1
33,0,3,1,0,1
28,0,3,1,0,1
29,0,3,1,0,1
27,0,3,1,0,1
38,0,3,1,0,1
37,0,2,0,0,1
27,0,3,1,0,1
34,0,3,1,0,1
28,0,3,1,0,1
31,0,3,1,0,1
29,0,3,1,0,1
28,0,3,1,0,1
33,0,3,1,0,1
27,0,3,1,0,1
29,0,3,1,0,1
34,0,3,1,0,1
60,1,3,0,0,1
54,1,1,0,0,1
28,0,3,1,0,1
68,0,3,1,0,1
35,0,3,1,0,1
29,0,3,1,0,1
33,0,3,1,0,1
33,0,3,1,0,1
29,0,3,1,0,1
35,0,3,1,0,1
27,0,3,1,0,1
30,0,3,1,0,1
29,0,3,1,0,1
29,0,3,1,0,1
56,0,3,1,0,1
36,0,3,1,0,1
62,1,1,0,0,1
28,0,3,1,0,1
33,0,3,1,0,1
33,0,3,1,0,1
30,0,3,1,0,1
26,0,3,1,0,1
34,0,3,1,0,1
25,0,3,1,0,1
31,0,3,1,0,1
68,0,3,1,0,1
28,0,3,1,0,1
29,0,3,1,0,1
33,0,3,1,0,1
42,1,1,0,0,1
33,0,3,1,0,1
29,0,3,1,0,1
29,0,3,1,0,1
32,0,3,1,0,1
63,0,3,1,0,1
33,0,3,1,0,1
46,0,3,1,0,1
25,0,3,1,0,1
29,0,3,1,0,1
27,0,3,1,0,1
25,0,3,1,0,1
28,0,3,1,0,1
34,0,3,1,0,1
33,0,3,1,0,1
28,0,3,1,0,1
33,0,3,1,0,1
28,0,3,1,0,1
29,0,3,1,0,1
33,0,3,1,0,1
31,0,3,1,0,1
30,1,1,0,0,1
27,0,3,1,0,1
29,0,3,1,0,1
34,0,3,1,0,1
29,0,3,1,0,1
29,0,3,1,0,1
32,0,3,1,0,1
29,0,3,1,0,1
29,0,3,1,0,1
29,0,3,1,0,1
34,0,3,1,0,1
34,0,2,0,0,1
34,0,3,1,0,1
32,0,3,1,0,1
25,0,3,1,0,1
29,0,3,1,0,1
27,0,3,1,0,1
35,0,1,0,0,1
34,1,2,0,2,1
29,0,3,1,0,1
25,0,3,1,0,1
28,0,3,1,0,1
33,0,3,1,0,1
29,0,3,1,0,1
30,0,3,1,0,1
48,0,3,1,0,1
27,0,3,1,0,1
36,0,1,0,0,1
26,1,2,0,0,1
33,0,3,1,0,1
29,0,3,1,0,1
40,0,2,0,0,1
30,0,3,1,0,1
34,0,3,1,0,1
47,1,2,0,0,1
33,0,3,1,0,1
33,0,3,1,0,1
45,0,3,1,0,1
29,0,3,1,0,1
29,0,3,1,0,1
30,0,3,1,0,1
29,0,3,1,0,1
25,0,3,1,0,1
29,0,3,1,0,1
63,1,2,0,1,1
29,0,3,1,0,1
35,0,3,1,0,1
27,0,3,1,0,1
35,0,3,1,0,1
32,0,3,1,0,1
44,1,2,0,0,1
33,0,3,1,0,1
27,0,3,1,0,1
26,0,3,1,0,1
25,0,3,1,0,1
29,0,3,1,0,1
33,0,3,1,0,1
39,0,1,0,0,1
29,0,3,1,0,1
29,0,3,1,0,1
36,0,3,1,0,1
34,0,3,1,0,1
68,1,2,0,1,1
31,0,3,1,0,1
40,0,3,1,0,1
27,0,3,1,0,1
29,0,3,1,0,1
34,0,3,1,0,1
35,0,3,1,0,1
29,0,3,1,0,1
28,0,3,1,0,1
34,1,3,1,0,1
30,0,3,1,0,1
32,0,3,1,0,1
28,0,3,1,0,1
25,1,2,0,0,1
31,0,3,1,0,1
28,0,3,1,0,1
36,0,3,1,0,1
28,0,3,1,0,1
28,0,3,1,0,1
32,0,3,1,0,1
32,0,3,1,0,1
27,0,3,1,0,1
32,0,3,1,0,1
31,0,3,1,0,1
30,0,3,1,0,1
44,0,3,1,0,1
28,0,3,1,0,1
47,1,1,0,1,1
31,0,3,1,0,1
32,0,3,1,0,1
36,0,3,1,0,1
44,0,3,1,0,1
33,0,3,1,0,1
34,0,3,1,0,1
35,0,3,1,0,1
37,0,3,1,0,1
33,0,3,1,0,1
46,1,2,0,0,1
31,0,3,1,0,1
27,0,3,1,0,1
35,0,3,1,0,1
33,0,3,1,0,1
27,0,3,1,0,1
34,0,3,1,0,1
33,0,3,1,0,1
34,0,3,1,0,1
28,0,3,1,0,1
30,0,3,1,0,1
29,0,3,1,0,1
33,0,3,1,0,1
28,0,3,1,0,1
50,1,1,0,0,1
36,0,3,1,0,1
32,0,3,1,0,1
33,0,3,1,0,1
28,0,3,1,0,1
29,0,3,1,0,1
31,0,3,1,0,1
28,0,3,1,0,1
28,0,3,1,0,1
29,1,3,1,0,1
39,0,3,1,0,1
31,0,3,1,0,1
27,0,3,1,0,1
28,0,3,1,0,1
29,0,3,1,0,1
46,1,1,0,0,1
23,0,3,1,0,1
27,0,3,1,0,1
28,0,3,1,0,1
32,0,3,1,0,1
54,0,3,1,0,1
38,0,3,0,0,1
36,0,3,1,0,1
34,0,3,1,0,1
58,0,3,1,0,1
27,0,3,1,0,1
29,0,3,1,0,1
33,0,3,1,0,1
26,0,3,1,0,1
30,0,3,1,0,1
29,0,3,1,0,1
36,0,3,1,0,1
29,0,3,1,0,1
44,0,3,1,0,1
64,1,3,1,0,1
37,0,3,1,0,1
34,0,3,1,0,1
48,1,1,0,0,1
29,0,3,1,0,1
33,0,3,1,0,1
34,0,3,1,0,1
29,0,3,1,0,1
59,1,3,0,3,1
33,0,3,1,0,1
31,0,3,1,0,1
64,1,3,1,0,1
27,0,3,1,0,1
35,0,3,1,0,1
34,0,3,1,0,1
31,0,3,1,0,1
71,1,2,0,0,1
55,1,2,0,0,1
35,0,2,0,0,1
28,0,3,1,0,1
59,1,1,0,0,1
68,0,3,1,0,1
53,1,4,0,2,1
31,0,3,1,0,1
29,0,3,1,0,1
32,0,3,1,0,1
34,0,3,1,0,1
28,0,3,1,0,1
34,0,3,1,0,1
32,0,3,1,0,1
34,0,3,1,0,1
35,0,3,1,0,1
27,0,3,1,0,1
28,0,3,1,0,1
37,0,2,0,0,1
33,0,3,1,0,1
27,0,3,1,0,1
33,0,3,1,0,1
32,1,1,0,0,1
26,0,3,1,0,1
33,0,3,1,0,1
40,0,2,0,0,1
30,0,3,1,0,1
30,0,3,1,0,1
34,0,3,1,0,1
35,0,3,1,0,1
33,0,3,1,0,1
68,1,3,0,0,1
27,0,3,1,0,1
33,0,3,1,0,1
46,1,3,1,0,1
28,0,3,1,0,1
29,0,3,1,0,1
30,0,3,1,0,1
29,0,3,1,0,1
34,0,3,1,0,1
25,0,3,1,0,1
29,0,3,1,0,1
28,0,3,1,0,1
28,0,3,1,0,1
63,0,2,0,0,1
32,0,3,1,0,1
68,0,3,1,0,1
29,0,3,1,0,1
30,0,3,1,0,1
27,0,3,1,0,1
49,0,2,0,0,1
29,0,3,1,0,1
27,0,3,1,0,1
57,1,2,0,1,1
40,0,3,1,0,1
55,0,3,0,4,1
32,0,3,1,0,1
30,0,3,1,0,1
25,0,3,1,0,1
27,0,3,1,0,1
34,0,3,1,0,1
111,1,2,0,0,1
32,0,3,1,0,1
43,1,3,0,0,1
27,0,3,1,0,1
32,0,3,1,0,1
29,0,3,1,0,1
27,0,3,1,0,1
34,0,3,1,0,1
27,0,3,1,0,1
49,0,3,1,0,1
32,0,3,1,0,1
34,0,3,1,0,1
34,0,3,1,0,1
49,1,2,0,2,1
28,0,3,1,0,1
38,0,3,1,0,1
53,1,1,0,1,1
34,0,3,1,0,1
28,0,3,1,0,1
28,0,3,1,0,1
29,0,3,1,0,1
33,0,3,1,0,1
29,0,3,1,0,1
48,0,3,1,0,1
35,0,3,1,0,1
28,0,3,1,0,1
43,0,3,1,0,1
30,0,3,1,0,1
25,0,3,1,0,1
27,0,3,1,0,1
33,0,3,1,0,1
35,0,3,1,0,1
34,0,3,1,0,1
28,0,3,1,0,1
32,0,3,1,0,1
45,0,2,0,0,1
55,0,3,1,0,1
33,0,3,1,0,1
66,1,1,0,0,1
33,0,3,1,0,1
28,0,3,1,0,1
28,0,3,1,0,1
26,0,3,1,0,1
32,0,3,1,0,1
28,0,3,1,0,1
26,0,3,1,0,1
33,0,3,1,0,1
30,0,3,1,0,1
31,0,3,1,0,1
33,0,3,1,0,1
28,0,3,1,0,1
29,0,3,1,0,1
34,0,3,1,0,1
36,0,3,1,0,1
29,0,3,1,0,1
52,1,1,0,0,1
26,0,3,1,0,1
32,0,3,1,0,1
40,0,3,1,0,1
28,0,3,1,0,1
41,0,1,0,0,1
32,0,3,1,0,1
36,0,3,1,0,1
32,0,3,1,0,1
27,0,3,1,0,1
30,0,3,1,0,1
27,0,3,1,0,1
52,1,1,0,0,1
34,0,3,1,0,1
35,0,3,1,0,1
43,0,3,0,3,1
35,0,3,1,0,1
37,0,2,0,0,1
25,0,3,1,0,1
34,0,3,1,0,1
26,0,3,1,0,1
32,0,3,1,0,1
27,0,3,1,0,1
34,0,3,1,0,1
33,0,3,1,0,1
35,0,3,1,0,1
29,0,3,1,0,1
34,0,3,1,0,1
33,0,3,1,0,1
34,0,3,1,0,1
28,0,3,1,0,1
31,0,3,1,0,1
29,0,3,1,0,1
38,0,3,1,0,1
31,0,3,1,0,1
35,0,3,1,0,1
28,0,3,1,0,1
28,0,3,1,0,1
29,0,3,1,0,1
29,0,3,1,0,1
30,0,3,1,0,1
33,0,3,0,0,1
30,0,3,1,0,1
31,0,3,1,0,1
36,0,3,1,0,1
27,0,3,1,0,1
33,0,3,1,0,1
33,0,3,1,0,1
28,0,3,1,0,1
25,0,3,1,0,1
34,0,3,1,0,1
30,0,3,1,0,1
28,0,3,1,0,1
34,0,3,1,0,1
29,0,3,1,0,1
34,0,3,1,0,1
32,0,3,1,0,1
28,0,3,1,0,1
27,0,3,1,0,1
30,0,3,1,0,1
48,0,3,1,0,1
68,0,3,1,0,1
32,0,3,1,0,1
35,0,3,1,0,1
32,0,3,1,0,1
29,0,3,1,0,1
54,1,1,0,0,1
24,0,3,1,0,1
29,0,3,1,0,1
34,0,3,1,0,1
68,1,2,0,0,1
29,0,3,1,0,1
30,0,3,1,0,1
28,0,3,1,0,1
33,0,3,1,0,1
29,0,3,1,0,1
27,0,3,1,0,1
36,0,3,1,0,1
33,0,3,1,0,1
29,0,3,1,0,1
34,0,3,1,0,1
30,0,3,1,0,1
25,0,3,1,0,1
25,0,3,1,0,1
34,0,3,1,0,1
27,0,3,1,0,1
30,0,3,1,0,1
20,0,1,0,0,1
33,0,3,1,0,1
34,0,3,1,0,1
33,0,3,1,0,1
41,0,2,0,0,1
28,0,3,1,0,1
27,0,1,0,0,1
31,0,3,1,0,1
29,0,3,1,0,1
35,0,3,1,0,1
31,0,3,1,0,1
40,1,1,0,0,1
34,0,3,1,0,1
31,0,3,1,0,1
28,0,3,1,0,1
26,0,3,1,0,1
32,0,3,1,0,1
35,0,3,1,0,1
32,0,3,1,0,1
26,0,3,1,0,1
34,0,3,1,0,1
28,0,3,1,0,1
32,0,3,1,0,1
102,1,2,0,0,1
28,0,3,1,0,1
27,0,3,1,0,1
34,0,3,1,0,1
33,0,3,1,0,1
35,0,3,1,0,1
34,0,3,1,0,1
34,0,3,1,0,1
32,0,3,1,0,1
67,0,3,1,0,1
34,0,3,1,0,1
33,0,3,1,0,1
27,0,3,1,0,1
27,0,3,1,0,1
33,0,3,1,0,1
29,0,3,1,0,1
27,0,3,1,0,1
67,1,1,0,0,1
30,1,1,0,0,1
34,0,3,1,0,1
36,0,3,1,0,1
34,0,3,1,0,1
35,0,3,1,0,1
33,0,3,1,0,1
59,1,1,0,1,1
33,0,3,1,0,1
31,0,3,1,0,1
31,0,1,0,0,1
29,0,3,1,0,1
27,0,3,1,0,1
30,0,3,1,0,1
28,0,3,1,0,1
29,0,3,1,0,1
57,1,2,0,1,1
34,0,3,1,0,1
29,0,3,1,0,1
45,0,3,1,0,1
27,0,3,1,0,1
35,0,3,1,0,1
34,0,3,1,0,1
27,0,3,1,0,1
27,0,3,1,0,1
29,0,3,1,0,1
38,0,3,1,0,1
30,0,3,1,0,1
27,0,3,1,0,1
30,0,3,1,0,1
37,0,3,1,0,1
26,0,3,1,0,1
28,0,3,1,0,1
30,0,3,1,0,1
70,1,2,0,0,1
28,0,3,1,0,1
21,0,3,1,0,1
33,0,3,1,0,1
28,0,3,1,0,1
34,0,3,1,0,1
28,0,3,1,0,1
35,0,3,1,0,1
34,0,3,1,0,1
53,0,3,0,4,1
34,0,3,1,0,1
33,0,3,1,0,1
35,0,3,1,0,1
51,1,1,0,0,1
27,0,3,1,0,1
33,0,3,1,0,1
30,1,1,0,0,1
58,1,1,0,0,1
34,0,3,1,0,1
85,1,1,0,2,1
35,0,3,1,0,1
27,0,3,1,0,1
33,0,3,1,0,1
31,0,3,1,0,1
32,0,3,1,0,1
27,0,3,1,0,1
27,0,3,1,0,1
27,0,3,1,0,1
30,0,3,1,0,1
27,0,3,1,0,1
28,0,3,1,0,1
29,0,3,1,0,1
30,0,3,1,0,1
34,0,3,1,0,1
32,0,3,1,0,1
31,0,3,1,0,1
30,0,3,1,0,1
31,0,3,1,0,1
80,1,2,0,1,1
28,0,3,1,0,1
36,0,3,1,0,1
41,0,3,1,0,1
29,0,3,1,0,1
29,0,3,1,0,1
44,0,2,0,0,1
31,0,3,1,0,1
70,0,3,1,0,1
28,0,3,1,0,1
39,0,3,1,0,1
71,0,3,1,0,1
32,0,3,1,0,1
34,0,3,1,0,1
27,0,3,1,0,1
37,0,3,1,0,1
68,0,3,1,0,1
59,1,3,0,2,1
35,0,3,1,0,1
46,1,2,0,0,1
33,0,3,1,0,1
27,0,3,1,0,1
34,0,3,1,0,1
27,0,3,1,0,1
25,0,3,1,0,1
32,0,3,1,0,1
32,0,3,1,0,1
28,0,3,1,0,1
28,0,3,1,0,1
28,0,3,1,0,1
32,0,3,1,0,1
19,1,1,0,0,1
29,0,3,1,0,1
31,0,3,1,0,1
56,1,3,1,0,1
30,0,2,0,0,1
30,0,3,1,0,1
30,0,3,1,0,1
31,0,3,1,0,1
24,0,3,1,0,1
27,0,3,1,0,1
28,0,3,1,0,1
34,0,3,1,0,1
23,0,1,0,0,1
59,1,3,0,2,1
30,0,3,1,0,1
29,0,3,1,0,1
30,0,3,1,0,1
27,0,3,1,0,1
66,1,2,0,1,1
42,1,2,0,2,1
35,1,2,0,0,1
27,0,3,1,0,1
40,0,2,0,0,1
46,0,2,0,0,1
33,0,3,1,0,1
80,1,1,0,0,1
29,0,3,1,0,1
22,0,1,0,0,1
35,0,3,1,0,1
35,0,3,1,0,1
30,0,3,1,0,1
30,0,3,1,0,1
29,0,3,1,0,1
29,0,3,1,0,1
34,0,3,1,0,1
35,0,3,1,0,1
30,1,1,0,0,1
30,0,3,1,0,1
34,0,3,1,0,1
68,0,3,1,0,1
34,0,3,1,0,1
33,0,3,1,0,1
53,1,1,0,0,1
29,0,3,1,0,1
34,0,3,1,0,1
42,1,1,0,1,1
34,0,3,1,0,1
27,0,3,1,0,1
36,0,3,1,0,1
34,0,3,1,0,1
59,0,2,0,0,1
30,0,3,1,0,1
33,0,3,1,0,1
27,0,3,1,0,1
35,0,3,1,0,1
32,0,3,1,0,1
27,1,1,0,0,1
28,0,3,1,0,1
31,0,3,1,0,1
38,0,3,1,0,1
32,0,3,1,0,1
56,1,3,1,0,1
28,0,3,1,0,1
41,1,1,0,0,1
31,0,3,1,0,1
28,0,3,1,0,1
28,0,3,1,0,1
33,0,3,1,0,1
29,0,3,1,0,1
32,0,3,1,0,1
54,1,3,0,2,1
35,0,3,1,0,1
32,0,3,1,0,1
24,0,3,1,0,1
37,1,1,0,1,1
34,0,3,1,0,1
35,0,3,1,0,1
28,0,3,1,0,1
34,0,3,1,0,1
29,0,3,1,0,1
33,0,3,1,0,1
29,0,3,1,0,1
34,0,3,1,0,1
34,0,3,1,0,1
33,0,3,1,0,1
35,0,3,1,0,1
29,0,3,1,0,1
34,0,3,1,0,1
42,0,3,1,0,1
29,0,3,1,0,1
33,0,3,1,0,1
33,0,3,1,0,1
28,0,3,1,0,1
45,1,1,0,0,1
33,0,3,1,0,1
32,0,3,1,0,1
27,0,3,1,0,1
31,0,3,1,0,1
34,0,3,1,0,1
36,1,2,0,0,1
30,0,3,1,0,1
47,1,2,0,0,1
31,1,1,0,0,1
52,1,1,0,0,1
134,1,3,0,0,1
30,0,3,1,0,1
28,0,3,1,0,1
29,0,3,1,0,1
37,0,3,1,0,1
33,0,3,1,0,1
29,0,3,1,0,1
30,0,3,1,0,1
32,0,3,1,0,1
37,0,3,1,0,1
35,0,3,1,0,1
39,0,1,0,0,1
85,1,1,0,0,1
32,0,3,1,0,1
41,0,3,1,0,1
28,0,3,1,0,1
80,1,2,0,0,1
28,0,3,1,0,1
27,0,3,1,0,1
64,1,3,1,0,1
42,1,3,1,0,1
33,0,3,1,0,1
26,0,3,1,0,1
25,0,3,1,0,1
29,0,3,1,0,1
62,1,2,0,1,1
27,0,3,1,0,1
32,0,3,1,0,1
36,0,2,0,0,1
33,0,3,1,0,1
34,0,3,1,0,1
29,0,3,1,0,1
35,0,3,1,0,1
33,0,3,1,0,1
28,0,3,1,0,1
28,0,3,1,0,1
46,0,3,1,0,1
29,0,3,1,0,1
34,0,3,1,0,1
29,0,3,1,0,1
29,0,3,1,0,1
44,1,3,1,0,1
45,0,2,0,0,1
30,0,1,0,0,1
108,1,2,0,0,1
29,0,3,1,0,1
34,0,3,1,0,1
38,0,3,1,0,1
37,0,3,1,0,1
29,0,3,1,0,1
31,0,3,1,0,1
39,0,3,1,0,1
31,0,3,1,0,1
33,0,3,1,0,1
28,0,3,1,0,1
27,0,3,1,0,1
27,0,3,1,0,1
25,0,3,1,0,1
35,0,3,1,0,1
31,0,3,1,0,1
29,0,3,1,0,1
24,0,3,1,0,1
33,0,3,1,0,1
27,0,3,1,0,1
29,0,3,1,0,1
28,0,3,1,0,1
34,0,3,1,0,1
35,0,3,1,0,1
34,0,3,1,0,1
29,0,3,1,0,1
28,0,3,1,0,1
29,0,3,1,0,1
27,0,3,1,0,1
29,0,3,1,0,1
30,0,3,1,0,1
33,0,3,1,0,1
28,0,3,1,0,1
28,0,3,1,0,1
35,0,3,1,0,1
49,0,2,0,0,1
27,0,3,1,0,1
27,0,3,1,0,1
84,1,2,0,0,1
34,0,3,1,0,1
28,0,3,1,0,1
32,0,3,1,0,1
41,0,1,0,0,1
56,1,1,0,0,1
24,0,3,1,0,1
31,0,3,1,0,1
28,0,3,1,0,1
29,0,3,1,0,1
35,0,3,1,0,1
31,0,3,1,0,1
37,0,3,1,0,1
68,0,3,1,0,1
28,0,3,1,0,1
27,0,3,1,0,1
34,0,3,1,0,1
34,0,3,1,0,1
33,0,3,1,0,1
34,0,3,1,0,1
33,0,3,1,0,1
31,0,3,1,0,1
28,0,3,1,0,1
33,0,3,1,0,1
29,0,3,1,0,1
36,0,3,1,0,1
30,0,3,1,0,1
28,0,3,1,0,1
30,0,3,1,0,1
29,0,3,1,0,1
29,0,3,1,0,1
30,0,3,1,0,1
220,1,2,0,0,1
33,0,3,1,0,1
28,0,3,1,0,1
26,0,3,1,0,1
30,0,3,1,0,1
35,0,3,1,0,1
34,0,3,1,0,1
34,0,3,1,0,1
28,0,3,1,0,1
27,0,3,1,0,1
27,0,3,1,0,1
29,0,3,1,0,1
32,0,3,1,0,1
31,0,3,1,0,1
34,0,3,1,0,1
27,0,3,1,0,1
31,0,3,1,0,1
29,0,3,1,0,1
33,0,3,1,0,1
35,0,3,1,0,1
33,0,3,1,0,1
64,1,3,1,0,1
30,0,3,1,0,1
33,0,3,1,0,1
28,0,3,1,0,1
29,0,3,1,0,1
33,0,3,1,0,1
30,0,3,1,0,1
28,0,3,1,0,1
44,1,1,0,0,1
64,1,3,1,0,1
29,0,3,1,0,1
32,0,3,1,0,1
28,0,3,1,0,1
27,0,3,1,0,1
34,0,3,1,0,1
29,0,3,1,0,1
79,1,2,0,0,1
41,0,3,1,0,1
35,0,3,1,0,1
34,0,3,1,0,1
28,0,3,1,0,1
28,0,3,1,0,1
31,0,3,1,0,1
28,0,3,1,0,1
32,0,3,1,0,1
26,0,3,1,0,1
30,0,3,1,0,1
33,0,3,1,0,1
27,0,3,1,0,1
34,0,3,1,0,1
29,1,1,0,0,1
28,0,3,1,0,1
36,0,2,0,0,1
27,0,3,1,0,1
34,0,3,1,0,1
29,0,3,1,0,1
35,0,3,1,0,1
31,0,3,1,0,1
49,0,2,0,0,1
50,1,1,0,0,1
30,0,3,1,0,1
34,0,3,1,0,1
33,0,3,1,0,1
34,0,3,1,0,1
38,0,3,1,0,1
34,0,3,1,0,1
29,0,3,1,0,1
28,0,3,1,0,1
44,1,3,1,0,1
35,0,3,1,0,1
33,0,3,1,0,1
29,0,3,1,0,1
27,0,3,1,0,1
124,1,2,0,0,1
33,0,3,1,0,1
36,1,3,1,0,1
29,0,3,1,0,1
29,0,3,1,0,1
27,0,3,1,0,1
33,0,3,1,0,1
28,0,3,1,0,1
29,0,3,1,0,1
21,0,3,1,0,1
34,0,3,1,0,1
28,0,3,1,0,1
71,0,3,1,0,1
29,0,3,1,0,1
28,0,3,1,0,1
28,0,3,1,0,1
29,0,3,1,0,1
25,0,3,1,0,1
33,0,3,1,0,1
31,0,2,0,0,1
33,0,3,1,0,1
33,0,3,1,0,1
33,0,3,1,0,1
26,0,3,1,0,1
32,0,3,1,0,1
26,0,3,1,0,1
28,0,3,1,0,1
30,0,2,0,0,1
68,0,3,1,0,1
27,0,3,1,0,1
30,0,3,1,0,1
27,0,3,1,0,1
32,0,3,1,0,1
33,0,3,1,0,1
30,0,3,1,0,1
30,0,3,1,0,1
33,0,3,1,0,1
46,1,2,0,0,1
30,0,3,1,0,1
33,0,3,1,0,1
32,0,3,1,0,1
28,0,3,1,0,1
32,0,3,1,0,1
28,0,3,1,0,1
29,0,3,1,0,1
28,0,3,1,0,1
34,0,3,1,0,1
33,0,3,1,0,1
26,0,3,1,0,1
29,0,3,1,0,1
29,0,3,1,0,1
34,0,3,1,0,1
34,0,3,1,0,1
33,0,3,1,0,1
46,1,1,0,0,1
34,0,3,1,0,1
31,0,3,1,0,1
28,0,3,1,0,1
31,0,3,1,0,1
29,0,3,1,0,1
33,0,3,1,0,1
29,0,3,1,0,1
68,0,3,1,0,1
32,0,3,1,0,1
28,0,3,1,0,1
33,0,3,1,0,1
42,0,3,1,0,1
42,0,3,1,0,1
30,0,3,1,0,1
34,0,3,1,0,1
46,0,3,1,0,1
68,0,3,1,0,1
31,0,3,1,0,1
24,0,3,1,0,1
50,1,1,0,0,1
26,0,3,1,0,1
32,0,3,1,0,1
27,0,3,1,0,1
27,0,3,1,0,1
33,0,3,1,0,1
27,0,1,0,1,1
80,1,2,0,0,1
33,0,3,1,0,1
35,0,3,1,0,1
27,0,3,1,0,1
32,0,3,1,0,1
29,0,3,1,0,1
35,0,3,1,0,1
27,0,3,1,0,1
33,0,3,1,0,1
29,0,3,1,0,1
50,0,3,1,0,1
34,0,3,1,0,1
33,0,3,1,0,1
33,0,3,1,0,1
27,0,3,1,0,1
27,0,3,1,0,1
33,0,3,1,0,1
33,0,3,1,0,1
33,0,3,1,0,1
27,0,3,1,0,1
37,1,3,0,1,1
34,0,3,1,0,1
28,0,3,1,0,1
36,1,1,0,0,1
30,0,3,1,0,1
33,0,3,1,0,1
27,0,3,1,0,1
18,0,1,0,0,1
28,0,3,1,0,1
31,0,3,1,0,1
33,0,3,1,0,1
29,0,3,1,0,1
33,0,3,1,0,1
30,0,3,1,0,1
33,0,3,1,0,1
28,0,3,1,0,1
28,0,3,1,0,1
31,0,2,0,0,1
34,0,3,1,0,1
27,0,3,1,0,1
33,0,3,1,0,1
28,0,3,1,0,1
36,0,2,0,0,1
33,0,3,1,0,1
38,0,2,0,0,1
32,0,3,1,0,1
32,0,3,1,0,1
53,1,1,0,0,1
29,0,3,1,0,1
64,0,3,1,0,1
29,0,3,1,0,1
67,0,3,1,0,1
26,0,3,1,0,1
34,0,3,1,0,1
27,0,3,1,0,1
24,0,3,1,0,1
33,0,3,1,0,1
32,0,3,1,0,1
67,0,3,1,0,1
33,0,3,1,0,1
26,0,3,1,0,1
39,1,1,0,0,1
28,0,3,1,0,1
32,0,3,1,0,1
32,0,3,1,0,1
34,0,3,1,0,1
29,0,3,1,0,1
33,0,3,1,0,1
68,0,3,1,0,1
31,0,3,1,0,1
30,0,3,1,0,1
30,0,3,1,0,1
29,0,3,1,0,1
33,0,3,1,0,1
32,0,3,1,0,1
28,0,3,1,0,1
23,0,3,1,0,1
47,0,3,1,0,1
27,0,3,1,0,1
21,0,3,1,0,1
33,0,3,1,0,1
33,0,3,1,0,1
32,0,3,1,0,1
33,0,3,1,0,1
32,0,3,1,0,1
33,0,3,1,0,1
29,0,3,1,0,1
27,0,3,1,0,1
27,0,3,1,0,1
29,0,3,1,0,1
34,0,3,1,0,1
33,0,3,1,0,1
36,0,3,1,0,1
31,0,3,1,0,1
28,0,3,1,0,1
34,0,3,1,0,1
23,0,3,1,0,1
31,0,3,1,0,1
32,0,3,1,0,1
58,1,2,0,1,1
30,0,3,1,0,1
33,0,3,1,0,1
26,0,3,1,0,1
28,0,3,1,0,1
34,1,2,0,0,1
27,0,3,1,0,1
34,0,3,1,0,1
28,0,3,1,0,1
27,0,3,1,0,1
27,0,3,1,0,1
32,0,3,1,0,1
34,0,3,1,0,1
34,0,3,1,0,1
33,0,3,1,0,1
35,1,2,0,0,1
30,0,3,1,0,1
23,0,3,1,0,1
34,0,3,1,0,1
31,0,3,1,0,1
37,0,3,1,0,1
27,0,3,1,0,1
31,0,3,1,0,1
28,0,3,1,0,1
28,0,3,1,0,1
32,0,3,1,0,1
29,0,3,1,0,1
59,1,3,0,2,1
28,0,3,1,0,1
81,1,2,0,0,1
59,0,2,0,0,1
34,0,3,1,0,1
50,1,2,0,0,1
35,0,3,1,0,1
33,0,3,1,0,1
27,0,3,1,0,1
41,0,2,0,0,1
28,0,3,1,0,1
31,0,2,0,0,1
29,0,3,1,0,1
29,0,3,1,0,1
28,0,3,1,0,1
31,0,3,1,0,1
34,0,3,1,0,1
30,0,3,1,0,1
31,0,3,1,0,1
30,0,3,1,0,1
31,1,1,0,0,1
32,0,3,1,0,1
34,0,3,1,0,1
27,0,3,1,0,1
27,0,3,1,0,1
34,0,3,1,0,1
29,0,3,1,0,1
28,0,3,1,0,1
35,0,1,0,0,1
32,0,3,1,0,1
26,0,3,1,0,1
33,0,3,1,0,1
29,0,3,1,0,1
31,0,3,1,0,1
28,0,3,1,0,1
27,0,3,1,0,1
34,0,3,1,0,1
28,0,3,1,0,1
35,0,3,1,0,1
30,0,3,1,0,1
28,0,3,1,0,1
43,1,3,1,0,1
31,0,3,1,0,1
34,1,1,0,0,1
42,0,3,1,0,1
37,0,2,0,0,1
29,0,3,1,0,1
32,0,3,1,0,1
28,0,3,1,0,1
26,0,3,1,0,1
32,0,3,1,0,1
34,0,3,1,0,1
33,0,3,1,0,1
28,0,3,1,0,1
27,0,3,1,0,1
33,0,3,1,0,1
28,0,3,1,0,1
33,0,3,1,0,1
191,1,2,0,0,1
51,1,1,0,1,1
29,0,3,1,0,1
32,0,3,1,0,1
28,0,3,1,0,1
44,0,2,0,0,1
29,0,3,1,0,1
28,0,3,1,0,1
68,0,3,1,0,1
29,0,3,1,0,1
28,0,3,1,0,1
29,0,3,1,0,1
34,0,3,1,0,1
39,0,3,1,0,1
44,0,3,1,0,1
27,0,3,1,0,1
33,0,3,1,0,1
28,0,3,1,0,1
30,0,3,1,0,1
26,0,3,1,0,1
27,0,3,1,0,1
29,0,3,1,0,1
31,0,3,1,0,1
27,0,3,1,0,1
33,0,3,1,0,1
27,0,3,1,0,1
27,0,3,1,0,1
37,0,3,1,0,1
32,0,3,1,0,1
27,0,3,1,0,1
34,0,3,1,0,1
37,0,3,1,0,1
29,0,3,1,0,1
36,0,2,0,0,1
29,0,3,1,0,1
32,0,3,1,0,1
48,0,3,1,0,1
31,0,3,1,0,1
35,1,1,0,0,1
31,0,3,1,0,1
35,0,3,1,0,1
42,0,3,1,0,1
29,0,3,1,0,1
28,0,3,1,0,1
28,0,3,1,0,1
28,0,3,1,0,1
29,0,3,1,0,1
26,0,3,1,0,1
29,0,3,1,0,1
30,0,3,1,0,1
28,0,3,1,0,1
38,1,1,0,1,1
36,0,3,1,0,1
34,0,3,1,0,1
34,0,3,1,0,1
35,1,1,0,1,1
30,1,1,0,0,1
34,0,3,1,0,1
29,0,3,1,0,1
54,1,2,0,0,1
33,0,3,1,0,1
36,1,1,0,0,1
29,0,3,1,0,1
32,0,3,1,0,1
27,0,3,1,0,1
35,0,2,0,0,1
29,0,3,1,0,1
33,0,3,1,0,1
34,0,3,1,0,1
77,1,2,0,0,1
34,0,3,1,0,1
38,0,3,1,0,1
37,0,3,0,0,1
30,0,3,1,0,1
34,0,3,1,0,1
29,0,3,1,0,1
29,0,3,1,0,1
28,0,3,1,0,1
30,0,3,1,0,1
29,0,3,1,0,1
29,0,3,1,0,1
30,0,1,0,0,1
28,0,3,1,0,1
31,0,3,1,0,1
27,0,3,1,0,1
25,0,3,1,0,1
34,0,3,1,0,1
35,0,3,1,0,1
31,0,3,1,0,1
28,0,3,1,0,1
33,0,3,1,0,1
59,1,3,0,2,1
33,0,3,1,0,1
42,1,1,0,0,1
64,1,3,1,0,1
27,0,3,1,0,1
35,0,3,1,0,1
33,0,3,1,0,1
65,1,2,0,1,1
26,0,3,1,0,1
28,0,3,1,0,1
34,0,3,1,0,1
27,0,3,1,0,1
29,0,3,1,0,1
30,0,3,1,0,1
39,0,2,0,0,1
28,0,3,1,0,1
33,0,3,1,0,1
44,1,1,0,0,1
53,1,3,0,2,1
29,0,3,1,0,1
29,0,3,1,0,1
29,0,3,1,0,1
91,1,2,0,0,1
34,0,3,1,0,1
34,0,3,1,0,1
33,0,3,1,0,1
30,0,3,1,0,1
33,0,3,1,0,1
27,0,3,1,0,1
29,0,3,1,0,1
29,0,3,1,0,1
28,0,3,1,0,1
51,0,3,1,0,1
33,0,3,1,0,1
28,0,2,0,0,1
112,1,2,0,0,1
34,0,3,1,0,1
29,0,3,1,0,1
34,0,3,1,0,1
27,0,3,1,0,1
28,0,3,1,0,1
27,0,3,1,0,1
29,0,3,1,0,1
33,0,3,1,0,1
24,0,3,1,0,1
25,0,3,1,0,1
29,0,3,1,0,1
47,0,3,1,0,1
28,0,3,1,0,1
42,0,3,1,0,1
28,0,3,1,0,1
33,0,3,1,0,1
68,0,3,1,0,1
24,0,1,0,0,1
80,1,2,0,0,1
35,0,3,1,0,1
40,0,1,0,0,1
34,0,3,1,0,1
29,0,3,1,0,1
33,0,3,1,0,1
34,0,3,1,0,1
32,0,3,1,0,1
25,1,3,1,0,1
34,0,3,1,0,1
44,1,2,0,0,1
28,0,3,1,0,1
33,0,3,1,0,1
33,0,3,1,0,1
34,0,3,1,0,1
31,0,3,1,0,1
80,1,2,0,0,1
30,0,3,1,0,1
32,0,3,1,0,1
33,0,3,1,0,1
29,0,3,1,0,1
46,1,1,0,0,1
34,0,3,1,0,1
32,0,3,1,0,1
30,0,3,1,0,1
39,0,3,1,0,1
28,0,3,1,0,1
35,0,3,1,0,1
30,0,3,1,0,1
27,0,3,1,0,1
33,0,3,1,0,1
51,1,3,0,2,1
28,0,3,1,0,1
27,0,3,1,0,1
54,1,3,1,0,1
34,0,3,1,0,1
33,0,3,1,0,1
30,0,3,1,0,1
34,0,3,1,0,1
34,0,3,1,0,1
42,0,3,0,3,1
29,0,2,0,0,1
29,0,3,1,0,1
30,0,3,1,0,1
34,0,3,1,0,1
30,0,3,1,0,1
35,0,2,0,0,1
34,0,3,1,0,1
53,1,1,0,0,1
29,0,3,1,0,1
31,0,3,1,0,1
31,1,2,0,0,1
30,0,3,1,0,1
30,0,3,1,0,1
28,0,3,1,0,1
40,0,3,1,0,1
28,0,3,1,0,1
54,1,1,0,0,1
34,0,3,1,0,1
41,0,1,0,0,1
28,0,3,1,0,1
33,0,3,1,0,1
28,0,3,1,0,1
41,1,2,0,1,1
29,0,3,1,0,1
47,0,3,1,0,1
29,0,3,1,0,1
28,0,3,1,0,1
30,0,3,1,0,1
28,0,3,1,0,1
34,0,3,1,0,1
28,0,3,1,0,1
33,0,3,1,0,1
34,0,3,1,0,1
34,0,3,1,0,1
28,0,3,1,0,1
30,0,3,1,0,1
33,0,3,1,0,1
28,0,3,1,0,1
35,0,3,1,0,1
34,0,3,1,0,1
43,1,1,0,1,1
68,0,3,1,0,1
28,0,3,1,0,1
34,0,3,1,0,1
30,0,3,1,0,1
30,0,3,1,0,1
28,0,3,1,0,1
25,0,3,1,0,1
28,0,3,1,0,1
34,0,3,1,0,1
28,0,3,1,0,1
34,0,3,1,0,1
49,0,3,1,0,1
27,0,3,1,0,1
42,0,3,1,0,1
28,0,3,1,0,1
29,0,3,1,0,1
29,0,3,1,0,1
44,0,3,1,0,1
34,0,3,1,0,1
35,0,3,1,0,1
26,0,3,1,0,1
28,0,3,1,0,1
28,0,3,1,0,1
42,1,1,0,1,1
35,0,3,1,0,1
35,0,3,1,0,1
24,0,3,1,0,1
28,0,3,1,0,1
29,0,3,1,0,1
34,0,3,1,0,1
29,0,3,1,0,1
35,0,3,1,0,1
79,1,2,0,0,1
29,0,3,1,0,1
64,1,3,1,0,1
33,0,3,1,0,1
29,0,3,1,0,1
29,0,3,1,0,1
29,0,3,1,0,1
28,0,3,1,0,1
67,0,3,1,0,1
35,0,3,1,0,1
80,1,2,0,0,1
80,1,2,0,0,1
36,0,3,1,0,1
41,1,1,0,0,1
27,0,3,1,0,1
28,0,3,1,0,1
28,0,3,1,0,1
30,0,3,1,0,1
29,0,3,1,0,1
31,0,3,1,0,1
33,1,1,0,0,1
26,0,3,1,0,1
31,0,3,1,0,1
29,0,3,1,0,1
30,0,3,1,0,1
34,0,3,1,0,1
36,0,2,0,0,1
29,0,3,1,0,1
33,0,3,1,0,1
50,1,2,0,0,1
33,0,3,1,0,1
26,0,3,1,0,1
27,0,3,1,0,1
41,0,3,1,0,1
27,0,3,1,0,1
28,0,3,1,0,1
31,0,3,1,0,1
53,1,1,0,0,1
41,0,3,1,0,1
33,0,3,1,0,1
30,0,3,1,0,1
35,0,3,1,0,1
36,0,3,1,0,1
34,0,3,1,0,1
31,0,3,1,0,1
34,0,3,1,0,1
29,0,3,1,0,1
33,0,3,1,0,1
35,0,3,1,0,1
29,0,3,1,0,1
28,0,3,1,0,1
29,0,3,1,0,1
27,0,3,1,0,1
43,0,3,1,0,1
30,0,3,1,0,1
27,0,3,1,0,1
28,0,3,1,0,1
38,0,3,1,0,1
32,0,3,1,0,1
33,0,3,1,0,1
28,0,1,0,0,1
26,0,3,1,0,1
28,0,3,1,0,1
24,0,3,1,0,1
68,0,3,1,0,1
29,0,3,1,0,1
28,0,3,1,0,1
33,0,3,1,0,1
108,1,1,0,0,1
33,0,3,1,0,1
33,0,3,1,0,1
29,0,3,1,0,1
27,0,3,1,0,1
27,0,3,1,0,1
29,0,3,1,0,1
29,0,3,1,0,1
27,0,3,1,0,1
33,0,3,1,0,1
33,0,3,1,0,1
33,0,3,1,0,1
29,0,3,1,0,1
29,0,3,1,0,1
40,0,3,1,0,1
54,0,3,0,0,1
28,0,3,1,0,1
55,1,1,0,0,1
67,1,2,0,1,1
31,0,3,0,1,1
29,0,3,1,0,1
34,0,3,1,0,1
33,0,3,1,0,1
28,0,3,1,0,1
30,0,3,1,0,1
37,0,2,0,0,1
34,0,3,1,0,1
34,0,3,1,0,1
28,0,3,1,0,1
33,0,3,1,0,1
34,0,3,1,0,1
28,0,3,1,0,1
46,0,2,0,0,1
56,0,3,1,0,1
33,0,3,1,0,1
28,0,3,1,0,1
28,0,3,1,0,1
26,0,3,1,0,1
34,0,3,1,0,1
33,0,3,1,0,1
29,0,3,1,0,1
29,0,3,1,0,1
42,0,3,1,0,1
30,0,3,1,0,1
35,0,3,1,0,1
52,1,1,0,1,1
28,0,3,1,0,1
32,0,3,1,0,1
34,0,3,1,0,1
25,0,3,1,0,1
34,0,3,1,0,1
28,0,3,1,0,1
29,0,3,1,0,1
35,0,3,1,0,1
62,1,2,0,1,1
27,0,3,1,0,1
30,0,3,1,0,1
43,1,3,1,0,1
34,0,3,1,0,1
27,0,3,1,0,1
28,0,3,1,0,1
29,0,3,1,0,1
41,0,3,1,0,1
29,0,3,1,0,1
68,0,3,1,0,1
27,0,3,1,0,1
45,0,3,1,0,1
59,1,3,0,2,1
35,0,3,1,0,1
28,0,3,1,0,1
29,0,3,1,0,1
74,1,1,0,0,1
44,1,3,1,0,1
55,1,1,0,0,1
24,1,3,1,0,1
34,0,3,1,0,1
30,0,3,1,0,1
25,1,2,0,0,1
27,0,3,1,0,1
29,0,3,1,0,1
34,0,3,1,0,1
31,0,3,1,0,1
26,0,1,0,0,1
26,0,3,1,0,1
28,0,2,0,0,1
34,0,3,1,0,1
24,0,3,1,0,1
29,0,3,1,0,1
30,0,3,1,0,1
54,1,3,1,0,1
33,0,3,1,0,1
44,0,2,0,0,1
43,1,2,0,0,1
33,0,3,1,0,1
31,0,3,1,0,1
32,0,3,1,0,1
29,0,3,1,0,1
37,0,3,1,0,1
33,0,3,1,0,1
35,0,3,1,0,1
33,0,3,1,0,1
29,0,3,1,0,1
29,0,3,1,0,1
29,0,3,1,0,1
40,1,2,0,1,1
29,0,3,1,0,1
68,0,3,1,0,1
38,0,3,1,0,1
35,0,3,1,0,1
29,0,3,1,0,1
26,0,3,1,0,1
29,0,3,1,0,1
37,0,3,1,0,1
28,0,3,1,0,1
31,0,3,1,0,1
26,0,3,1,0,1
28,0,3,1,0,1
45,0,3,1,0,1
34,0,3,1,0,1
30,0,3,1,0,1
38,0,3,1,0,1
55,0,3,1,0,1
25,0,3,1,0,1
33,0,3,1,0,1
30,0,3,1,0,1
34,0,3,1,0,1
45,1,1,0,0,1
33,0,3,1,0,1
27,0,3,1,0,1
40,0,2,0,0,1
33,0,3,1,0,1
28,0,3,1,0,1
31,0,3,1,0,1
30,0,3,1,0,1
28,0,3,1,0,1
29,0,3,1,0,1
29,0,3,1,0,1
43,1,2,0,0,1
33,0,3,1,0,1
34,0,3,1,0,1
24,0,3,1,0,1
26,0,3,1,0,1
28,0,3,1,0,1
30,0,3,1,0,1
33,0,3,1,0,1
29,0,3,1,0,1
32,0,3,1,0,1
64,1,3,1,0,1
27,0,3,1,0,1
35,1,1,0,0,1
28,0,3,1,0,1
26,0,3,1,0,1
33,0,3,1,0,1
34,0,3,1,0,1
29,0,3,1,0,1
31,0,3,1,0,1
33,0,3,1,0,1
35,0,3,1,0,1
29,0,3,1,0,1
26,0,3,1,0,1
28,0,3,1,0,1
27,0,3,1,0,1
27,0,3,1,0,1
27,0,3,1,0,1
24,0,3,1,0,1
32,0,3,1,0,1
33,0,3,1,0,1
40,0,3,1,0,1
37,0,3,1,0,1
27,0,3,1,0,1
31,0,3,1,0,1
29,0,3,1,0,1
27,0,3,1,0,1
52,1,1,0,0,1
33,0,3,1,0,1
49,0,2,0,0,1
35,0,3,1,0,1
29,0,3,1,0,1
26,0,3,1,0,1
29,0,3,1,0,1
66,1,2,0,1,1
27,0,3,1,0,1
34,0,3,1,0,1
30,0,3,1,0,1
28,0,3,1,0,1
33,0,3,1,0,1
68,0,3,1,0,1
35,0,3,1,0,1
44,0,3,1,0,1
28,0,3,1,0,1
38,0,3,1,0,1
38,0,3,1,0,1
32,0,3,1,0,1
28,0,3,1,0,1
33,0,2,0,0,1
26,0,3,1,0,1
39,0,3,1,0,1
43,0,2,0,0,1
32,0,3,1,0,1
33,0,3,1,0,1
26,0,3,1,0,1
31,0,3,1,0,1
29,0,3,1,0,1
31,0,3,1,0,1
25,0,3,1,0,1
28,0,3,1,0,1
31,0,3,1,0,1
33,0,3,1,0,1
28,0,3,1,0,1
28,0,3,1,0,1
34,0,3,1,0,1
41,0,3,1,0,1
25,1,2,0,0,1
25,0,3,1,0,1
31,0,3,1,0,1
34,0,3,1,0,1
34,0,3,1,0,1
29,0,3,1,0,1
37,0,3,1,0,1
30,0,3,1,0,1
29,0,3,1,0,1
27,0,3,1,0,1
28,0,3,1,0,1
26,1,2,0,0,1
29,0,3,1,0,1
32,0,3,1,0,1
28,0,2,0,0,1
28,0,3,1,0,1
28,0,3,1,0,1
31,0,3,1,0,1
35,0,3,1,0,1
34,0,3,1,0,1
29,0,3,1,0,1
57,1,1,0,0,1
28,0,3,1,0,1
29,0,3,1,0,1
46,1,1,0,0,1
27,0,3,1,0,1
30,0,3,1,0,1
66,1,2,0,1,1
28,0,3,1,0,1
23,0,3,1,0,1
33,0,3,1,0,1
33,0,3,1,0,1
33,0,2,0,0,1
24,0,3,1,0,1
34,0,3,1,0,1
28,0,3,1,0,1
31,0,3,1,0,1
35,0,3,1,0,1
35,0,3,1,0,1
33,0,3,1,0,1
35,0,3,1,0,1
28,0,3,1,0,1
33,0,3,1,0,1
31,0,3,1,0,1
32,0,2,0,1,1
33,0,3,1,0,1
28,0,3,1,0,1
44,0,3,1,0,1
29,0,3,1,0,1
30,0,3,1,0,1
29,0,3,1,0,1
26,1,2,0,0,1
31,0,3,1,0,1
29,0,3,1,0,1
32,0,3,1,0,1
30,0,3,1,0,1
30,0,3,1,0,1
28,0,3,1,0,1
33,0,3,1,0,1
29,0,3,1,0,1
40,1,2,0,0,1
41,0,3,1,0,1
28,0,3,1,0,1
35,0,3,1,0,1
33,0,3,1,0,1
67,0,3,1,0,1
28,0,3,1,0,1
32,0,3,1,0,1
33,0,3,1,0,1
30,0,3,1,0,1
32,0,3,1,0,1
36,0,3,1,0,1
34,0,3,1,0,1
27,0,3,1,0,1
31,0,3,1,0,1
33,0,3,1,0,1
29,0,3,1,0,1
29,0,3,1,0,1
29,0,3,1,0,1
34,0,3,1,0,1
32,0,3,1,0,1
28,0,3,1,0,1
27,0,3,1,0,1
37,1,1,0,1,1
28,0,3,1,0,1
34,0,3,1,0,1
28,0,3,1,0,1
28,0,3,1,0,1
28,0,3,1,0,1
36,0,1,0,0,1
28,0,3,1,0,1
28,0,3,1,0,1
25,0,3,1,0,1
28,0,3,1,0,1
29,0,3,1,0,1
30,1,1,0,0,1
27,0,3,1,0,1
33,0,3,1,0,1
289,1,1,0,0,1
55,1,3,1,0,1
37,1,1,0,1,1
36,0,3,1,0,1
27,0,3,1,0,1
35,0,3,1,0,1
34,0,3,1,0,1
44,1,1,0,0,1
32,0,3,1,0,1
23,0,1,0,0,1
28,0,3,1,0,1
34,0,3,1,0,1
34,0,3,1,0,1
38,0,3,1,0,1
29,0,3,1,0,1
73,0,3,1,0,1
36,0,3,1,0,1
32,0,3,1,0,1
27,0,3,1,0,1
34,0,3,1,0,1
33,0,3,1,0,1
34,0,3,1,0,1
28,0,3,1,0,1
29,0,3,1,0,1
35,0,3,1,0,1
33,0,3,1,0,1
31,0,3,1,0,1
29,0,3,1,0,1
30,0,3,1,0,1
28,0,3,1,0,1
40,0,3,1,0,1
35,0,3,1,0,1
35,0,3,1,0,1
33,0,3,1,0,1
35,0,3,1,0,1
29,0,3,1,0,1
31,0,3,1,0,1
34,0,3,1,0,1
37,0,2,0,0,1
30,0,3,1,0,1
28,0,3,1,0,1
33,0,3,1,0,1
33,0,3,1,0,1
39,0,3,1,0,1
33,0,3,1,0,1
33,0,3,1,0,1
30,0,3,1,0,1
28,0,3,1,0,1
35,0,3,1,0,1
68,0,3,1,0,1
30,0,3,1,0,1
25,0,3,1,0,1
29,0,3,1,0,1
38,0,3,1,0,1
24,0,1,0,0,1
33,0,3,1,0,1
29,0,3,1,0,1
36,1,2,0,0,1
29,0,3,1,0,1
35,0,3,1,0,1
29,0,3,1,0,1
32,0,3,1,0,1
33,0,3,1,0,1
68,0,3,1,0,1
43,0,3,1,0,1
29,0,3,1,0,1
34,0,3,1,0,1
27,0,3,1,0,1
33,0,3,1,0,1
34,0,3,1,0,1
32,0,3,1,0,1
35,0,3,1,0,1
33,0,3,1,0,1
29,0,3,1,0,1
34,1,3,1,0,1
59,1,2,0,1,1
28,0,3,1,0,1
34,0,3,1,0,1
27,0,3,1,0,1
36,0,3,1,0,1
33,0,3,1,0,1
29,0,3,1,0,1
28,0,3,1,0,1
28,0,3,1,0,1
34,0,3,1,0,1
27,0,3,1,0,1
33,0,3,1,0,1
30,0,3,1,0,1
32,0,3,1,0,1
28,0,3,1,0,1
27,0,3,1,0,1
27,0,3,1,0,1
34,0,3,1,0,1
28,0,3,1,0,1
31,0,3,1,0,1
27,0,3,1,0,1
30,0,3,1,0,1
29,0,3,1,0,1
34,0,3,1,0,1
28,0,3,1,0,1
44,0,2,0,0,1
29,0,3,1,0,1
85,1,1,0,2,1
36,0,3,1,0,1
29,0,3,1,0,1
28,0,3,1,0,1
36,0,3,1,0,1
42,1,2,0,2,1
28,0,3,1,0,1
27,0,3,1,0,1
28,0,3,1,0,1
27,0,3,1,0,1
27,0,3,1,0,1
27,0,3,1,0,1
30,0,3,1,0,1
29,0,3,1,0,1
68,0,3,1,0,1
28,0,3,1,0,1
33,0,3,1,0,1
34,0,3,1,0,1
34,0,3,1,0,1
32,0,3,1,0,1
30,0,3,1,0,1
34,0,3,1,0,1
35,0,3,1,0,1
32,0,3,1,0,1
30,0,3,1,0,1
29,0,3,1,0,1
68,0,3,1,0,1
32,0,3,1,0,1
29,0,3,1,0,1
29,0,3,1,0,1
30,0,3,1,0,1
27,0,3,1,0,1
29,0,3,1,0,1
26,0,3,1,0,1
32,0,3,1,0,1
38,0,3,1,0,1
68,0,3,1,0,1
34,0,3,1,0,1
29,0,3,1,0,1
34,0,3,1,0,1
49,0,2,0,0,1
33,0,3,1,0,1
33,0,3,1,0,1
29,0,3,1,0,1
28,0,3,1,0,1
34,0,3,1,0,1
38,0,3,0,1,1
30,0,3,1,0,1
29,0,3,1,0,1
36,0,3,1,0,1
70,1,2,0,0,1
35,0,3,1,0,1
35,0,3,1,0,1
33,0,3,1,0,1
29,0,3,1,0,1
31,0,3,1,0,1
28,0,3,1,0,1
35,0,3,1,0,1
27,0,3,1,0,1
27,0,3,1,0,1
54,1,2,0,0,1
29,0,3,1,0,1
28,0,3,1,0,1
31,0,3,1,0,1
30,0,3,1,0,1
34,0,3,1,0,1
34,0,3,1,0,1
35,0,3,1,0,1
29,0,3,1,0,1
41,1,1,0,0,1
26,0,3,1,0,1
33,0,3,1,0,1
28,0,3,1,0,1
32,0,3,1,0,1
27,0,3,1,0,1
33,0,3,1,0,1
27,0,3,1,0,1
29,0,3,1,0,1
34,0,3,1,0,1
32,0,3,1,0,1
43,0,2,0,0,1
35,0,3,1,0,1
25,0,3,1,0,1
35,0,3,1,0,1
34,0,3,1,0,1
32,0,3,1,0,1
27,0,3,1,0,1
28,0,3,1,0,1
33,0,3,1,0,1
75,1,2,0,0,1
31,0,3,1,0,1
80,1,2,0,0,1
28,0,3,1,0,1
29,0,3,1,0,1
25,0,3,1,0,1
40,0,3,1,0,1
33,0,3,1,0,1
34,0,3,1,0,1
72,1,2,0,0,1
30,0,3,1,0,1
33,0,3,1,0,1
28,0,3,1,0,1
28,0,3,1,0,1
49,0,2,0,1,1
59,0,2,0,1,1
32,0,3,1,0,1
29,0,3,1,0,1
33,0,3,1,0,1
28,0,3,1,0,1
30,0,3,1,0,1
34,0,3,1,0,1
34,0,3,1,0,1
67,1,2,0,1,1
27,0,3,1,0,1
30,0,3,1,0,1
34,0,3,1,0,1
28,0,3,1,0,1
28,0,3,1,0,1
46,1,1,0,0,1
27,0,3,1,0,1
27,0,3,1,0,1
45,1,1,0,0,1
38,0,3,1,0,1
35,0,3,1,0,1
31,1,2,0,0,1
23,0,3,1,0,1
40,0,3,1,0,1
24,0,3,1,0,1
43,0,2,0,0,1
55,0,3,0,4,1
28,0,3,1,0,1
26,0,3,1,0,1
29,0,3,1,0,1
50,1,1,0,0,1
30,0,3,1,0,1
26,0,3,1,0,1
29,0,3,1,0,1
31,0,3,1,0,1
31,0,3,1,0,1
29,0,3,1,0,1
34,0,3,1,0,1
28,0,3,1,0,1
32,0,3,1,0,1
29,0,3,1,0,1
27,0,3,1,0,1
29,0,3,1,0,1
26,0,3,1,0,1
28,0,3,1,0,1
29,0,3,1,0,1
35,0,3,1,0,1
28,0,3,1,0,1
34,0,3,1,0,1
27,0,3,1,0,1
29,0,3,1,0,1
34,0,3,1,0,1
34,0,3,1,0,1
27,0,3,1,0,1
34,0,3,1,0,1
33,0,3,1,0,1
29,0,3,1,0,1
30,0,3,1,0,1
29,0,3,1,0,1
66,1,2,0,1,1
31,0,3,1,0,1
28,0,3,1,0,1
29,0,3,1,0,1
35,0,3,1,0,1
27,0,3,1,0,1
34,1,1,0,0,1
29,0,3,1,0,1
34,0,3,1,0,1
43,0,3,1,0,1
33,0,3,1,0,1
36,0,3,1,0,1
33,0,3,1,0,1
33,0,3,1,0,1
29,0,3,1,0,1
29,0,3,1,0,1
33,0,3,1,0,1
29,0,3,1,0,1
28,0,3,1,0,1
53,1,3,0,2,1
33,0,3,1,0,1
29,0,3,1,0,1
32,0,3,1,0,1
79,1,2,0,0,1
30,0,3,1,0,1
27,0,3,1,0,1
24,0,3,1,0,1
34,0,3,1,0,1
35,0,3,1,0,1
28,0,3,1,0,1
34,0,3,1,0,1
32,0,3,1,0,1
39,1,1,0,0,1
28,0,3,1,0,1
34,0,3,1,0,1
28,0,3,1,0,1
68,0,3,1,0,1
31,0,3,1,0,1
30,0,3,1,0,1
23,0,3,1,0,1
31,0,3,1,0,1
29,1,2,0,0,1
33,0,3,1,0,1
32,0,3,1,0,1
50,1,2,0,0,1
27,0,3,1,0,1
30,0,3,1,0,1
73,1,2,0,0,1
28,0,3,1,0,1
33,0,3,1,0,1
33,0,3,1,0,1
74,1,2,0,5,1
27,0,3,1,0,1
34,0,3,1,0,1
44,0,2,0,0,1
32,0,3,1,0,1
35,0,3,1,0,1
34,0,3,1,0,1
29,0,3,1,0,1
29,0,3,1,0,1
32,0,3,1,0,1
30,0,3,1,0,1
27,0,3,1,0,1
31,0,3,1,0,1
27,0,3,1,0,1
34,0,3,1,0,1
28,0,3,1,0,1
33,0,3,1,0,1
31,1,1,0,0,1
32,0,3,1,0,1
49,0,3,1,0,1
34,0,3,1,0,1
27,0,3,1,0,1
64,1,3,1,0,1
35,0,3,1,0,1
34,0,3,1,0,1
35,1,2,0,0,1
27,0,3,1,0,1
36,0,3,1,0,1
68,0,3,1,0,1
34,1,1,0,0,1
33,0,3,1,0,1
30,0,3,1,0,1
33,0,3,1,0,1
34,0,3,1,0,1
28,0,3,1,0,1
50,1,1,0,0,1
28,0,3,1,0,1
42,0,2,0,0,1
34,0,3,1,0,1
71,0,3,1,0,1
33,0,3,1,0,1
25,0,3,1,0,1
26,0,3,1,0,1
29,0,3,1,0,1
75,1,3,0,2,1
34,0,3,1,0,1
24,0,3,1,0,1
29,0,3,1,0,1
49,0,2,0,0,1
34,0,3,1,0,1
26,0,3,1,0,1
35,0,3,1,0,1
27,0,3,1,0,1
34,0,3,1,0,1
45,0,3,0,3,1
59,0,3,0,3,1
35,0,3,1,0,1
29,0,3,1,0,1
33,0,3,1,0,1
28,0,3,1,0,1
34,0,3,1,0,1
63,1,2,0,0,1
35,0,3,1,0,1
32,0,3,1,0,1
30,0,3,1,0,1
26,0,3,1,0,1
34,0,3,1,0,1
33,0,3,1,0,1
33,0,3,1,0,1
29,0,3,1,0,1
46,0,3,1,0,1
29,0,3,1,0,1
27,0,3,1,0,1
27,0,3,1,0,1
28,0,3,1,0,1
28,0,3,1,0,1
34,0,3,1,0,1
33,0,3,1,0,1
28,0,3,1,0,1
36,1,2,0,0,1
27,0,3,1,0,1
79,1,2,0,0,1
27,0,3,1,0,1
32,0,3,1,0,1
28,0,3,1,0,1
26,0,3,1,0,1
34,0,3,1,0,1
34,0,3,1,0,1
29,0,3,1,0,1
29,0,3,1,0,1
34,0,3,1,0,1
167,1,2,0,0,1
28,0,3,1,0,1
130,1,2,0,0,1
84,1,2,0,0,1
26,0,3,1,0,1
29,0,3,1,0,1
25,0,3,1,0,1
64,1,3,1,0,1
29,0,3,1,0,1
28,0,3,1,0,1
46,1,1,0,0,1
34,0,3,1,0,1
32,0,3,1,0,1
39,1,1,0,0,1
29,0,3,1,0,1
36,0,3,1,0,1
34,0,3,1,0,1
30,0,3,1,0,1
42,0,3,0,3,1
60,1,3,1,0,1
30,0,3,1,0,1
33,0,3,1,0,1
38,1,1,0,0,1
30,0,3,1,0,1
31,0,3,1,0,1
29,0,3,1,0,1
27,0,3,1,0,1
32,0,3,1,0,1
35,0,3,1,0,1
44,0,2,0,0,1
29,0,3,1,0,1
33,0,3,1,0,1
33,0,3,1,0,1
28,0,3,1,0,1
35,0,3,1,0,1
27,0,3,1,0,1
33,0,3,1,0,1
28,0,3,1,0,1
33,0,3,1,0,1
29,0,3,1,0,1
27,0,3,1,0,1
32,0,3,1,0,1
27,0,3,1,0,1
32,0,3,1,0,1
30,0,3,1,0,1
34,0,3,1,0,1
32,0,3,1,0,1
34,0,3,1,0,1
43,0,3,1,0,1
33,0,3,1,0,1
28,0,3,1,0,1
27,0,3,1,0,1
28,0,3,1,0,1
31,0,3,1,0,1
33,0,3,1,0,1
27,0,3,1,0,1
30,0,3,1,0,1
32,0,3,1,0,1
34,0,3,1,0,1
34,0,3,1,0,1
29,0,3,1,0,1
33,0,3,1,0,1
32,0,3,1,0,1
28,0,3,1,0,1
26,0,3,1,0,1
27,0,3,1,0,1
34,0,3,1,0,1
44,0,3,1,0,1
33,0,3,1,0,1
33,0,3,1,0,1
80,1,2,0,0,1
29,0,3,1,0,1
34,0,3,1,0,1
55,1,1,0,0,1
46,0,3,1,0,1
28,0,3,1,0,1
35,0,3,1,0,1
28,0,3,1,0,1
30,0,3,1,0,1
29,0,3,1,0,1
34,0,3,1,0,1
68,0,3,1,0,1
56,1,2,0,0,1
27,0,3,1,0,1
30,0,3,1,0,1
30,1,1,0,0,1
44,1,3,1,0,1
28,0,3,1,0,1
27,0,3,1,0,1
32,0,3,1,0,1
32,0,3,1,0,1
24,0,3,1,0,1
29,0,3,1,0,1
35,0,3,1,0,1
33,0,3,1,0,1
33,0,3,1,0,1
33,0,3,1,0,1
29,0,3,1,0,1
35,0,3,1,0,1
27,0,3,1,0,1
28,0,3,1,0,1
32,0,3,1,0,1
34,0,3,1,0,1
33,0,3,1,0,1
27,1,2,0,0,1
46,1,2,0,0,1
28,0,3,1,0,1
27,0,3,1,0,1
70,0,3,1,0,1
64,1,3,1,0,1
33,0,3,1,0,1
34,1,3,1,0,1
29,0,3,1,0,1
29,0,3,1,0,1
27,0,3,1,0,1
108,1,2,0,0,1
26,0,3,1,0,1
28,0,3,1,0,1
44,0,3,1,0,1
34,0,3,1,0,1
30,0,3,1,0,1
35,0,3,1,0,1
33,0,3,1,0,1
32,0,3,1,0,1
35,0,3,1,0,1
42,1,2,0,2,1
29,0,3,1,0,1
28,0,3,1,0,1
25,0,3,1,0,1
46,0,2,0,0,1
30,0,3,1,0,1
31,0,3,1,0,1
30,0,3,1,0,1
33,0,3,1,0,1
28,0,3,1,0,1
51,0,3,1,0,1
35,0,3,1,0,1
27,0,3,1,0,1
26,0,3,1,0,1
30,0,2,0,0,1
28,0,3,1,0,1
29,0,3,1,0,1
31,0,3,1,0,1
32,0,3,1,0,1
34,0,3,1,0,1
35,0,3,1,0,1
29,0,3,1,0,1
27,0,3,1,0,1
34,0,3,1,0,1
36,0,3,1,0,1
30,0,3,1,0,1
29,0,3,1,0,1
27,0,3,1,0,1
34,0,3,1,0,1
43,1,1,0,0,1
33,0,3,1,0,1
101,1,2,0,0,1
47,0,3,1,0,1
68,0,3,1,0,1
28,0,3,1,0,1
28,0,3,1,0,1
26,0,3,1,0,1
26,0,3,1,0,1
29,0,3,1,0,1
34,0,3,1,0,1
34,0,3,1,0,1
27,0,3,1,0,1
32,0,3,1,0,1
33,0,3,1,0,1
30,0,3,1,0,1
33,0,3,1,0,1
45,0,3,0,1,1
27,0,3,1,0,1
28,0,3,1,0,1
35,0,3,1,0,1
31,0,3,1,0,1
34,0,3,1,0,1
29,0,3,1,0,1
85,1,1,0,2,1
38,0,3,1,0,1
26,1,3,1,0,1
29,0,3,1,0,1
27,0,3,1,0,1
36,0,2,0,0,1
28,0,3,1,0,1
28,0,3,1,0,1
29,0,3,1,0,1
32,0,3,1,0,1
34,0,3,1,0,1
34,0,3,1,0,1
42,0,3,1,0,1
33,0,3,1,0,1
27,0,3,1,0,1
43,0,3,1,0,1
34,0,3,1,0,1
29,0,3,1,0,1
32,0,3,1,0,1
36,0,1,0,0,1
22,0,3,1,0,1
35,0,3,1,0,1
31,0,3,1,0,1
51,1,1,0,0,1
34,0,3,1,0,1
33,1,1,0,0,1
27,0,3,1,0,1
29,0,3,1,0,1
30,0,3,1,0,1
37,0,3,1,0,1
34,0,3,1,0,1
27,0,3,1,0,1
32,0,3,1,0,1
34,0,3,1,0,1
30,0,3,1,0,1
29,0,3,1,0,1
29,0,3,1,0,1
31,0,3,1,0,1
29,0,3,1,0,1
44,0,3,1,0,1
51,0,3,1,0,1
30,0,3,1,0,1
32,1,1,0,0,1
88,1,2,0,1,1
33,0,3,1,0,1
26,0,3,1,0,1
45,1,2,0,0,1
30,0,3,1,0,1
33,0,3,1,0,1
41,0,3,1,0,1
35,0,3,1,0,1
29,0,3,1,0,1
55,1,3,1,0,1
68,0,3,1,0,1
28,0,3,1,0,1
30,0,3,1,0,1
28,0,3,1,0,1
36,0,3,1,0,1
29,0,3,1,0,1
35,0,3,1,0,1
24,0,3,1,0,1
35,0,3,1,0,1
68,0,3,1,0,1
34,0,3,1,0,1
38,0,2,0,0,1
30,0,3,1,0,1
34,0,3,1,0,1
32,0,3,1,0,1
34,0,3,1,0,1
28,0,3,1,0,1
33,0,3,1,0,1
35,0,3,1,0,1
26,0,3,1,0,1
26,0,3,1,0,1
30,0,3,1,0,1
28,0,3,1,0,1
28,0,3,1,0,1
34,0,3,1,0,1
37,0,2,0,0,1
28,0,3,1,0,1
42,0,3,0,0,1
34,0,3,1,0,1
34,0,3,1,0,1
29,0,3,1,0,1
32,0,2,0,0,1
54,1,1,0,0,1
28,0,3,1,0,1
39,0,3,1,0,1
55,0,3,0,4,1
32,0,3,1,0,1
28,0,3,1,0,1
29,0,3,1,0,1
30,0,3,1,0,1
33,0,3,1,0,1
27,0,3,1,0,1
26,0,3,1,0,1
27,0,3,1,0,1
34,0,3,1,0,1
31,0,3,1,0,1
34,0,2,0,0,1
35,0,3,1,0,1
31,1,1,0,0,1
30,0,3,1,0,1
29,0,3,1,0,1
34,0,3,1,0,1
34,0,3,1,0,1
44,1,3,0,2,1
31,0,3,1,0,1
34,0,3,1,0,1
76,1,1,0,0,1
29,1,1,0,0,1
39,0,1,0,2,1
32,0,3,1,0,1
44,0,3,1,0,1
42,1,1,0,1,1
37,0,3,1,0,1
29,0,3,1,0,1
27,0,3,1,0,1
29,0,3,1,0,1
49,0,3,1,0,1
30,0,3,1,0,1
34,0,3,1,0,1
33,0,3,1,0,1
28,0,3,1,0,1
28,0,3,1,0,1
27,0,3,1,0,1
27,0,3,1,0,1
34,0,3,1,0,1
30,0,3,1,0,1
27,0,3,1,0,1
80,1,2,0,0,1
53,1,1,0,0,1
28,0,3,1,0,1
27,0,3,1,0,1
32,0,3,1,0,1
34,0,3,1,0,1
33,0,3,1,0,1
28,0,3,1,0,1
30,0,3,1,0,1
34,0,3,1,0,1
32,0,3,1,0,1
28,0,3,1,0,1
37,0,3,1,0,1
32,0,3,1,0,1
34,0,3,1,0,1
32,0,3,1,0,1
33,0,3,1,0,1
33,0,3,1,0,1
34,0,3,1,0,1
34,0,3,1,0,1
34,0,3,1,0,1
29,0,3,1,0,1
34,0,3,1,0,1
28,0,3,1,0,1
27,0,3,1,0,1
28,0,3,1,0,1
27,0,3,1,0,1
31,0,3,1,0,1
28,0,3,1,0,1
27,0,3,1,0,1
32,0,3,1,0,1
29,0,3,1,0,1
34,0,3,1,0,1
28,0,3,1,0,1
27,0,3,1,0,1
29,0,3,1,0,1
37,1,2,0,0,1
34,0,3,1,0,1
27,0,3,1,0,1
30,0,3,1,0,1
36,0,3,1,0,1
30,0,3,1,0,1
80,1,2,0,0,1
28,0,3,1,0,1
32,0,3,1,0,1
29,0,3,1,0,1
34,0,3,1,0,1
35,0,3,1,0,1
34,1,3,1,0,1
32,0,3,1,0,1
28,0,3,1,0,1
33,0,3,1,0,1
40,0,3,1,0,1
24,0,3,1,0,1
29,0,3,1,0,1
29,0,3,1,0,1
30,0,3,1,0,1
31,0,3,1,0,1
29,0,3,1,0,1
27,0,3,1,0,1
27,0,3,1,0,1
35,0,3,1,0,1
29,0,3,1,0,1
35,0,3,1,0,1
52,1,1,0,0,1
64,1,3,1,0,1
45,1,1,0,0,1
33,0,3,1,0,1
35,0,3,1,0,1
32,0,3,1,0,1
81,1,2,0,1,1
34,0,3,1,0,1
35,0,3,1,0,1
47,0,3,1,0,1
29,0,3,1,0,1
34,0,3,1,0,1
31,0,3,1,0,1
30,0,3,1,0,1
28,0,3,1,0,1
30,0,3,1,0,1
27,0,3,1,0,1
27,0,3,1,0,1
24,0,3,1,0,1
35,0,3,1,0,1
27,0,3,1,0,1
29,0,3,1,0,1
64,1,3,1,0,1
30,0,3,1,0,1
31,0,3,1,0,1
29,0,3,1,0,1
32,0,3,1,0,1
33,0,3,1,0,1
29,0,3,1,0,1
28,0,3,1,0,1
62,1,2,0,1,1
33,0,3,1,0,1
29,0,3,1,0,1
36,0,3,1,0,1
27,0,3,1,0,1
32,0,3,1,0,1
66,1,2,0,1,1
30,0,3,1,0,1
33,0,3,1,0,1
33,0,3,1,0,1
29,0,3,1,0,1
31,0,3,1,0,1
38,1,1,0,1,1
27,0,3,1,0,1
27,0,3,1,0,1
26,1,3,1,0,1
25,0,3,1,0,1
32,0,3,1,0,1
33,0,3,1,0,1
31,0,3,1,0,1
28,0,3,1,0,1
32,0,3,1,0,1
35,0,3,1,0,1
29,0,3,1,0,1
33,0,3,1,0,1
30,0,3,1,0,1
44,0,2,0,0,1
30,0,3,1,0,1
27,0,3,1,0,1
28,0,3,1,0,1
26,0,3,1,0,1
31,0,2,0,0,1
34,0,3,1,0,1
31,0,3,1,0,1
31,0,3,1,0,1
29,0,3,1,0,1
33,0,3,1,0,1
34,0,3,1,0,1
35,0,3,1,0,1
35,0,3,1,0,1
33,0,3,1,0,1
30,0,3,1,0,1
34,0,3,1,0,1
26,0,3,1,0,1
32,0,3,1,0,1
36,0,3,1,0,1
28,0,3,1,0,1
35,0,3,1,0,1
27,0,3,1,0,1
30,0,3,1,0,1
68,0,3,1,0,1
29,0,3,1,0,1
28,0,3,1,0,1
29,0,3,1,0,1
34,0,3,1,0,1
30,0,3,1,0,1
64,1,3,1,0,1
46,1,2,0,0,1
28,0,3,1,0,1
30,0,3,1,0,1
31,0,3,1,0,1
33,0,3,1,0,1
27,0,3,1,0,1
26,1,1,0,0,1
29,0,3,1,0,1
38,0,2,0,0,1
31,0,3,1,0,1
33,0,3,1,0,1
37,0,3,1,0,1
29,0,3,1,0,1
25,0,3,1,0,1
29,0,3,1,0,1
30,0,3,1,0,1
68,0,3,1,0,1
33,0,3,1,0,1
35,0,3,1,0,1
28,0,3,1,0,1
24,0,3,1,0,1
25,0,3,1,0,1
36,1,3,0,1,1
28,0,3,1,0,1
31,0,3,1,0,1
24,0,3,1,0,1
29,0,3,1,0,1
35,1,2,0,0,1
27,0,3,1,0,1
28,0,3,1,0,1
32,0,3,1,0,1
27,0,3,1,0,1
29,0,3,1,0,1
27,0,3,1,0,1
31,0,3,1,0,1
30,0,3,1,0,1
28,0,3,1,0,1
34,0,3,1,0,1
27,0,3,1,0,1
32,0,3,1,0,1
29,0,3,1,0,1
37,0,3,1,0,1
34,0,3,1,0,1
64,1,3,1,0,1
29,0,3,1,0,1
32,0,3,1,0,1
29,0,3,1,0,1
35,0,3,1,0,1
35,0,3,1,0,1
26,0,3,1,0,1
34,0,3,1,0,1
47,1,2,0,3,1
29,0,3,1,0,1
28,0,3,1,0,1
28,0,3,1,0,1
33,0,3,1,0,1
34,0,3,1,0,1
29,0,3,1,0,1
32,0,3,1,0,1
34,0,3,1,0,1
33,0,3,1,0,1
29,0,3,1,0,1
44,0,3,1,0,1
49,0,3,1,0,1
64,1,3,1,0,1
36,0,3,1,0,1
26,0,3,1,0,1
33,0,3,1,0,1
73,1,1,0,0,1
80,1,2,0,0,1
27,0,3,1,0,1
31,0,3,1,0,1
28,0,3,1,0,1
26,0,3,1,0,1
26,0,3,1,0,1
67,0,3,1,0,1
30,0,3,1,0,1
34,0,3,1,0,1
28,0,3,1,0,1
23,0,3,1,0,1
26,0,3,1,0,1
36,0,3,1,0,1
34,0,3,1,0,1
26,0,3,1,0,1
34,0,3,1,0,1
28,0,3,1,0,1
34,0,3,1,0,1
28,0,3,1,0,1
25,0,3,1,0,1
25,0,3,1,0,1
28,0,3,1,0,1
30,0,3,1,0,1
33,0,3,1,0,1
30,0,3,1,0,1
32,0,3,1,0,1
29,0,3,1,0,1
34,0,3,1,0,1
29,0,3,1,0,1
29,0,3,1,0,1
31,0,3,1,0,1
29,0,3,1,0,1
33,0,3,1,0,1
29,0,3,1,0,1
29,0,3,1,0,1
33,0,3,1,0,1
29,0,3,1,0,1
32,0,3,1,0,1
49,0,3,1,0,1
31,0,3,1,0,1
35,0,3,1,0,1
34,0,3,1,0,1
34,0,3,1,0,1
29,0,3,1,0,1
27,0,3,1,0,1
32,0,3,1,0,1
30,0,3,1,0,1
29,0,3,1,0,1
37,0,3,1,0,1
35,0,3,1,0,1
30,0,3,1,0,1
28,0,3,1,0,1
29,0,3,1,0,1
27,0,3,1,0,1
34,0,3,1,0,1
29,0,3,1,0,1
28,0,3,1,0,1
28,0,3,1,0,1
32,0,1,0,1,1
66,1,2,0,1,1
64,1,3,1,0,1
29,0,3,1,0,1
28,0,3,1,0,1
71,0,7,0,1,1
34,0,3,1,0,1
33,0,3,1,0,1
50,1,1,0,0,1
33,0,3,1,0,1
30,0,3,1,0,1
64,1,3,1,0,1
28,0,3,1,0,1
35,0,3,1,0,1
35,0,3,1,0,1
33,0,3,1,0,1
27,0,3,1,0,1
34,0,3,1,0,1
38,0,3,1,0,1
31,0,3,1,0,1
53,1,1,0,0,1
31,0,3,1,0,1
30,0,3,1,0,1
32,0,3,1,0,1
34,0,3,1,0,1
29,0,3,1,0,1
31,0,3,1,0,1
38,0,3,1,0,1
24,0,3,1,0,1
33,0,3,1,0,1
27,0,3,1,0,1
27,0,3,1,0,1
29,0,3,1,0,1
28,0,3,1,0,1
29,0,3,1,0,1
29,0,3,1,0,1
27,0,3,1,0,1
35,0,3,1,0,1
27,0,3,1,0,1
27,0,3,1,0,1
29,0,3,1,0,1
34,0,3,1,0,1
27,0,3,1,0,1
29,0,3,1,0,1
34,0,3,1,0,1
28,0,3,1,0,1
29,0,3,1,0,1
29,0,3,1,0,1
36,1,1,0,0,1
32,0,3,1,0,1
33,0,3,1,0,1
29,0,3,1,0,1
27,0,3,1,0,1
33,0,3,1,0,1
30,0,3,1,0,1
30,0,3,1,0,1
30,0,3,1,0,1
27,0,3,1,0,1
28,0,3,1,0,1
28,0,3,1,0,1
33,0,2,0,0,1
35,0,3,1,0,1
34,0,3,1,0,1
33,0,3,1,0,1
70,1,2,0,1,1
32,0,3,1,0,1
29,0,3,1,0,1
71,0,3,1,0,1
46,1,1,0,0,1
78,0,3,1,0,1
28,0,3,1,0,1
28,0,3,1,0,1
33,0,3,1,0,1
35,0,3,1,0,1
29,0,3,1,0,1
64,1,3,1,0,1
27,0,3,1,0,1
130,1,2,0,1,1
68,0,3,1,0,1
41,0,3,1,0,1
28,0,3,1,0,1
29,0,3,1,0,1
41,0,3,1,0,1
35,0,3,1,0,1
34,0,3,1,0,1
30,0,3,1,0,1
26,0,3,1,0,1
33,0,3,1,0,1
33,0,3,1,0,1
30,0,3,1,0,1
35,0,3,1,0,1
26,0,3,1,0,1
33,0,3,1,0,1
39,0,3,1,0,1
35,0,3,1,0,1
30,0,3,1,0,1
38,0,2,0,0,1
29,0,3,1,0,1
54,0,3,1,0,1
49,0,3,1,0,1
34,0,2,0,0,1
29,0,3,1,0,1
26,0,3,1,0,1
34,0,3,1,0,1
27,0,3,1,0,1
28,0,3,1,0,1
32,0,3,1,0,1
68,0,3,1,0,1
29,0,3,1,0,1
32,0,3,1,0,1
32,0,3,1,0,1
27,0,3,1,0,1
52,0,3,1,0,1
33,0,3,1,0,1
27,0,3,1,0,1
35,0,3,1,0,1
50,1,1,0,0,1
24,0,3,1,0,1
41,0,3,1,0,1
42,1,4,0,0,1
34,0,3,1,0,1
32,0,3,1,0,1
45,1,2,0,0,1
27,0,3,1,0,1
35,0,3,1,0,1
30,0,3,1,0,1
33,0,3,1,0,1
32,0,3,1,0,1
28,0,2,0,0,1
27,0,3,1,0,1
28,0,3,1,0,1
27,0,3,1,0,1
27,0,3,1,0,1
28,0,3,1,0,1
25,0,3,1,0,1
35,0,3,1,0,1
29,0,3,1,0,1
39,0,3,1,0,1
27,0,3,1,0,1
27,0,3,1,0,1
33,0,3,1,0,1
26,0,3,1,0,1
50,1,1,0,0,1
27,0,3,1,0,1
32,0,3,1,0,1
67,0,3,1,0,1
33,0,3,1,0,1
38,0,3,1,0,1
28,0,3,1,0,1
27,0,3,1,0,1
27,0,3,1,0,1
35,0,3,1,0,1
29,0,3,1,0,1
35,0,3,1,0,1
27,0,3,1,0,1
34,0,3,1,0,1
33,0,3,1,0,1
57,1,3,1,0,1
27,0,3,1,0,1
34,0,3,1,0,1
28,0,3,1,0,1
30,0,3,1,0,1
38,0,3,1,0,1
30,0,3,1,0,1
27,0,3,1,0,1
67,0,3,1,0,1
28,0,3,1,0,1
35,0,3,1,0,1
28,0,3,1,0,1
33,0,3,1,0,1
29,0,3,1,0,1
34,0,3,1,0,1
33,0,3,1,0,1
28,0,3,1,0,1
33,0,3,1,0,1
45,0,2,0,0,1
29,0,3,1,0,1
28,0,3,1,0,1
30,0,3,1,0,1
31,0,3,1,0,1
28,0,3,1,0,1
56,1,1,0,0,1
36,0,3,1,0,1
27,0,3,1,0,1
27,0,3,1,0,1
33,0,3,1,0,1
29,0,1,0,0,1
34,0,3,1,0,1
35,0,3,1,0,1
27,0,3,1,0,1
34,0,3,1,0,1
30,0,3,1,0,1
39,0,3,1,0,1
27,0,3,1,0,1
30,1,1,0,0,1
36,0,3,1,0,1
121,1,2,0,0,1
35,0,3,1,0,1
35,0,3,1,0,1
36,0,3,1,0,1
25,0,3,1,0,1
31,0,3,1,0,1
34,0,3,1,0,1
37,1,1,0,0,1
34,0,3,1,0,1
34,0,3,1,0,1
26,0,3,1,0,1
41,0,3,0,3,1
34,1,1,0,1,1
49,0,2,0,0,1
29,0,3,1,0,1
26,0,3,1,0,1
29,0,3,1,0,1
24,0,3,1,0,1
33,0,3,1,0,1
28,0,3,1,0,1
29,0,3,1,0,1
26,0,3,1,0,1
29,0,3,1,0,1
66,1,2,0,2,1
32,0,3,1,0,1
32,0,3,1,0,1
59,1,1,0,0,1
25,1,2,0,0,1
34,0,3,1,0,1
184,1,3,0,0,1
28,0,3,1,0,1
29,0,3,1,0,1
34,0,3,1,0,1
27,0,3,1,0,1
29,0,3,1,0,1
28,0,3,1,0,1
27,0,3,1,0,1
86,1,2,0,1,1
64,1,3,1,0,1
29,0,3,1,0,1
28,0,3,1,0,1
33,0,3,1,0,1
51,1,1,0,0,1
35,0,3,1,0,1
29,0,3,1,0,1
19,1,1,0,0,1
32,0,3,1,0,1
31,0,3,1,0,1
28,0,3,1,0,1
33,0,3,1,0,1
53,1,1,0,0,1
28,0,3,1,0,1
28,0,3,1,0,1
33,0,3,1,0,1
27,0,3,1,0,1
28,0,3,1,0,1
59,1,3,0,2,1
55,1,1,0,0,1
35,0,3,1,0,1
67,0,3,1,0,1
33,0,3,1,0,1
29,0,3,1,0,1
52,1,1,0,0,1
38,0,1,0,0,1
34,0,3,1,0,1
27,0,3,1,0,1
33,0,3,1,0,1
39,0,3,1,0,1
38,0,3,1,0,1
29,0,3,1,0,1
49,0,3,1,0,1
27,0,3,1,0,1
30,0,3,1,0,1
49,0,2,0,0,1
28,0,3,1,0,1
27,0,3,1,0,1
30,0,3,1,0,1
33,0,3,1,0,1
34,0,3,1,0,1
35,0,3,1,0,1
26,0,3,1,0,1
28,0,3,1,0,1
33,0,3,1,0,1
29,0,3,1,0,1
28,0,3,1,0,1
46,0,2,0,0,1
28,0,3,1,0,1
28,0,3,1,0,1
30,0,3,1,0,1
32,0,3,1,0,1
59,0,2,0,0,1
30,0,3,1,0,1
28,0,3,1,0,1
74,0,3,1,0,1
46,0,3,1,0,1
29,0,3,1,0,1
36,0,3,1,0,1
36,0,3,1,0,1
30,0,3,1,0,1
29,0,3,1,0,1
38,0,3,1,0,1
35,0,3,1,0,1
34,0,3,1,0,1
32,0,3,1,0,1
28,0,3,1,0,1
28,0,3,1,0,1
31,0,3,1,0,1
28,0,3,1,0,1
33,0,3,1,0,1
34,0,3,1,0,1
42,1,2,0,0,1
29,0,3,1,0,1
29,0,3,1,0,1
31,0,3,1,0,1
29,0,3,1,0,1
35,0,3,1,0,1
29,0,3,1,0,1
50,1,1,0,1,1
27,0,3,1,0,1
31,0,3,1,0,1
34,0,3,1,0,1
67,0,3,1,0,1
28,0,3,1,0,1
29,1,1,0,0,1
27,0,3,1,0,1
34,0,3,1,0,1
35,0,3,1,0,1
34,0,3,1,0,1
33,0,3,1,0,1
35,0,3,1,0,1
35,0,3,1,0,1
89,1,1,0,0,1
33,0,3,1,0,1
33,0,3,1,0,1
28,0,3,1,0,1
33,0,3,1,0,1
28,0,3,1,0,1
24,0,3,1,0,1
109,1,2,0,0,1
30,0,3,1,0,1
28,0,3,1,0,1
46,0,2,0,0,1
26,0,3,1,0,1
40,1,2,0,0,1
59,1,3,0,3,1
30,0,3,1,0,1
29,0,3,1,0,1
31,0,3,1,0,1
48,0,3,1,0,1
32,0,3,1,0,1
33,0,3,1,0,1
28,0,3,1,0,1
29,0,3,1,0,1
31,0,3,1,0,1
29,0,3,1,0,1
34,0,3,1,0,1
27,0,3,1,0,1
30,0,3,1,0,1
37,0,3,0,2,1
32,0,3,1,0,1
27,0,3,1,0,1
46,1,2,0,0,1
35,0,3,1,0,1
112,1,2,0,1,1
28,0,3,1,0,1
28,0,3,1,0,1
43,0,3,1,0,1
29,0,3,1,0,1
28,0,3,1,0,1
33,0,3,1,0,1
18,1,1,0,0,1
34,0,3,1,0,1
32,0,3,1,0,1
34,0,3,1,0,1
34,0,3,1,0,1
29,0,3,1,0,1
35,0,3,1,0,1
33,0,3,1,0,1
33,0,3,1,0,1
29,0,3,1,0,1
29,0,3,1,0,1
26,0,3,1,0,1
33,0,3,1,0,1
30,0,3,1,0,1
30,0,3,1,0,1
36,0,3,1,0,1
29,0,3,1,0,1
33,0,3,1,0,1
35,0,3,1,0,1
31,0,3,1,0,1
29,0,3,1,0,1
32,0,3,1,0,1
45,0,2,0,0,1
30,0,3,1,0,1
28,0,3,1,0,1
32,0,3,1,0,1
30,0,3,1,0,1
33,0,3,1,0,1
28,0,3,1,0,1
30,0,3,1,0,1
31,0,3,1,0,1
32,0,3,1,0,1
33,0,3,1,0,1
29,0,3,1,0,1
32,0,3,1,0,1
30,0,3,1,0,1
33,0,3,1,0,1
36,0,3,1,0,1
29,0,3,1,0,1
64,1,3,1,0,1
30,0,3,1,0,1
27,1,1,0,0,1
29,0,3,1,0,1
29,0,3,1,0,1
25,0,3,1,0,1
32,0,3,1,0,1
30,0,3,1,0,1
33,0,3,1,0,1
46,1,1,0,0,1
29,0,3,1,0,1
30,0,3,1,0,1
33,0,1,0,0,1
38,0,1,0,0,1
33,0,3,1,0,1
34,0,3,1,0,1
33,0,3,1,0,1
23,0,1,0,0,1
28,0,3,1,0,1
34,0,3,1,0,1
28,0,3,1,0,1
20,1,1,0,0,1
29,0,3,1,0,1
36,0,2,0,0,1
35,0,3,1,0,1
30,0,3,1,0,1
29,0,3,1,0,1
28,0,3,1,0,1
30,0,3,1,0,1
24,0,3,1,0,1
28,0,3,1,0,1
28,0,3,1,0,1
31,0,3,1,0,1
40,0,2,0,0,1
35,0,3,1,0,1
28,0,3,1,0,1
32,0,3,1,0,1
31,0,3,1,0,1
28,0,3,1,0,1
36,0,3,1,0,1
38,1,1,0,1,1
33,0,3,1,0,1
27,0,3,1,0,1
33,1,1,0,0,1
34,0,3,1,0,1
28,0,3,1,0,1
32,0,3,1,0,1
27,0,3,1,0,1
29,0,3,1,0,1
30,0,3,1,0,1
29,0,3,1,0,1
33,0,3,1,0,1
32,0,3,1,0,1
29,0,3,1,0,1
36,0,3,1,0,1
36,0,3,1,0,1
30,0,3,1,0,1
49,0,2,0,0,1
76,0,3,1,0,1
34,0,3,1,0,1
32,0,3,1,0,1
25,0,3,1,0,1
41,0,2,0,1,1
27,0,3,1,0,1
24,0,3,1,0,1
29,0,3,1,0,1
35,0,3,1,0,1
33,0,3,1,0,1
30,0,3,1,0,1
30,0,3,1,0,1
35,0,3,1,0,1
31,0,3,1,0,1
51,1,1,0,1,1
27,0,3,1,0,1
34,0,2,0,0,1
70,0,3,1,0,1
27,0,3,1,0,1
34,0,3,1,0,1
36,0,3,1,0,1
29,0,3,1,0,1
33,0,3,1,0,1
39,0,3,1,0,1
29,0,3,1,0,1
22,0,3,1,0,1
52,1,1,0,0,1
33,0,3,1,0,1
34,0,3,1,0,1
33,0,3,1,0,1
30,0,3,1,0,1
27,0,3,1,0,1
29,0,3,1,0,1
29,0,3,1,0,1
34,0,3,1,0,1
34,0,3,1,0,1
28,0,3,1,0,1
59,0,2,0,0,1
90,1,2,0,0,1
33,0,3,1,0,1
31,0,3,1,0,1
30,0,3,1,0,1
33,0,3,1,0,1
30,0,3,1,0,1
29,0,3,1,0,1
40,0,3,1,0,1
34,0,3,1,0,1
34,0,3,1,0,1
34,0,3,1,0,1
47,1,2,0,0,1
21,1,1,0,0,1
36,0,3,1,0,1
28,0,3,1,0,1
33,0,3,1,0,1
30,0,3,1,0,1
29,0,3,1,0,1
50,1,2,0,0,1
30,0,3,1,0,1
31,0,3,1,0,1
28,0,3,1,0,1
25,0,3,1,0,1
28,0,3,1,0,1
28,0,3,1,0,1
32,0,3,1,0,1
28,0,3,1,0,1
26,0,3,1,0,1
29,0,3,1,0,1
49,0,3,1,0,1
56,0,3,1,0,1
34,0,3,1,0,1
63,1,2,0,0,1
34,0,3,1,0,1
29,0,3,1,0,1
26,0,3,1,0,1
34,0,3,1,0,1
28,0,3,1,0,1
27,0,3,1,0,1
29,0,3,1,0,1
23,0,3,1,0,1
54,1,3,0,2,1
35,0,3,1,0,1
27,0,3,1,0,1
30,0,3,1,0,1
33,0,3,1,0,1
34,0,3,1,0,1
27,0,3,1,0,1
28,0,3,1,0,1
27,0,3,1,0,1
28,0,3,1,0,1
59,1,1,0,0,1
32,0,3,1,0,1
35,0,3,1,0,1
33,0,3,1,0,1
34,0,3,1,0,1
36,0,3,1,0,1
30,0,3,1,0,1
28,0,3,1,0,1
28,0,3,1,0,1
24,0,3,1,0,1
28,0,3,1,0,1
34,0,3,1,0,1
28,0,3,1,0,1
44,0,3,1,0,1
35,0,3,1,0,1
30,0,3,1,0,1
32,0,3,1,0,1
27,0,3,1,0,1
43,0,3,1,0,1
29,0,3,1,0,1
29,0,3,1,0,1
28,0,3,1,0,1
36,0,3,1,0,1
33,0,3,1,0,1
33,0,3,1,0,1
46,0,3,1,0,1
30,0,3,1,0,1
36,0,3,1,0,1
61,1,2,0,1,1
29,0,3,1,0,1
29,0,3,1,0,1
47,1,2,0,0,1
25,0,3,1,0,1
29,0,3,1,0,1
29,0,3,1,0,1
29,0,3,1,0,1
29,0,3,1,0,1
28,0,3,1,0,1
33,0,3,1,0,1
30,0,3,1,0,1
34,0,3,1,0,1
28,0,3,1,0,1
34,0,3,1,0,1
37,1,1,0,0,1
34,0,3,1,0,1
30,0,3,1,0,1
28,0,3,1,0,1
33,0,3,1,0,1
49,0,3,1,0,1
28,0,3,1,0,1
38,0,3,1,0,1
27,0,3,1,0,1
34,0,3,1,0,1
29,0,3,1,0,1
33,0,3,1,0,1
28,0,3,1,0,1
29,0,3,1,0,1
28,0,3,1,0,1
29,0,3,1,0,1
29,0,3,1,0,1
29,0,3,1,0,1
33,0,3,1,0,1
27,0,3,1,0,1
26,0,3,1,0,1
29,0,3,1,0,1
29,0,3,1,0,1
37,0,3,1,0,1
54,1,3,1,0,1
28,1,1,0,1,1
33,0,3,1,0,1
33,0,3,1,0,1
30,0,3,1,0,1
35,0,3,1,0,1
35,0,3,1,0,1
27,0,3,1,0,1
30,0,3,1,0,1
30,0,3,1,0,1
30,0,3,1,0,1
32,0,3,1,0,1
32,0,3,1,0,1
34,0,3,1,0,1
43,0,3,1,0,1
28,0,3,1,0,1
32,0,3,1,0,1
34,0,3,1,0,1
45,1,3,1,0,1
33,0,3,1,0,1
31,0,3,1,0,1
30,0,3,1,0,1
27,0,3,1,0,1
31,0,3,1,0,1
33,0,3,1,0,1
29,0,3,1,0,1
31,0,3,1,0,1
30,0,3,1,0,1
34,0,3,1,0,1
28,0,3,1,0,1
28,0,3,1,0,1
29,0,3,1,0,1
29,0,3,1,0,1
49,0,3,1,0,1
33,0,3,1,0,1
27,0,3,1,0,1
42,1,1,0,0,1
29,0,3,1,0,1
35,0,3,1,0,1
27,0,3,1,0,1
31,0,3,1,0,1
68,0,3,1,0,1
29,0,3,1,0,1
34,0,3,1,0,1
40,0,3,1,0,1
28,0,3,1,0,1
29,0,3,1,0,1
30,0,3,1,0,1
36,1,2,0,2,1
44,0,3,1,0,1
85,1,1,0,2,1
28,0,3,1,0,1
29,0,3,1,0,1
27,0,3,1,0,1
32,0,3,1,0,1
40,0,3,1,0,1
34,0,3,1,0,1
28,0,3,1,0,1
28,0,3,1,0,1
29,0,3,1,0,1
24,0,3,1,0,1
29,0,3,1,0,1
31,0,3,1,0,1
33,0,3,1,0,1
29,0,3,1,0,1
27,0,3,1,0,1
27,0,3,1,0,1
34,0,3,1,0,1
36,0,3,0,1,1
26,0,3,1,0,1
27,0,3,1,0,1
28,0,3,1,0,1
29,0,3,1,0,1
29,0,3,1,0,1
30,0,3,1,0,1
29,0,3,1,0,1
28,0,3,1,0,1
26,1,3,1,0,1
32,0,3,1,0,1
33,0,3,1,0,1
68,0,3,1,0,1
33,0,3,1,0,1
28,0,3,1,0,1
85,1,1,0,2,1
28,0,3,1,0,1
50,0,3,1,0,1
51,1,2,0,0,1
35,0,3,1,0,1
34,0,3,1,0,1
33,0,3,1,0,1
39,0,2,0,0,1
52,1,3,1,0,1
32,0,3,1,0,1
28,0,3,1,0,1
63,1,1,0,0,1
30,0,3,1,0,1
34,0,3,1,0,1
34,0,3,1,0,1
66,1,2,0,1,1
68,0,3,1,0,1
32,0,3,1,0,1
32,0,3,1,0,1
27,0,3,1,0,1
33,0,3,1,0,1
29,0,3,1,0,1
33,0,3,1,0,1
29,0,3,1,0,1
36,0,3,1,0,1
29,0,3,1,0,1
32,0,3,1,0,1
34,0,3,1,0,1
29,0,3,1,0,1
33,0,3,1,0,1
30,0,3,1,0,1
154,1,3,0,0,1
25,0,3,1,0,1
29,0,3,1,0,1
28,0,3,1,0,1
29,0,3,1,0,1
29,0,3,1,0,1
36,0,3,1,0,1
33,0,3,1,0,1
33,0,3,1,0,1
28,0,3,1,0,1
30,0,3,1,0,1
33,0,3,1,0,1
28,0,3,1,0,1
29,0,3,1,0,1
33,0,3,1,0,1
28,0,3,1,0,1
33,0,3,1,0,1
64,1,3,1,0,1
35,0,3,1,0,1
29,0,3,1,0,1
36,0,3,1,0,1
29,0,3,1,0,1
30,0,1,0,0,1
32,0,3,1,0,1
28,0,3,1,0,1
29,0,3,1,0,1
38,0,1,0,0,1
29,0,1,0,0,1
25,0,3,1,0,1
58,1,1,0,0,1
29,0,3,1,0,1
38,1,2,0,0,1
25,0,3,1,0,1
25,0,3,1,0,1
52,1,1,0,0,1
43,0,3,1,0,1
27,0,3,1,0,1
48,0,2,0,4,1
28,0,3,1,0,1
49,1,1,0,0,1
31,0,3,1,0,1
28,0,3,1,0,1
29,0,3,1,0,1
28,0,3,1,0,1
29,0,3,1,0,1
31,0,3,1,0,1
34,1,1,0,0,1
27,0,3,1,0,1
27,0,3,1,0,1
34,0,3,1,0,1
31,0,3,1,0,1
28,0,3,1,0,1
68,0,3,1,0,1
28,1,3,1,0,1
27,0,3,1,0,1
33,0,3,1,0,1
29,0,3,1,0,1
28,0,3,1,0,1
29,0,3,1,0,1
32,0,3,1,0,1
29,0,3,1,0,1
27,0,3,1,0,1
32,0,3,1,0,1
34,0,3,1,0,1
26,1,1,0,0,1
27,0,3,1,0,1
25,1,3,1,0,1
67,0,3,1,0,1
33,0,3,1,0,1
25,0,3,1,0,1
29,0,3,1,0,1
33,0,3,1,0,1
31,0,1,0,0,1
56,1,2,0,0,1
26,0,3,1,0,1
30,0,3,1,0,1
28,0,3,1,0,1
28,0,3,1,0,1
37,0,3,1,0,1
34,0,3,1,0,1
29,0,3,1,0,1
32,0,3,1,0,1
29,0,3,1,0,1
29,0,3,1,0,1
27,0,3,1,0,1
28,0,3,1,0,1
33,0,3,1,0,1
33,0,3,1,0,1
32,0,3,1,0,1
27,0,3,1,0,1
68,0,3,1,0,1
29,0,3,1,0,1
38,0,1,0,1,1
34,0,3,1,0,1
112,1,2,0,0,1
33,0,3,1,0,1
28,0,3,1,0,1
38,0,3,1,0,1
33,0,3,1,0,1
34,0,3,1,0,1
31,0,3,1,0,1
37,0,3,1,0,1
32,0,3,1,0,1
34,0,3,1,0,1
29,0,3,1,0,1
27,0,3,1,0,1
59,1,3,0,2,1
29,0,3,1,0,1
33,0,3,1,0,1
31,0,3,1,0,1
35,0,3,1,0,1
28,0,2,0,0,1
29,0,3,1,0,1
50,1,3,0,1,1
56,1,3,1,0,1
34,0,3,1,0,1
26,0,3,1,0,1
31,0,3,1,0,1
28,0,3,1,0,1
29,0,3,1,0,1
27,0,3,1,0,1
27,0,3,1,0,1
34,0,3,1,0,1
34,0,3,1,0,1
28,0,3,1,0,1
22,1,1,0,0,1
30,0,3,1,0,1
26,0,3,1,0,1
37,0,3,1,0,1
32,0,3,1,0,1
30,0,3,1,0,1
34,0,3,1,0,1
35,0,3,1,0,1
34,0,3,1,0,1
30,0,3,1,0,1
30,0,3,1,0,1
30,0,3,1,0,1
29,0,3,1,0,1
33,0,3,1,0,1
28,0,3,1,0,1
33,0,3,1,0,1
29,0,3,1,0,1
68,0,3,1,0,1
33,0,3,1,0,1
32,0,3,1,0,1
59,1,1,0,0,1
27,0,3,1,0,1
35,0,3,1,0,1
26,0,3,1,0,1
30,0,3,1,0,1
50,1,1,0,0,1
33,0,3,1,0,1
35,0,3,1,0,1
28,0,3,1,0,1
26,0,3,1,0,1
29,0,3,1,0,1
28,0,3,1,0,1
35,0,3,1,0,1
30,0,3,1,0,1
29,0,3,1,0,1
35,0,3,1,0,1
33,0,3,1,0,1
34,0,3,1,0,1
30,0,3,1,0,1
30,0,3,1,0,1
29,0,3,1,0,1
35,0,3,1,0,1
30,0,3,1,0,1
69,1,2,0,0,1
29,0,3,1,0,1
34,0,3,1,0,1
31,0,3,1,0,1
28,0,3,1,0,1
29,0,3,1,0,1
34,0,3,1,0,1
31,0,3,1,0,1
28,0,3,1,0,1
34,0,3,1,0,1
34,0,3,1,0,1
32,0,3,1,0,1
33,0,3,1,0,1
33,0,3,1,0,1
29,0,3,1,0,1
27,0,3,1,0,1
35,0,3,1,0,1
28,0,3,1,0,1
34,0,3,1,0,1
58,1,2,0,1,1
33,0,3,1,0,1
27,0,3,1,0,1
28,0,3,1,0,1
29,0,3,1,0,1
34,0,3,1,0,1
34,0,3,1,0,1
53,1,1,0,0,1
35,0,3,1,0,1
68,0,3,1,0,1
27,0,3,1,0,1
31,0,3,1,0,1
35,0,3,1,0,1
28,0,3,1,0,1
68,0,3,1,0,1
30,0,3,1,0,1
39,0,3,1,0,1
28,0,3,1,0,1
29,0,3,1,0,1
29,0,3,1,0,1
29,1,1,0,1,1
25,0,3,1,0,1
33,0,3,1,0,1
39,0,3,1,0,1
33,0,3,1,0,1
28,0,3,1,0,1
28,0,3,1,0,1
33,0,3,1,0,1
34,0,3,1,0,1
33,0,3,1,0,1
28,0,3,1,0,1
29,0,3,1,0,1
29,0,3,1,0,1
30,0,3,1,0,1
31,0,3,1,0,1
28,0,3,1,0,1
30,0,3,1,0,1
27,0,3,1,0,1
34,0,3,1,0,1
28,0,3,1,0,1
29,0,3,1,0,1
27,0,3,1,0,1
28,0,3,1,0,1
33,0,3,1,0,1
34,0,3,1,0,1
26,0,3,1,0,1
30,0,3,1,0,1
31,0,3,1,0,1
28,0,3,1,0,1
29,0,3,1,0,1
29,0,3,1,0,1
26,0,3,1,0,1
30,0,3,1,0,1
35,0,3,1,0,1
28,0,3,1,0,1
34,0,3,1,0,1
32,0,3,1,0,1
32,0,3,1,0,1
31,0,3,1,0,1
27,0,3,1,0,1
43,0,3,1,0,1
28,0,3,1,0,1
33,0,3,1,0,1
28,0,3,1,0,1
27,0,3,1,0,1
27,0,3,1,0,1
29,0,3,1,0,1
58,1,2,0,1,1
30,0,3,1,0,1
27,0,3,1,0,1
31,0,3,1,0,1
33,0,3,1,0,1
48,0,3,1,0,1
47,0,3,1,0,1
33,0,3,1,0,1
33,0,3,1,0,1
44,0,1,0,1,1
35,0,3,1,0,1
57,0,3,1,0,1
36,0,3,1,0,1
75,1,2,0,0,1
30,0,3,1,0,1
27,0,3,1,0,1
28,0,3,1,0,1
32,0,3,1,0,1
34,0,3,1,0,1
62,1,3,0,2,1
29,0,3,1,0,1
29,0,3,1,0,1
34,0,3,1,0,1
80,1,2,0,0,1
27,0,3,1,0,1
28,0,3,1,0,1
29,0,3,1,0,1
33,0,3,1,0,1
36,0,3,1,0,1
36,0,3,1,0,1
29,0,3,1,0,1
43,0,3,1,0,1
30,0,3,1,0,1
46,0,3,1,0,1
26,0,3,1,0,1
31,0,3,1,0,1
26,0,3,1,0,1
40,0,3,1,0,1
35,0,3,1,0,1
34,0,3,1,0,1
33,0,3,1,0,1
30,0,3,1,0,1
28,0,3,1,0,1
68,0,3,1,0,1
59,1,3,0,2,1
58,1,1,0,0,1
41,0,3,1,0,1
34,0,3,1,0,1
28,0,3,1,0,1
28,0,3,1,0,1
28,0,3,1,0,1
34,0,3,1,0,1
30,0,3,1,0,1
35,0,3,1,0,1
29,0,3,1,0,1
33,0,3,1,0,1
35,0,3,1,0,1
36,0,3,1,0,1
28,0,3,1,0,1
32,0,3,1,0,1
30,0,3,1,0,1
30,1,1,0,0,1
33,0,3,1,0,1
27,0,3,1,0,1
68,0,3,1,0,1
34,0,3,1,0,1
29,0,3,1,0,1
35,0,3,1,0,1
37,1,1,0,1,1
28,0,3,1,0,1
30,0,3,1,0,1
41,0,2,0,0,1
27,0,3,1,0,1
28,0,3,1,0,1
40,0,3,1,0,1
85,1,1,0,2,1
36,0,3,1,0,1
55,0,3,1,0,1
27,0,3,1,0,1
27,0,3,1,0,1
27,0,3,1,0,1
35,0,2,0,0,1
29,0,3,1,0,1
31,0,3,1,0,1
68,0,3,1,0,1
29,0,3,1,0,1
29,0,3,1,0,1
30,0,3,1,0,1
28,0,3,1,0,1
29,0,3,1,0,1
34,1,2,0,1,1
28,0,3,1,0,1
27,0,3,1,0,1
34,0,3,1,0,1
29,0,3,1,0,1
31,0,3,1,0,1
34,0,3,1,0,1
35,0,3,1,0,1
33,0,3,1,0,1
27,0,3,1,0,1
48,1,2,0,0,1
33,0,3,1,0,1
34,0,3,1,0,1
30,0,3,1,0,1
46,0,3,1,0,1
26,0,3,1,0,1
48,1,2,0,2,1
25,0,3,1,0,1
33,0,3,1,0,1
28,1,3,1,0,1
32,0,3,1,0,1
34,0,3,1,0,1
36,0,3,1,0,1
43,1,2,0,0,1
33,0,3,1,0,1
24,0,3,1,0,1
33,0,3,1,0,1
29,0,3,1,0,1
32,0,3,1,0,1
60,1,1,0,0,1
26,0,3,1,0,1
28,0,3,1,0,1
29,0,3,1,0,1
34,0,3,1,0,1
27,0,3,1,0,1
44,1,3,1,0,1
34,0,3,1,0,1
27,0,3,1,0,1
34,0,3,1,0,1
54,1,2,0,0,1
30,0,3,1,0,1
29,0,3,1,0,1
80,1,2,0,0,1
58,0,3,1,0,1
26,0,3,1,0,1
29,0,3,1,0,1
27,0,3,1,0,1
35,0,3,1,0,1
30,0,3,1,0,1
27,0,3,1,0,1
27,0,3,1,0,1
76,1,2,0,1,1
35,1,2,0,0,1
29,0,3,1,0,1
33,0,3,1,0,1
42,0,2,0,1,1
30,0,3,1,0,1
33,0,3,1,0,1
31,1,1,0,0,1
32,0,3,1,0,1
33,0,3,1,0,1
35,1,1,0,0,1
32,0,3,1,0,1
25,0,3,1,0,1
28,0,3,1,0,1
29,0,3,1,0,1
146,1,2,0,0,1
25,0,3,1,0,1
80,1,2,0,0,1
29,0,3,1,0,1
19,1,1,0,0,1
33,0,3,1,0,1
28,0,3,1,0,1
41,0,1,0,0,1
33,0,3,1,0,1
43,0,3,1,0,1
28,0,3,1,0,1
30,0,3,1,0,1
35,0,3,1,0,1
29,0,3,1,0,1
27,0,3,1,0,1
33,0,3,1,0,1
28,0,3,1,0,1
50,1,1,0,0,1
29,0,3,1,0,1
42,0,3,1,0,1
29,0,3,1,0,1
27,0,3,1,0,1
28,0,3,1,0,1
31,0,3,1,0,1
